timestamp,v_pv,i_pv,p_pv,wh_pv_daily,v_bat,i_bat,p_bat,scc_eff,load_status,uptime_sec,esp_temp,free_heap,wifi_rssi,sd_status,lux_val,sunshine_hours_daily
2026-08-31 23:00:00,12.00,0.00,0.00,0.00,12.40,0.00,0.00,90.0,OFF,3218400,31.8,224646,-66,MOUNTED,73.0,0.00
2026-08-31 23:10:00,15.09,0.15,2.26,0.38,12.45,0.16,2.04,90.3,OFF,3219000,31.8,220496,-65,MOUNTED,2517.3,0.00
2026-08-31 23:20:00,15.90,0.39,6.20,1.41,12.54,0.45,5.62,90.7,OFF,3219600,32.3,211115,-67,MOUNTED,6499.6,0.17
2026-08-31 23:30:00,16.07,0.47,7.55,2.67,12.56,0.55,6.86,90.8,OFF,3220200,32.7,220655,-66,MOUNTED,7524.6,0.33
2026-08-31 23:40:00,16.33,0.60,9.80,4.30,12.61,0.71,8.92,91.0,OFF,3220800,31.9,212786,-66,MOUNTED,9820.2,0.50
2026-08-31 23:50:00,16.87,0.96,16.20,7.00,12.74,1.16,14.84,91.6,OFF,3221400,33.0,222151,-68,MOUNTED,15608.8,0.67
2026-09-01 00:00:00,16.93,1.01,17.10,9.85,12.76,1.23,15.68,91.7,OFF,3222000,33.1,222307,-63,MOUNTED,16289.0,0.83
2026-09-01 00:10:00,17.05,1.11,18.93,13.01,12.79,1.36,17.40,91.9,PWM 11%,3222600,33.6,222803,-63,MOUNTED,17847.3,1.00
2026-09-01 00:20:00,17.23,1.27,21.88,16.65,12.85,1.57,20.15,92.1,PWM 15%,3223200,33.8,215345,-67,MOUNTED,20562.9,1.17
2026-09-01 00:30:00,17.41,1.46,25.42,20.89,12.91,1.82,23.49,92.4,PWM 20%,3223800,35.0,220011,-63,MOUNTED,23462.1,1.33
2026-09-01 00:40:00,17.75,1.86,33.02,26.39,13.06,2.35,30.74,93.1,PWM 30%,3224400,35.6,225206,-66,MOUNTED,29913.2,1.50
2026-09-01 00:50:00,17.67,1.77,31.28,31.61,13.02,2.23,29.06,92.9,PWM 28%,3225000,35.0,218102,-66,MOUNTED,28357.3,1.67
2026-09-01 01:00:00,18.06,2.30,41.54,38.53,13.21,2.95,38.96,93.8,PWM 18%,3225600,36.6,211814,-68,MOUNTED,36920.9,1.83
2026-09-01 01:10:00,17.73,1.84,32.62,43.97,13.05,2.33,30.37,93.1,PWM 30%,3226200,35.6,222053,-67,MOUNTED,29462.5,2.00
2026-09-01 01:20:00,18.24,2.59,47.24,51.84,13.31,3.35,44.55,94.3,PWM 27%,3226800,37.3,220345,-63,MOUNTED,41383.9,2.17
2026-09-01 01:30:00,18.25,2.61,47.63,59.78,13.32,3.37,44.92,94.3,PWM 28%,3227400,37.6,215384,-66,MOUNTED,41586.7,2.33
2026-09-01 01:40:00,18.19,2.51,45.66,67.39,13.28,3.24,43.01,94.2,PWM 25%,3228000,36.5,223512,-67,MOUNTED,40222.5,2.50
2026-09-01 01:50:00,18.58,3.19,59.27,77.27,13.52,4.18,56.48,95.3,PWM 48%,3228600,38.8,222578,-64,MOUNTED,51064.4,2.67
2026-09-01 02:00:00,18.49,3.03,56.02,86.60,13.47,3.96,53.28,95.1,PWM 42%,3229200,38.0,214051,-65,MOUNTED,48441.5,2.83
2026-09-01 02:10:00,18.27,2.63,48.05,94.61,13.33,3.40,45.36,94.4,PWM 29%,3229800,36.7,222211,-67,MOUNTED,41916.4,3.00
2026-09-01 02:20:00,18.79,3.64,68.40,106.01,13.68,4.80,65.73,96.1,PWM 63%,3230400,40.1,217287,-64,MOUNTED,58122.9,3.17
2026-09-01 02:30:00,18.49,3.03,56.02,115.35,13.47,3.96,53.28,95.1,PWM 42%,3231000,37.9,219722,-67,MOUNTED,48333.2,3.33
2026-09-01 02:40:00,18.43,2.92,53.82,124.32,13.43,3.80,51.08,94.9,PWM 38%,3231600,37.5,225106,-66,MOUNTED,46773.8,3.50
2026-09-01 02:50:00,18.40,2.86,52.62,133.09,13.41,3.72,49.88,94.8,PWM 36%,3232200,38.0,218689,-65,MOUNTED,45628.5,3.67
2026-09-01 03:00:00,18.82,3.70,69.63,144.69,13.70,4.89,66.98,96.2,PWM 65%,3232800,40.3,221795,-67,MOUNTED,58981.9,3.83
2026-09-01 03:10:00,18.64,3.33,62.07,155.04,13.57,4.37,59.28,95.5,PWM 53%,3233400,38.7,223232,-63,MOUNTED,53211.9,4.00
2026-09-01 03:20:00,18.97,4.02,76.26,167.75,13.82,5.34,73.74,96.7,PWM 77%,3234000,40.3,219248,-68,MOUNTED,64348.8,4.17
2026-09-01 03:30:00,18.96,4.02,76.22,180.45,13.81,5.34,73.70,96.7,PWM 77%,3234600,40.2,214208,-66,MOUNTED,64247.2,4.33
2026-09-01 03:40:00,18.64,3.32,61.88,190.76,13.57,4.36,59.10,95.5,PWM 52%,3235200,39.5,216182,-66,MOUNTED,53013.1,4.50
2026-09-01 03:50:00,18.84,3.74,70.46,202.51,13.72,4.94,67.78,96.2,PWM 67%,3235800,40.0,218379,-66,MOUNTED,59713.2,4.67
2026-09-01 04:00:00,18.97,4.03,76.45,215.25,13.82,5.35,73.93,96.7,PWM 77%,3236400,41.3,213464,-66,MOUNTED,64302.7,4.83
2026-09-01 04:10:00,18.76,3.55,66.60,226.35,13.65,4.68,63.87,95.9,PWM 60%,3237000,39.2,219728,-65,MOUNTED,56715.0,5.00
2026-09-01 04:20:00,19.11,4.36,83.32,240.24,13.94,5.82,81.07,97.3,PWM 89%,3237600,41.4,220315,-66,MOUNTED,69511.7,5.17
2026-09-01 04:30:00,18.74,3.52,65.96,251.23,13.64,4.64,63.26,95.9,PWM 59%,3238200,39.3,223136,-66,MOUNTED,56291.9,5.33
2026-09-01 04:40:00,18.63,3.30,61.48,261.48,13.56,4.33,58.71,95.5,PWM 52%,3238800,39.4,218747,-68,MOUNTED,52831.2,5.50
2026-09-01 04:50:00,19.24,4.68,90.04,276.48,14.05,6.25,87.79,97.5,PWM 100%,3239400,42.0,212886,-68,MOUNTED,74679.6,5.67
2026-09-01 05:00:00,16.25,0.56,9.10,278.00,12.60,0.66,8.27,90.9,OFF,3240000,32.0,221025,-63,MOUNTED,8914.1,5.83
2026-09-01 05:10:00,16.42,0.65,10.67,279.78,12.63,0.77,9.72,91.1,OFF,3240600,33.1,220253,-67,MOUNTED,10573.3,6.00
2026-09-01 05:20:00,17.04,1.10,18.74,282.90,12.79,1.34,17.20,91.8,PWM 11%,3241200,33.8,216300,-68,MOUNTED,17672.5,6.17
2026-09-01 05:30:00,17.02,1.08,18.38,285.96,12.78,1.32,16.87,91.8,PWM 11%,3241800,33.3,223373,-64,MOUNTED,17352.8,6.33
2026-09-01 05:40:00,16.57,0.74,12.26,288.01,12.66,0.88,11.18,91.2,OFF,3242400,33.0,217839,-66,MOUNTED,11968.1,6.50
2026-09-01 05:50:00,17.17,1.22,20.95,291.50,12.83,1.50,19.27,92.0,PWM 14%,3243000,33.8,223332,-65,MOUNTED,19620.2,6.67
2026-09-01 06:00:00,16.66,0.81,13.49,293.75,12.68,0.97,12.32,91.3,OFF,3243600,33.1,221411,-63,MOUNTED,12902.8,6.83
2026-09-01 06:10:00,16.74,0.86,14.40,296.15,12.70,1.04,13.16,91.4,OFF,3244200,32.6,216355,-64,MOUNTED,13813.4,7.00
2026-09-01 06:20:00,16.61,0.77,12.79,298.28,12.67,0.92,11.68,91.3,OFF,3244800,33.1,211680,-68,MOUNTED,12523.3,7.17
2026-09-01 06:30:00,16.81,0.92,15.47,300.86,12.72,1.11,14.16,91.5,OFF,3245400,33.0,220261,-64,MOUNTED,14756.6,7.33
2026-09-01 06:40:00,16.46,0.68,11.19,302.72,12.64,0.81,10.19,91.1,OFF,3246000,33.0,219587,-68,MOUNTED,10823.8,7.50
2026-09-01 06:50:00,17.07,1.12,19.12,305.91,12.80,1.37,17.57,91.9,PWM 12%,3246600,33.5,219638,-68,MOUNTED,17941.0,7.67
2026-09-01 07:00:00,16.99,1.06,18.01,308.91,12.77,1.29,16.53,91.8,PWM 10%,3247200,33.5,211822,-67,MOUNTED,17088.5,7.83
2026-09-01 07:10:00,16.50,0.70,11.55,310.84,12.65,0.83,10.53,91.2,OFF,3247800,32.2,224164,-63,MOUNTED,11232.7,8.00
2026-09-01 07:20:00,16.34,0.61,9.97,312.50,12.61,0.72,9.07,91.0,OFF,3248400,31.9,223061,-63,MOUNTED,9795.7,8.17
2026-09-01 07:30:00,16.92,1.00,16.92,315.32,12.75,1.22,15.52,91.7,OFF,3249000,33.6,217037,-66,MOUNTED,15949.7,8.33
2026-09-01 07:40:00,16.06,0.47,7.55,316.58,12.56,0.55,6.86,90.8,OFF,3249600,32.4,225682,-68,MOUNTED,7637.9,8.50
2026-09-01 07:50:00,16.26,0.56,9.11,318.09,12.60,0.66,8.28,90.9,OFF,3250200,32.2,219248,-68,MOUNTED,9216.8,8.67
2026-09-01 08:00:00,16.08,0.47,7.56,319.35,12.57,0.55,6.86,90.8,OFF,3250800,32.7,220531,-68,MOUNTED,7827.7,8.83
2026-09-01 08:10:00,16.59,0.76,12.61,321.46,12.67,0.91,11.51,91.3,OFF,3251400,33.0,219373,-63,MOUNTED,12104.4,9.00
2026-09-01 08:20:00,16.52,0.71,11.73,323.41,12.65,0.85,10.70,91.2,OFF,3252000,33.2,214602,-68,MOUNTED,11415.0,9.17
2026-09-01 08:30:00,16.28,0.57,9.28,324.96,12.60,0.67,8.44,91.0,OFF,3252600,32.6,219729,-66,MOUNTED,9214.6,9.33
2026-09-01 08:40:00,15.96,0.42,6.70,326.07,12.55,0.48,6.08,90.7,OFF,3253200,32.5,211734,-67,MOUNTED,6789.8,9.50
2026-09-01 08:50:00,16.07,0.47,7.55,327.33,12.57,0.55,6.86,90.8,OFF,3253800,32.3,221968,-66,MOUNTED,7736.4,9.67
2026-09-01 09:00:00,16.33,0.60,9.80,328.97,12.61,0.71,8.92,91.0,OFF,3254400,32.7,221073,-66,MOUNTED,9788.0,9.83
2026-09-01 09:10:00,15.85,0.38,6.02,329.97,12.53,0.43,5.45,90.6,OFF,3255000,32.1,218903,-65,MOUNTED,6163.4,10.00
2026-09-01 09:20:00,15.47,0.25,3.87,330.61,12.49,0.28,3.50,90.4,OFF,3255600,32.1,219977,-68,MOUNTED,4206.1,10.00
2026-09-01 09:30:00,15.44,0.24,3.71,331.23,12.48,0.27,3.35,90.4,OFF,3256200,31.2,218443,-65,MOUNTED,3940.1,10.00
2026-09-01 09:40:00,15.65,0.30,4.70,332.02,12.51,0.34,4.25,90.5,OFF,3256800,31.9,224745,-68,MOUNTED,4868.4,10.00
2026-09-01 09:50:00,15.13,0.16,2.42,332.42,12.46,0.18,2.19,90.3,OFF,3257400,31.1,211082,-63,MOUNTED,2674.8,10.00
2026-09-01 10:00:00,16.92,1.00,16.92,335.24,12.75,1.22,15.52,91.7,OFF,3258000,32.7,218570,-68,MOUNTED,16088.7,10.17
2026-09-01 10:10:00,16.53,0.72,11.90,337.22,12.65,0.86,10.85,91.2,OFF,3258600,32.4,212798,-65,MOUNTED,11473.1,10.33
2026-09-01 10:20:00,16.28,0.58,9.44,338.80,12.60,0.68,8.59,91.0,OFF,3259200,32.6,211656,-68,MOUNTED,9240.1,10.50
2026-09-01 10:30:00,16.27,0.57,9.27,340.34,12.60,0.67,8.43,90.9,OFF,3259800,31.8,214223,-63,MOUNTED,9076.1,10.67
2026-09-01 10:40:00,15.83,0.37,5.86,341.32,12.53,0.42,5.31,90.6,OFF,3260400,32.5,214086,-64,MOUNTED,5969.0,10.83
2026-09-01 10:50:00,15.15,0.17,2.58,341.75,12.46,0.19,2.33,90.3,OFF,3261000,31.7,224644,-63,MOUNTED,2933.2,10.83
2026-09-01 11:00:00,12.00,0.00,0.00,341.75,12.40,0.00,0.00,90.0,OFF,3261600,31.5,225179,-64,MOUNTED,234.8,10.83
2026-09-01 11:10:00,12.00,0.00,0.00,341.75,12.40,0.00,0.00,90.0,OFF,3262200,30.8,214074,-68,MOUNTED,208.4,10.83
2026-09-01 11:20:00,12.00,0.00,0.00,341.75,12.40,0.00,0.00,90.0,OFF,3262800,31.7,220240,-67,MOUNTED,72.3,10.83
2026-09-01 11:30:00,12.00,0.00,0.00,341.75,12.40,0.00,0.00,90.0,OFF,3263400,30.7,220195,-64,MOUNTED,5.3,10.83
2026-09-01 11:40:00,12.00,0.00,0.00,341.75,12.40,0.00,0.00,90.0,OFF,3264000,31.5,211236,-63,MOUNTED,124.7,10.83
2026-09-01 11:50:00,12.00,0.00,0.00,341.75,12.40,0.00,0.00,90.0,OFF,3264600,31.2,212985,-63,MOUNTED,238.6,10.83
2026-09-01 23:00:00,12.00,0.00,0.00,0.00,12.40,0.00,0.00,90.0,OFF,3304800,28.9,213031,-68,MOUNTED,161.8,0.00
2026-09-01 23:10:00,14.24,0.04,0.57,0.09,12.42,0.04,0.51,90.1,OFF,3305400,29.1,221112,-68,MOUNTED,815.3,0.00
2026-09-01 23:20:00,14.20,0.04,0.57,0.19,12.41,0.04,0.51,90.1,OFF,3306000,28.2,211981,-63,MOUNTED,903.4,0.00
2026-09-01 23:30:00,14.81,0.11,1.63,0.46,12.44,0.12,1.47,90.2,OFF,3306600,28.9,219384,-64,MOUNTED,1804.2,0.00
2026-09-01 23:40:00,14.61,0.08,1.17,0.66,12.43,0.08,1.05,90.1,OFF,3307200,29.2,211977,-66,MOUNTED,1317.0,0.00
2026-09-01 23:50:00,15.14,0.17,2.57,1.08,12.46,0.19,2.32,90.3,OFF,3307800,28.5,222747,-66,MOUNTED,2805.2,0.00
2026-09-02 00:00:00,15.53,0.27,4.19,1.78,12.49,0.30,3.79,90.4,OFF,3308400,28.6,223890,-68,MOUNTED,4482.6,0.00
2026-09-02 00:10:00,15.70,0.32,5.02,2.62,12.51,0.36,4.54,90.5,OFF,3309000,28.7,220015,-63,MOUNTED,5403.1,0.17
2026-09-02 00:20:00,15.73,0.33,5.19,3.48,12.52,0.38,4.70,90.6,OFF,3309600,29.5,218838,-67,MOUNTED,5490.8,0.33
2026-09-02 00:30:00,15.90,0.39,6.20,4.52,12.54,0.45,5.62,90.7,OFF,3310200,29.9,224290,-67,MOUNTED,6300.9,0.50
2026-09-02 00:40:00,15.99,0.43,6.88,5.66,12.55,0.50,6.24,90.7,OFF,3310800,29.9,211270,-66,MOUNTED,6959.8,0.67
2026-09-02 00:50:00,15.82,0.36,5.70,6.61,12.53,0.41,5.16,90.6,OFF,3311400,28.6,213691,-64,MOUNTED,6034.1,0.83
2026-09-02 01:00:00,15.78,0.35,5.52,7.53,12.52,0.40,5.00,90.6,OFF,3312000,29.5,224474,-68,MOUNTED,5688.4,1.00
2026-09-02 01:10:00,15.92,0.40,6.37,8.60,12.54,0.46,5.78,90.7,OFF,3312600,28.8,215496,-67,MOUNTED,6653.7,1.17
2026-09-02 01:20:00,16.21,0.54,8.75,10.05,12.59,0.63,7.95,90.9,OFF,3313200,29.2,217922,-68,MOUNTED,8695.7,1.33
2026-09-02 01:30:00,16.21,0.54,8.75,11.51,12.59,0.63,7.95,90.9,OFF,3313800,29.8,211413,-64,MOUNTED,8749.4,1.50
2026-09-02 01:40:00,15.66,0.31,4.85,12.32,12.51,0.35,4.39,90.5,OFF,3314400,29.7,223757,-66,MOUNTED,5126.8,1.50
2026-09-02 01:50:00,16.47,0.68,11.20,14.19,12.64,0.81,10.20,91.1,OFF,3315000,29.4,218435,-68,MOUNTED,10865.5,1.67
2026-09-02 02:00:00,16.01,0.44,7.04,15.36,12.56,0.51,6.39,90.7,OFF,3315600,29.5,221838,-63,MOUNTED,7151.8,1.83
2026-09-02 02:10:00,16.10,0.48,7.73,16.65,12.57,0.56,7.02,90.8,OFF,3316200,29.2,213212,-65,MOUNTED,7996.8,2.00
2026-09-02 02:20:00,16.67,0.81,13.50,18.90,12.69,0.97,12.34,91.4,OFF,3316800,30.3,225405,-64,MOUNTED,12956.3,2.17
2026-09-02 02:30:00,15.84,0.37,5.86,19.88,12.53,0.42,5.31,90.6,OFF,3317400,28.7,211722,-63,MOUNTED,5926.4,2.33
2026-09-02 02:40:00,16.51,0.71,11.72,21.83,12.65,0.85,10.69,91.2,OFF,3318000,29.6,218345,-68,MOUNTED,11531.6,2.50
2026-09-02 02:50:00,16.41,0.65,10.67,23.61,12.63,0.77,9.72,91.1,OFF,3318600,29.8,219900,-67,MOUNTED,10463.1,2.67
2026-09-02 03:00:00,16.83,0.93,15.65,26.22,12.73,1.13,14.34,91.6,OFF,3319200,29.9,211075,-68,MOUNTED,15069.5,2.83
2026-09-02 03:10:00,16.81,0.91,15.30,28.77,12.72,1.10,14.00,91.5,OFF,3319800,30.3,216024,-63,MOUNTED,14585.0,3.00
2026-09-02 03:20:00,16.58,0.75,12.43,30.84,12.66,0.90,11.35,91.3,OFF,3320400,30.5,225999,-66,MOUNTED,12067.6,3.17
2026-09-02 03:30:00,16.61,0.77,12.79,32.97,12.67,0.92,11.68,91.3,OFF,3321000,30.3,223869,-65,MOUNTED,12332.4,3.33
2026-09-02 03:40:00,16.83,0.93,15.65,35.58,12.73,1.12,14.32,91.5,OFF,3321600,30.6,223588,-66,MOUNTED,14937.0,3.50
2026-09-02 03:50:00,16.91,0.99,16.74,38.37,12.75,1.20,15.35,91.7,OFF,3322200,30.7,211881,-64,MOUNTED,16036.9,3.67
2026-09-02 04:00:00,16.75,0.87,14.57,40.80,12.71,1.05,13.33,91.5,OFF,3322800,29.8,216546,-66,MOUNTED,14004.4,3.83
2026-09-02 04:10:00,16.68,0.82,13.68,43.08,12.69,0.99,12.50,91.4,OFF,3323400,30.5,222779,-66,MOUNTED,13133.1,4.00
2026-09-02 04:20:00,16.66,0.80,13.33,45.30,12.68,0.96,12.17,91.3,OFF,3324000,30.1,225874,-64,MOUNTED,12885.3,4.17
2026-09-02 04:30:00,16.77,0.88,14.76,47.76,12.71,1.06,13.51,91.5,OFF,3324600,30.6,224150,-68,MOUNTED,14204.6,4.33
2026-09-02 04:40:00,16.35,0.61,9.97,49.42,12.61,0.72,9.07,91.0,OFF,3325200,29.2,221257,-63,MOUNTED,9868.3,4.50
2026-09-02 04:50:00,16.55,0.73,12.08,51.43,12.66,0.87,11.02,91.2,OFF,3325800,30.3,213964,-67,MOUNTED,11720.7,4.67
2026-09-02 05:00:00,16.21,0.54,8.75,52.89,12.59,0.63,7.95,90.9,OFF,3326400,29.1,219055,-65,MOUNTED,8767.2,4.83
2026-09-02 05:10:00,16.57,0.75,12.43,54.96,12.66,0.90,11.34,91.2,OFF,3327000,30.6,225154,-64,MOUNTED,12063.2,5.00
2026-09-02 05:20:00,16.14,0.50,8.07,56.31,12.58,0.58,7.33,90.8,OFF,3327600,29.7,215407,-68,MOUNTED,8064.3,5.17
2026-09-02 05:30:00,16.49,0.69,11.38,58.21,12.64,0.82,10.38,91.2,OFF,3328200,29.7,211744,-64,MOUNTED,11111.1,5.33
2026-09-02 05:40:00,16.04,0.46,7.38,59.44,12.56,0.53,6.70,90.8,OFF,3328800,29.1,222852,-64,MOUNTED,7266.2,5.50
2026-09-02 05:50:00,16.70,0.83,13.86,61.75,12.69,1.00,12.67,91.4,OFF,3329400,30.7,211775,-63,MOUNTED,13433.3,5.67
2026-09-02 06:00:00,16.85,0.95,16.01,64.41,12.73,1.15,14.67,91.6,OFF,3330000,31.1,219501,-67,MOUNTED,15250.3,5.83
2026-09-02 06:10:00,16.88,0.97,16.37,67.14,12.74,1.18,14.99,91.6,OFF,3330600,31.1,225216,-64,MOUNTED,15686.5,6.00
2026-09-02 06:20:00,16.65,0.80,13.32,69.36,12.68,0.96,12.16,91.3,OFF,3331200,30.4,218190,-63,MOUNTED,12900.2,6.17
2026-09-02 06:30:00,16.38,0.63,10.32,71.08,12.62,0.74,9.39,91.0,OFF,3331800,30.2,214475,-63,MOUNTED,10219.5,6.33
2026-09-02 06:40:00,16.36,0.62,10.14,72.77,12.62,0.73,9.23,91.0,OFF,3332400,29.8,219128,-65,MOUNTED,10135.4,6.50
2026-09-02 06:50:00,16.26,0.56,9.11,74.29,12.60,0.66,8.28,90.9,OFF,3333000,30.2,221008,-63,MOUNTED,9178.9,6.67
2026-09-02 07:00:00,16.28,0.57,9.28,75.84,12.60,0.67,8.44,91.0,OFF,3333600,30.2,220974,-67,MOUNTED,9178.3,6.83
2026-09-02 07:10:00,16.70,0.83,13.86,78.15,12.69,1.00,12.67,91.4,OFF,3334200,29.7,216048,-64,MOUNTED,13272.1,7.00
2026-09-02 07:20:00,15.80,0.35,5.53,79.07,12.52,0.40,5.01,90.6,OFF,3334800,28.6,218504,-67,MOUNTED,5663.1,7.17
2026-09-02 07:30:00,15.79,0.35,5.53,79.99,12.52,0.40,5.01,90.6,OFF,3335400,29.7,215092,-66,MOUNTED,5878.7,7.33
2026-09-02 07:40:00,16.59,0.76,12.61,82.09,12.67,0.91,11.51,91.3,OFF,3336000,30.2,211828,-66,MOUNTED,12229.9,7.50
2026-09-02 07:50:00,16.27,0.57,9.27,83.64,12.60,0.67,8.43,90.9,OFF,3336600,29.6,217721,-66,MOUNTED,9153.2,7.67
2026-09-02 08:00:00,16.22,0.54,8.76,85.10,12.59,0.63,7.96,90.9,OFF,3337200,29.8,221223,-63,MOUNTED,8714.7,7.83
2026-09-02 08:10:00,15.93,0.41,6.53,86.19,12.54,0.47,5.92,90.7,OFF,3337800,29.6,222031,-66,MOUNTED,6654.2,8.00
2026-09-02 08:20:00,15.92,0.40,6.37,87.25,12.54,0.46,5.78,90.7,OFF,3338400,29.8,215568,-68,MOUNTED,6692.8,8.17
2026-09-02 08:30:00,15.74,0.33,5.19,88.11,12.52,0.38,4.70,90.6,OFF,3339000,29.0,212276,-67,MOUNTED,5315.1,8.33
2026-09-02 08:40:00,15.76,0.34,5.36,89.00,12.52,0.39,4.86,90.6,OFF,3339600,29.5,217358,-64,MOUNTED,5526.9,8.50
2026-09-02 08:50:00,16.13,0.49,7.90,90.32,12.57,0.57,7.17,90.8,OFF,3340200,29.0,221977,-67,MOUNTED,7942.2,8.67
2026-09-02 09:00:00,16.15,0.51,8.24,91.69,12.58,0.59,7.48,90.8,OFF,3340800,29.9,214269,-64,MOUNTED,8285.6,8.83
2026-09-02 09:10:00,15.86,0.38,6.03,92.70,12.53,0.44,5.46,90.6,OFF,3341400,29.0,219402,-66,MOUNTED,6279.6,9.00
2026-09-02 09:20:00,15.96,0.42,6.70,93.82,12.55,0.48,6.08,90.7,OFF,3342000,29.4,225888,-64,MOUNTED,6784.2,9.17
2026-09-02 09:30:00,15.53,0.27,4.19,94.51,12.49,0.30,3.79,90.4,OFF,3342600,29.0,220745,-67,MOUNTED,4269.0,9.17
2026-09-02 09:40:00,15.76,0.34,5.36,95.41,12.52,0.39,4.86,90.6,OFF,3343200,28.8,221268,-66,MOUNTED,5741.9,9.33
2026-09-02 09:50:00,15.14,0.17,2.57,95.84,12.46,0.19,2.32,90.3,OFF,3343800,28.4,224801,-66,MOUNTED,2826.3,9.33
2026-09-02 10:00:00,15.45,0.24,3.71,96.45,12.48,0.27,3.35,90.4,OFF,3344400,28.6,216700,-65,MOUNTED,4062.2,9.33
2026-09-02 10:10:00,15.03,0.14,2.10,96.80,12.45,0.15,1.89,90.2,OFF,3345000,29.2,213279,-63,MOUNTED,2339.1,9.33
2026-09-02 10:20:00,14.74,0.10,1.47,97.05,12.43,0.11,1.33,90.2,OFF,3345600,29.2,217456,-63,MOUNTED,1580.1,9.33
2026-09-02 10:30:00,14.70,0.09,1.32,97.27,12.43,0.10,1.19,90.2,OFF,3346200,28.9,215459,-66,MOUNTED,1486.0,9.33
2026-09-02 10:40:00,14.72,0.09,1.32,97.49,12.43,0.10,1.19,90.2,OFF,3346800,28.3,219062,-65,MOUNTED,1663.7,9.33
2026-09-02 10:50:00,14.24,0.04,0.57,97.58,12.42,0.04,0.51,90.1,OFF,3347400,28.3,214235,-64,MOUNTED,846.8,9.33
2026-09-02 11:00:00,12.00,0.00,0.00,97.58,12.40,0.00,0.00,90.0,OFF,3348000,28.6,225552,-64,MOUNTED,131.1,9.33
2026-09-02 11:10:00,12.00,0.00,0.00,97.58,12.40,0.00,0.00,90.0,OFF,3348600,28.3,220144,-64,MOUNTED,32.3,9.33
2026-09-02 11:20:00,12.00,0.00,0.00,97.58,12.40,0.00,0.00,90.0,OFF,3349200,28.5,218359,-63,MOUNTED,82.1,9.33
2026-09-02 11:30:00,12.00,0.00,0.00,97.58,12.40,0.00,0.00,90.0,OFF,3349800,28.2,223142,-63,MOUNTED,197.4,9.33
2026-09-02 11:40:00,12.00,0.00,0.00,97.58,12.40,0.00,0.00,90.0,OFF,3350400,28.7,213038,-64,MOUNTED,138.3,9.33
2026-09-02 11:50:00,12.00,0.00,0.00,97.58,12.40,0.00,0.00,90.0,OFF,3351000,29.1,217848,-66,MOUNTED,41.5,9.33
2026-09-02 23:00:00,12.00,0.00,0.00,0.00,12.40,0.00,0.00,90.0,OFF,3391200,31.7,218198,-65,MOUNTED,92.3,0.00
2026-09-02 23:10:00,15.27,0.20,3.05,0.51,12.47,0.22,2.75,90.3,OFF,3391800,31.3,222911,-65,MOUNTED,3143.9,0.00
2026-09-02 23:20:00,15.97,0.42,6.71,1.63,12.55,0.49,6.09,90.7,OFF,3392400,32.0,217882,-63,MOUNTED,6762.8,0.17
2026-09-02 23:30:00,16.41,0.64,10.50,3.38,12.63,0.76,9.57,91.1,OFF,3393000,32.5,217817,-65,MOUNTED,10283.1,0.33
2026-09-02 23:40:00,16.78,0.89,14.93,5.87,12.71,1.07,13.66,91.5,OFF,3393600,32.6,221160,-63,MOUNTED,14372.0,0.50
2026-09-02 23:50:00,17.02,1.09,18.55,8.96,12.78,1.33,17.03,91.8,PWM 11%,3394200,33.1,220672,-63,MOUNTED,17465.4,0.67
2026-09-03 00:00:00,17.23,1.28,22.05,12.63,12.85,1.58,20.31,92.1,PWM 16%,3394800,33.9,219817,-63,MOUNTED,20520.8,0.83
2026-09-03 00:10:00,17.37,1.41,24.49,16.71,12.90,1.75,22.63,92.4,PWM 19%,3395400,34.3,221485,-64,MOUNTED,22769.2,1.00
2026-09-03 00:20:00,17.53,1.59,27.87,21.36,12.96,1.99,25.84,92.7,PWM 23%,3396000,34.3,224377,-67,MOUNTED,25363.9,1.17
2026-09-03 00:30:00,17.74,1.85,32.82,26.83,13.05,2.34,30.56,93.1,PWM 30%,3396600,34.9,213979,-66,MOUNTED,29502.6,1.33
2026-09-03 00:40:00,17.88,2.04,36.48,32.91,13.12,2.60,34.07,93.4,PWM 35%,3397200,35.3,218980,-65,MOUNTED,32602.9,1.50
2026-09-03 00:50:00,18.02,2.25,40.55,39.67,13.19,2.88,38.00,93.7,PWM 16%,3397800,36.1,212057,-67,MOUNTED,35794.8,1.67
2026-09-03 01:00:00,18.02,2.24,40.36,46.39,13.19,2.87,37.82,93.7,PWM 16%,3398400,36.3,218764,-64,MOUNTED,35867.0,1.83
2026-09-03 01:10:00,18.37,2.81,51.62,55.00,13.39,3.65,48.88,94.7,PWM 35%,3399000,38.1,214112,-66,MOUNTED,44684.3,2.00
2026-09-03 01:20:00,18.34,2.76,50.62,63.43,13.37,3.58,47.89,94.6,PWM 33%,3399600,37.6,214564,-66,MOUNTED,44259.1,2.17
2026-09-03 01:30:00,18.36,2.79,51.22,71.97,13.38,3.63,48.51,94.7,PWM 34%,3400200,37.6,216593,-64,MOUNTED,44742.7,2.33
2026-09-03 01:40:00,18.62,3.28,61.07,82.15,13.56,4.30,58.32,95.5,PWM 51%,3400800,39.0,220189,-64,MOUNTED,52380.2,2.50
2026-09-03 01:50:00,18.64,3.32,61.88,92.46,13.57,4.36,59.10,95.5,PWM 52%,3401400,39.3,217582,-68,MOUNTED,53000.3,2.67
2026-09-03 02:00:00,18.82,3.70,69.63,104.07,13.70,4.89,66.98,96.2,PWM 65%,3402000,40.0,211668,-64,MOUNTED,58978.9,2.83
2026-09-03 02:10:00,18.69,3.42,63.92,114.72,13.60,4.50,61.17,95.7,PWM 56%,3402600,39.3,222493,-68,MOUNTED,54654.4,3.00
2026-09-03 02:20:00,18.87,3.80,71.71,126.67,13.74,5.03,69.06,96.3,PWM 69%,3403200,40.4,215142,-68,MOUNTED,60651.4,3.17
2026-09-03 02:30:00,18.84,3.73,70.27,138.38,13.71,4.93,67.60,96.2,PWM 66%,3403800,40.4,217798,-68,MOUNTED,59725.2,3.33
2026-09-03 02:40:00,18.97,4.02,76.26,151.09,13.81,5.34,73.74,96.7,PWM 77%,3404400,40.5,218646,-63,MOUNTED,64140.6,3.50
2026-09-03 02:50:00,19.08,4.29,81.85,164.74,13.91,5.71,79.48,97.1,PWM 86%,3405000,41.6,216423,-68,MOUNTED,68490.5,3.67
2026-09-03 03:00:00,17.98,2.18,39.20,171.27,13.17,2.79,36.69,93.6,PWM 39%,3405600,36.4,224753,-64,MOUNTED,34834.4,3.83
2026-09-03 03:10:00,19.04,4.19,79.78,184.56,13.87,5.58,77.39,97.0,PWM 83%,3406200,40.7,215305,-67,MOUNTED,66866.1,4.00
2026-09-03 03:20:00,19.00,4.09,77.71,197.52,13.84,5.43,75.22,96.8,PWM 79%,3406800,40.4,222398,-64,MOUNTED,65463.6,4.17
2026-09-03 03:30:00,19.06,4.23,80.62,210.95,13.89,5.63,78.20,97.0,PWM 84%,3407400,40.9,225763,-64,MOUNTED,67633.4,4.33
2026-09-03 03:40:00,17.49,1.55,27.11,215.47,12.95,1.94,25.10,92.6,PWM 22%,3408000,34.3,225777,-65,MOUNTED,25019.7,4.50
2026-09-03 03:50:00,18.08,2.33,42.13,222.49,13.22,2.99,39.56,93.9,PWM 19%,3408600,36.8,214110,-66,MOUNTED,37174.0,4.67
2026-09-03 04:00:00,19.10,4.35,83.08,236.34,13.93,5.80,80.75,97.2,PWM 88%,3409200,42.1,218396,-64,MOUNTED,69488.3,4.83
2026-09-03 04:10:00,19.38,5.06,98.06,252.68,14.18,6.74,95.61,97.5,PWM 100%,3409800,43.3,213045,-67,MOUNTED,80770.3,5.00
2026-09-03 04:20:00,19.31,4.88,94.23,268.39,14.12,6.51,91.87,97.5,PWM 100%,3410400,43.4,215427,-63,MOUNTED,77970.7,5.17
2026-09-03 04:30:00,19.20,4.59,88.13,283.08,14.02,6.13,85.93,97.5,PWM 97%,3411000,42.3,220653,-65,MOUNTED,73270.3,5.33
2026-09-03 04:40:00,19.29,4.81,92.78,298.54,14.09,6.42,90.46,97.5,PWM 100%,3411600,42.2,224768,-65,MOUNTED,76678.9,5.50
2026-09-03 04:50:00,19.23,4.66,89.61,313.47,14.04,6.22,87.37,97.5,PWM 99%,3412200,42.4,222740,-63,MOUNTED,74313.3,5.67
2026-09-03 05:00:00,19.42,5.16,100.21,330.18,14.22,6.87,97.70,97.5,PWM 100%,3412800,43.9,223380,-63,MOUNTED,82198.2,5.83
2026-09-03 05:10:00,19.16,4.50,86.22,344.55,13.98,6.01,84.06,97.5,PWM 94%,3413400,42.3,224398,-63,MOUNTED,71620.1,6.00
2026-09-03 05:20:00,19.28,4.81,92.74,360.00,14.09,6.42,90.42,97.5,PWM 100%,3414000,42.4,212411,-66,MOUNTED,76698.1,6.17
2026-09-03 05:30:00,19.22,4.64,89.18,374.87,14.03,6.20,86.95,97.5,PWM 99%,3414600,42.4,213691,-64,MOUNTED,74023.1,6.33
2026-09-03 05:40:00,19.11,4.37,83.51,388.78,13.94,5.83,81.26,97.3,PWM 89%,3415200,41.5,225786,-65,MOUNTED,69657.6,6.50
2026-09-03 05:50:00,19.09,4.32,82.47,402.53,13.92,5.76,80.16,97.2,PWM 87%,3415800,41.4,222593,-65,MOUNTED,68879.6,6.67
2026-09-03 06:00:00,19.15,4.45,85.22,416.73,13.97,5.94,83.00,97.4,PWM 92%,3416400,42.3,211789,-68,MOUNTED,70919.6,6.83
2026-09-03 06:10:00,19.32,4.90,94.67,432.51,14.13,6.53,92.30,97.5,PWM 100%,3417000,42.8,215008,-67,MOUNTED,78245.4,7.00
2026-09-03 06:20:00,19.04,4.19,79.78,445.81,13.87,5.58,77.39,97.0,PWM 83%,3417600,41.5,219271,-64,MOUNTED,66921.1,7.17
2026-09-03 06:30:00,19.03,4.17,79.36,459.03,13.87,5.54,76.90,96.9,PWM 82%,3418200,41.3,219723,-64,MOUNTED,66598.9,7.33
2026-09-03 06:40:00,19.08,4.30,82.04,472.71,13.91,5.73,79.74,97.2,PWM 86%,3418800,41.1,220476,-65,MOUNTED,68600.9,7.50
2026-09-03 06:50:00,19.14,4.45,85.17,486.90,13.96,5.94,82.96,97.4,PWM 92%,3419400,42.0,224290,-68,MOUNTED,70944.2,7.67
2026-09-03 07:00:00,17.85,1.99,35.52,492.82,13.10,2.53,33.14,93.3,PWM 34%,3420000,35.5,219549,-63,MOUNTED,31992.4,7.83
2026-09-03 07:10:00,17.75,1.86,33.02,498.33,13.06,2.35,30.74,93.1,PWM 30%,3420600,34.9,213992,-68,MOUNTED,29920.0,8.00
2026-09-03 07:20:00,17.86,2.01,35.90,504.31,13.11,2.55,33.49,93.3,PWM 34%,3421200,35.1,214609,-63,MOUNTED,32201.7,8.17
2026-09-03 07:30:00,18.95,3.99,75.61,516.91,13.80,5.30,73.11,96.7,PWM 76%,3421800,40.8,223477,-67,MOUNTED,63579.5,8.33
2026-09-03 07:40:00,17.79,1.92,34.16,522.61,13.07,2.44,31.84,93.2,PWM 32%,3422400,35.4,224040,-63,MOUNTED,30637.9,8.50
2026-09-03 07:50:00,17.62,1.71,30.13,527.63,13.00,2.15,27.96,92.8,PWM 27%,3423000,35.5,211277,-63,MOUNTED,27341.8,8.67
2026-09-03 08:00:00,18.69,3.42,63.92,538.28,13.60,4.50,61.17,95.7,PWM 56%,3423600,39.2,211839,-67,MOUNTED,54631.6,8.83
2026-09-03 08:10:00,18.58,3.19,59.27,548.16,13.52,4.18,56.48,95.3,PWM 48%,3424200,38.4,216601,-65,MOUNTED,50979.2,9.00
2026-09-03 08:20:00,18.45,2.95,54.43,557.23,13.44,3.84,51.65,94.9,PWM 40%,3424800,37.9,213649,-67,MOUNTED,47246.0,9.17
2026-09-03 08:30:00,18.49,3.03,56.02,566.57,13.46,3.95,53.22,95.0,PWM 42%,3425400,37.8,214201,-67,MOUNTED,48444.7,9.33
2026-09-03 08:40:00,18.36,2.79,51.22,575.10,13.38,3.62,48.45,94.6,PWM 34%,3426000,37.6,223265,-68,MOUNTED,44528.3,9.50
2026-09-03 08:50:00,18.37,2.81,51.62,583.71,13.39,3.65,48.88,94.7,PWM 35%,3426600,37.5,211259,-68,MOUNTED,44757.3,9.67
2026-09-03 09:00:00,18.05,2.29,41.33,590.60,13.21,2.93,38.77,93.8,PWM 17%,3427200,36.5,214830,-68,MOUNTED,36720.2,9.83
2026-09-03 09:10:00,18.02,2.25,40.55,597.35,13.19,2.88,38.00,93.7,PWM 16%,3427800,36.7,213211,-63,MOUNTED,36055.9,10.00
2026-09-03 09:20:00,17.97,2.17,38.99,603.85,13.16,2.77,36.49,93.6,PWM 39%,3428400,36.0,218934,-67,MOUNTED,34774.1,10.17
2026-09-03 09:30:00,17.74,1.86,33.00,609.35,13.05,2.35,30.72,93.1,PWM 30%,3429000,35.2,222556,-65,MOUNTED,29578.9,10.33
2026-09-03 09:40:00,17.63,1.71,30.15,614.38,13.00,2.15,28.01,92.9,PWM 27%,3429600,34.9,225002,-67,MOUNTED,27486.2,10.50
2026-09-03 09:50:00,17.50,1.56,27.30,618.93,12.95,1.95,25.28,92.6,PWM 23%,3430200,35.2,213899,-66,MOUNTED,25096.7,10.67
2026-09-03 10:00:00,17.19,1.24,21.32,622.48,12.84,1.53,19.64,92.1,PWM 15%,3430800,33.3,219969,-67,MOUNTED,20033.8,10.83
2026-09-03 10:10:00,17.00,1.07,18.19,625.51,12.77,1.31,16.70,91.8,PWM 10%,3431400,33.9,212406,-63,MOUNTED,17260.5,11.00
2026-09-03 10:20:00,16.63,0.78,12.97,627.67,12.68,0.93,11.84,91.3,OFF,3432000,33.3,221661,-68,MOUNTED,12459.8,11.17
2026-09-03 10:30:00,16.32,0.59,9.63,629.28,12.61,0.69,8.76,91.0,OFF,3432600,32.4,216781,-68,MOUNTED,9528.5,11.33
2026-09-03 10:40:00,16.03,0.45,7.21,630.48,12.56,0.52,6.55,90.8,OFF,3433200,32.7,211250,-63,MOUNTED,7358.5,11.50
2026-09-03 10:50:00,15.27,0.19,2.90,630.96,12.47,0.21,2.62,90.3,OFF,3433800,31.2,225207,-63,MOUNTED,3107.1,11.50
2026-09-03 11:00:00,12.00,0.00,0.00,630.96,12.40,0.00,0.00,90.0,OFF,3434400,30.8,223871,-67,MOUNTED,81.7,11.50
2026-09-03 11:10:00,12.00,0.00,0.00,630.96,12.40,0.00,0.00,90.0,OFF,3435000,30.8,224483,-63,MOUNTED,130.0,11.50
2026-09-03 11:20:00,12.00,0.00,0.00,630.96,12.40,0.00,0.00,90.0,OFF,3435600,30.6,219476,-68,MOUNTED,63.6,11.50
2026-09-03 11:30:00,12.00,0.00,0.00,630.96,12.40,0.00,0.00,90.0,OFF,3436200,30.8,213950,-68,MOUNTED,129.3,11.50
2026-09-03 11:40:00,12.00,0.00,0.00,630.96,12.40,0.00,0.00,90.0,OFF,3436800,31.8,214466,-67,MOUNTED,37.4,11.50
2026-09-03 11:50:00,12.00,0.00,0.00,630.96,12.40,0.00,0.00,90.0,OFF,3437400,31.3,225556,-63,MOUNTED,282.6,11.50
2026-09-03 23:00:00,12.00,0.00,0.00,0.00,12.40,0.00,0.00,90.0,OFF,3477600,31.6,213489,-66,MOUNTED,242.2,0.00
2026-09-03 23:10:00,15.11,0.16,2.42,0.40,12.46,0.18,2.19,90.3,OFF,3478200,31.9,223776,-66,MOUNTED,2620.0,0.00
2026-09-03 23:20:00,15.60,0.29,4.52,1.16,12.50,0.33,4.09,90.5,OFF,3478800,31.6,222537,-67,MOUNTED,4645.8,0.00
2026-09-03 23:30:00,16.26,0.56,9.11,2.67,12.60,0.66,8.28,90.9,OFF,3479400,32.9,211050,-65,MOUNTED,9107.3,0.17
2026-09-03 23:40:00,16.31,0.59,9.62,4.28,12.61,0.69,8.75,91.0,OFF,3480000,33.0,215883,-65,MOUNTED,9453.9,0.33
2026-09-03 23:50:00,16.64,0.79,13.15,6.47,12.68,0.95,12.01,91.3,OFF,3480600,32.3,220597,-63,MOUNTED,12573.1,0.50
2026-09-04 00:00:00,16.72,0.85,14.21,8.84,12.70,1.02,12.99,91.4,OFF,3481200,33.2,218394,-66,MOUNTED,13630.0,0.67
2026-09-04 00:10:00,17.23,1.28,22.05,12.51,12.85,1.58,20.31,92.1,PWM 16%,3481800,34.3,214292,-68,MOUNTED,20519.9,0.83
2026-09-04 00:20:00,17.51,1.57,27.49,17.09,12.95,1.97,25.46,92.6,PWM 23%,3482400,34.9,223420,-68,MOUNTED,25186.6,1.00
2026-09-04 00:30:00,17.32,1.36,23.56,21.02,12.88,1.69,21.75,92.3,PWM 18%,3483000,34.5,221875,-65,MOUNTED,21883.6,1.17
2026-09-04 00:40:00,17.41,1.46,25.42,25.26,12.91,1.82,23.49,92.4,PWM 20%,3483600,34.7,224053,-68,MOUNTED,23445.9,1.33
2026-09-04 00:50:00,17.78,1.90,33.78,30.89,13.07,2.41,31.48,93.2,PWM 32%,3484200,35.6,216285,-67,MOUNTED,30318.2,1.50
2026-09-04 01:00:00,17.99,2.19,39.40,37.45,13.17,2.80,36.92,93.7,PWM 39%,3484800,36.4,222610,-66,MOUNTED,35253.1,1.67
2026-09-04 01:10:00,18.05,2.29,41.33,44.34,13.21,2.93,38.77,93.8,PWM 17%,3485400,36.7,216183,-64,MOUNTED,36500.3,1.83
2026-09-04 01:20:00,18.03,2.26,40.75,51.13,13.19,2.90,38.22,93.8,PWM 16%,3486000,36.4,224272,-65,MOUNTED,36132.9,2.00
2026-09-04 01:30:00,18.32,2.73,50.01,59.47,13.36,3.54,47.26,94.5,PWM 32%,3486600,37.8,212441,-67,MOUNTED,43475.0,2.17
2026-09-04 01:40:00,17.98,2.18,39.20,66.00,13.17,2.79,36.69,93.6,PWM 39%,3487200,35.9,219273,-65,MOUNTED,34960.0,2.33
2026-09-04 01:50:00,18.12,2.39,43.31,73.22,13.24,3.07,40.71,94.0,PWM 21%,3487800,36.2,213727,-63,MOUNTED,38269.1,2.50
2026-09-04 02:00:00,18.55,3.15,58.43,82.96,13.51,4.12,55.63,95.2,PWM 46%,3488400,38.6,223849,-63,MOUNTED,50152.4,2.67
2026-09-04 02:10:00,18.33,2.74,50.22,91.33,13.36,3.56,47.51,94.6,PWM 32%,3489000,37.3,211918,-67,MOUNTED,43683.6,2.83
2026-09-04 02:20:00,18.37,2.80,51.44,99.90,13.39,3.64,48.71,94.7,PWM 34%,3489600,37.1,221898,-68,MOUNTED,44689.7,3.00
2026-09-04 02:30:00,18.62,3.29,61.26,110.11,13.56,4.31,58.50,95.5,PWM 51%,3490200,38.5,220301,-65,MOUNTED,52585.1,3.17
2026-09-04 02:40:00,18.44,2.93,54.03,119.12,13.43,3.82,51.27,94.9,PWM 39%,3490800,38.4,225816,-63,MOUNTED,46790.8,3.33
2026-09-04 02:50:00,18.77,3.58,67.20,130.32,13.66,4.72,64.51,96.0,PWM 61%,3491400,39.8,225810,-65,MOUNTED,57014.4,3.50
2026-09-04 03:00:00,18.81,3.67,69.03,141.82,13.69,4.85,66.34,96.1,PWM 64%,3492000,40.4,219537,-67,MOUNTED,58730.6,3.67
2026-09-04 03:10:00,18.96,4.01,76.03,154.50,13.81,5.32,73.52,96.7,PWM 76%,3492600,40.8,222316,-65,MOUNTED,63984.9,3.83
2026-09-04 03:20:00,18.74,3.53,66.15,165.52,13.64,4.65,63.44,95.9,PWM 59%,3493200,39.1,221727,-63,MOUNTED,56326.3,4.00
2026-09-04 03:30:00,18.92,3.92,74.17,177.88,13.78,5.19,71.57,96.5,PWM 73%,3493800,39.9,217749,-66,MOUNTED,62457.5,4.17
2026-09-04 03:40:00,18.82,3.70,69.63,189.49,13.70,4.89,66.98,96.2,PWM 65%,3494400,39.7,219266,-67,MOUNTED,58881.2,4.33
2026-09-04 03:50:00,18.77,3.58,67.20,200.69,13.66,4.72,64.51,96.0,PWM 61%,3495000,39.9,225620,-67,MOUNTED,57379.8,4.50
2026-09-04 04:00:00,19.19,4.56,87.51,215.27,14.01,6.09,85.32,97.5,PWM 96%,3495600,42.5,224636,-63,MOUNTED,72678.8,4.67
2026-09-04 04:10:00,18.82,3.68,69.26,226.81,13.70,4.86,66.56,96.1,PWM 65%,3496200,39.3,223214,-63,MOUNTED,58760.6,4.83
2026-09-04 04:20:00,19.22,4.64,89.18,241.68,14.03,6.20,86.95,97.5,PWM 99%,3496800,42.3,220215,-67,MOUNTED,74032.9,5.00
2026-09-04 04:30:00,18.59,3.22,59.86,251.66,13.53,4.22,57.11,95.4,PWM 49%,3497400,38.5,220638,-63,MOUNTED,51483.3,5.17
2026-09-04 04:40:00,19.15,4.46,85.41,265.89,13.97,5.95,83.19,97.4,PWM 92%,3498000,42.3,212913,-66,MOUNTED,71197.9,5.33
2026-09-04 04:50:00,19.09,4.32,82.47,279.63,13.92,5.76,80.16,97.2,PWM 87%,3498600,42.0,221270,-66,MOUNTED,68812.5,5.50
2026-09-04 05:00:00,16.84,0.94,15.83,282.27,12.73,1.14,14.50,91.6,OFF,3499200,32.8,216525,-63,MOUNTED,14995.3,5.67
2026-09-04 05:10:00,16.59,0.76,12.61,284.38,12.67,0.91,11.51,91.3,OFF,3499800,32.7,223769,-63,MOUNTED,12093.1,5.83
2026-09-04 05:20:00,16.49,0.69,11.38,286.27,12.64,0.82,10.38,91.2,OFF,3500400,32.4,214989,-65,MOUNTED,11119.1,6.00
2026-09-04 05:30:00,17.25,1.29,22.25,289.98,12.86,1.59,20.51,92.2,PWM 16%,3501000,34.4,219548,-66,MOUNTED,20883.0,6.17
2026-09-04 05:40:00,17.22,1.27,21.87,293.62,12.85,1.57,20.14,92.1,PWM 15%,3501600,34.2,224651,-65,MOUNTED,20305.6,6.33
2026-09-04 05:50:00,16.35,0.61,9.97,295.29,12.62,0.72,9.07,91.0,OFF,3502200,32.9,219631,-65,MOUNTED,10010.0,6.50
2026-09-04 06:00:00,16.49,0.70,11.54,297.21,12.64,0.83,10.52,91.2,OFF,3502800,32.5,215546,-67,MOUNTED,11274.7,6.67
2026-09-04 06:10:00,16.74,0.86,14.40,299.61,12.70,1.04,13.16,91.4,OFF,3503400,33.0,224215,-64,MOUNTED,13977.7,6.83
2026-09-04 06:20:00,16.88,0.97,16.37,302.34,12.74,1.18,14.99,91.6,OFF,3504000,32.8,222560,-65,MOUNTED,15724.3,7.00
2026-09-04 06:30:00,16.21,0.53,8.59,303.77,12.59,0.62,7.81,90.9,OFF,3504600,32.7,213884,-68,MOUNTED,8600.3,7.17
2026-09-04 06:40:00,16.51,0.70,11.56,305.70,12.65,0.83,10.54,91.2,OFF,3505200,32.5,222483,-68,MOUNTED,11426.7,7.33
2026-09-04 06:50:00,16.57,0.74,12.26,307.74,12.66,0.88,11.18,91.2,OFF,3505800,32.9,213140,-65,MOUNTED,11917.1,7.50
2026-09-04 07:00:00,16.68,0.82,13.68,310.02,12.69,0.99,12.50,91.4,OFF,3506400,32.4,214957,-67,MOUNTED,13239.5,7.67
2026-09-04 07:10:00,16.88,0.96,16.20,312.72,12.74,1.16,14.84,91.6,OFF,3507000,33.2,223467,-63,MOUNTED,15541.4,7.83
2026-09-04 07:20:00,16.95,1.02,17.29,315.60,12.76,1.24,15.85,91.7,OFF,3507600,33.3,218419,-66,MOUNTED,16362.8,8.00
2026-09-04 07:30:00,16.84,0.93,15.66,318.21,12.73,1.13,14.34,91.6,OFF,3508200,32.9,212122,-65,MOUNTED,15006.2,8.17
2026-09-04 07:40:00,16.43,0.66,10.84,320.02,12.63,0.78,9.88,91.1,OFF,3508800,32.9,223103,-66,MOUNTED,10442.5,8.33
2026-09-04 07:50:00,16.26,0.56,9.11,321.54,12.60,0.66,8.28,90.9,OFF,3509400,32.8,213529,-64,MOUNTED,9180.4,8.50
2026-09-04 08:00:00,16.60,0.76,12.62,323.64,12.67,0.91,11.52,91.3,OFF,3510000,32.5,214603,-67,MOUNTED,12285.6,8.67
2026-09-04 08:10:00,15.91,0.40,6.36,324.70,12.54,0.46,5.77,90.7,OFF,3510600,32.5,215759,-66,MOUNTED,6593.5,8.83
2026-09-04 08:20:00,16.52,0.71,11.73,326.65,12.65,0.85,10.70,91.2,OFF,3511200,33.2,225362,-67,MOUNTED,11560.8,9.00
2026-09-04 08:30:00,16.61,0.77,12.79,328.79,12.67,0.92,11.68,91.3,OFF,3511800,32.4,217648,-64,MOUNTED,12343.3,9.17
2026-09-04 08:40:00,16.48,0.69,11.37,330.68,12.64,0.82,10.36,91.1,OFF,3512400,32.6,225898,-63,MOUNTED,11020.2,9.33
2026-09-04 08:50:00,16.02,0.44,7.05,331.86,12.56,0.51,6.39,90.7,OFF,3513000,31.5,215430,-66,MOUNTED,7113.4,9.50
2026-09-04 09:00:00,15.56,0.27,4.20,332.56,12.50,0.30,3.80,90.5,OFF,3513600,31.9,211624,-65,MOUNTED,4402.3,9.50
2026-09-04 09:10:00,15.60,0.29,4.52,333.31,12.50,0.33,4.09,90.5,OFF,3514200,31.7,216630,-66,MOUNTED,4745.7,9.50
2026-09-04 09:20:00,16.22,0.54,8.76,334.77,12.59,0.63,7.96,90.9,OFF,3514800,32.6,213072,-68,MOUNTED,8848.7,9.67
2026-09-04 09:30:00,15.89,0.39,6.20,335.80,12.54,0.45,5.62,90.7,OFF,3515400,31.6,216061,-64,MOUNTED,6439.3,9.83
2026-09-04 09:40:00,15.98,0.43,6.87,336.95,12.55,0.50,6.23,90.7,OFF,3516000,32.1,224126,-66,MOUNTED,6948.8,10.00
2026-09-04 09:50:00,15.75,0.34,5.36,337.84,12.52,0.39,4.86,90.6,OFF,3516600,31.4,218302,-66,MOUNTED,5654.2,10.17
2026-09-04 10:00:00,16.78,0.89,14.93,340.33,12.71,1.07,13.66,91.5,OFF,3517200,32.5,212907,-64,MOUNTED,14282.6,10.33
2026-09-04 10:10:00,16.90,0.99,16.73,343.12,12.75,1.20,15.32,91.6,OFF,3517800,33.4,222767,-64,MOUNTED,15990.1,10.50
2026-09-04 10:20:00,16.62,0.78,12.96,345.28,12.67,0.93,11.83,91.3,OFF,3518400,32.9,225020,-63,MOUNTED,12681.4,10.67
2026-09-04 10:30:00,16.04,0.45,7.22,346.48,12.56,0.52,6.56,90.8,OFF,3519000,31.9,219429,-64,MOUNTED,7476.8,10.83
2026-09-04 10:40:00,15.61,0.29,4.53,347.24,12.50,0.33,4.10,90.5,OFF,3519600,31.4,218860,-64,MOUNTED,4870.1,10.83
2026-09-04 10:50:00,15.05,0.15,2.26,347.61,12.45,0.16,2.04,90.2,OFF,3520200,31.8,214692,-65,MOUNTED,2634.4,10.83
2026-09-04 11:00:00,12.00,0.00,0.00,347.61,12.40,0.00,0.00,90.0,OFF,3520800,30.9,223551,-63,MOUNTED,185.7,10.83
2026-09-04 11:10:00,12.00,0.00,0.00,347.61,12.40,0.00,0.00,90.0,OFF,3521400,31.2,222041,-66,MOUNTED,258.3,10.83
2026-09-04 11:20:00,12.00,0.00,0.00,347.61,12.40,0.00,0.00,90.0,OFF,3522000,31.5,220769,-64,MOUNTED,259.3,10.83
2026-09-04 11:30:00,12.00,0.00,0.00,347.61,12.40,0.00,0.00,90.0,OFF,3522600,30.8,223737,-67,MOUNTED,25.0,10.83
2026-09-04 11:40:00,12.00,0.00,0.00,347.61,12.40,0.00,0.00,90.0,OFF,3523200,30.7,211922,-65,MOUNTED,40.2,10.83
2026-09-04 11:50:00,12.00,0.00,0.00,347.61,12.40,0.00,0.00,90.0,OFF,3523800,31.4,214091,-64,MOUNTED,233.6,10.83
2026-09-04 23:00:00,12.00,0.00,0.00,0.00,12.40,0.00,0.00,90.0,OFF,3564000,28.6,215000,-67,MOUNTED,111.7,0.00
2026-09-04 23:10:00,14.17,0.04,0.57,0.09,12.41,0.04,0.51,90.1,OFF,3564600,28.7,219481,-65,MOUNTED,860.1,0.00
2026-09-04 23:20:00,14.54,0.07,1.02,0.26,12.43,0.07,0.92,90.1,OFF,3565200,28.7,225969,-65,MOUNTED,1183.4,0.00
2026-09-04 23:30:00,14.81,0.11,1.63,0.54,12.44,0.12,1.47,90.2,OFF,3565800,28.4,224981,-67,MOUNTED,1836.9,0.00
2026-09-04 23:40:00,15.07,0.15,2.26,0.91,12.45,0.16,2.04,90.3,OFF,3566400,28.8,224335,-63,MOUNTED,2423.4,0.00
2026-09-04 23:50:00,14.76,0.10,1.48,1.16,12.43,0.11,1.33,90.2,OFF,3567000,29.0,225072,-65,MOUNTED,1609.3,0.00
2026-09-05 00:00:00,15.10,0.16,2.42,1.56,12.46,0.18,2.19,90.3,OFF,3567600,28.3,219580,-65,MOUNTED,2524.3,0.00
2026-09-05 00:10:00,15.26,0.19,2.90,2.05,12.47,0.21,2.62,90.3,OFF,3568200,29.1,213236,-65,MOUNTED,3110.9,0.00
2026-09-05 00:20:00,15.37,0.22,3.38,2.61,12.48,0.25,3.06,90.4,OFF,3568800,28.7,212664,-65,MOUNTED,3746.8,0.00
2026-09-05 00:30:00,15.76,0.34,5.36,3.50,12.52,0.39,4.86,90.6,OFF,3569400,29.6,211025,-64,MOUNTED,5447.0,0.17
2026-09-05 00:40:00,15.92,0.40,6.37,4.56,12.54,0.46,5.78,90.7,OFF,3570000,28.8,224360,-64,MOUNTED,6641.1,0.33
2026-09-05 00:50:00,15.96,0.42,6.70,5.68,12.55,0.48,6.08,90.7,OFF,3570600,29.7,221938,-67,MOUNTED,6652.7,0.50
2026-09-05 01:00:00,15.91,0.40,6.36,6.74,12.54,0.46,5.77,90.7,OFF,3571200,29.7,213824,-66,MOUNTED,6518.4,0.67
2026-09-05 01:10:00,16.16,0.51,8.24,8.12,12.58,0.59,7.48,90.8,OFF,3571800,29.8,220854,-64,MOUNTED,8251.4,0.83
2026-09-05 01:20:00,16.28,0.57,9.28,9.66,12.60,0.67,8.44,91.0,OFF,3572400,29.2,219981,-67,MOUNTED,9239.0,1.00
2026-09-05 01:30:00,16.16,0.51,8.24,11.04,12.58,0.60,7.49,90.9,OFF,3573000,29.5,212660,-68,MOUNTED,8197.8,1.17
2026-09-05 01:40:00,15.83,0.37,5.86,12.01,12.53,0.42,5.31,90.6,OFF,3573600,28.9,216515,-63,MOUNTED,6131.6,1.33
2026-09-05 01:50:00,16.31,0.59,9.62,13.62,12.61,0.69,8.75,91.0,OFF,3574200,29.6,225763,-66,MOUNTED,9636.9,1.50
2026-09-05 02:00:00,16.49,0.70,11.54,15.54,12.64,0.83,10.52,91.2,OFF,3574800,29.7,212898,-66,MOUNTED,11228.7,1.67
2026-09-05 02:10:00,15.93,0.41,6.53,16.63,12.54,0.47,5.92,90.7,OFF,3575400,28.9,222986,-64,MOUNTED,6557.7,1.83
2026-09-05 02:20:00,15.86,0.38,6.03,17.63,12.53,0.44,5.46,90.6,OFF,3576000,28.8,220842,-66,MOUNTED,6195.8,2.00
2026-09-05 02:30:00,15.84,0.37,5.86,18.61,12.53,0.42,5.31,90.6,OFF,3576600,28.9,224644,-68,MOUNTED,6105.5,2.17
2026-09-05 02:40:00,16.42,0.65,10.67,20.39,12.63,0.77,9.72,91.1,OFF,3577200,29.9,218228,-65,MOUNTED,10604.9,2.33
2026-09-05 02:50:00,16.57,0.75,12.43,22.46,12.66,0.90,11.34,91.2,OFF,3577800,29.7,217513,-65,MOUNTED,11932.2,2.50
2026-09-05 03:00:00,16.78,0.89,14.93,24.95,12.71,1.07,13.66,91.5,OFF,3578400,30.6,224159,-68,MOUNTED,14425.4,2.67
2026-09-05 03:10:00,16.70,0.83,13.86,27.26,12.69,1.00,12.67,91.4,OFF,3579000,29.7,223411,-66,MOUNTED,13426.8,2.83
2026-09-05 03:20:00,16.49,0.69,11.38,29.15,12.64,0.82,10.38,91.2,OFF,3579600,29.8,223724,-64,MOUNTED,11300.0,3.00
2026-09-05 03:30:00,16.87,0.96,16.20,31.85,12.74,1.16,14.84,91.6,OFF,3580200,30.6,221248,-63,MOUNTED,15437.9,3.17
2026-09-05 03:40:00,16.25,0.56,9.10,33.37,12.60,0.66,8.27,90.9,OFF,3580800,29.4,222410,-65,MOUNTED,8903.4,3.33
2026-09-05 03:50:00,16.00,0.44,7.04,34.54,12.55,0.51,6.39,90.7,OFF,3581400,29.4,223596,-68,MOUNTED,7227.3,3.50
2026-09-05 04:00:00,16.12,0.49,7.90,35.86,12.57,0.57,7.17,90.8,OFF,3582000,29.7,221172,-68,MOUNTED,8002.0,3.67
2026-09-05 04:10:00,16.68,0.82,13.68,38.14,12.69,0.99,12.50,91.4,OFF,3582600,30.5,224335,-68,MOUNTED,13023.7,3.83
2026-09-05 04:20:00,16.50,0.70,11.55,40.06,12.65,0.83,10.53,91.2,OFF,3583200,29.6,211887,-65,MOUNTED,11428.2,4.00
2026-09-05 04:30:00,16.26,0.56,9.11,41.58,12.60,0.66,8.28,90.9,OFF,3583800,29.2,219677,-64,MOUNTED,9151.8,4.17
2026-09-05 04:40:00,16.73,0.86,14.39,43.98,12.70,1.04,13.15,91.4,OFF,3584400,30.0,218437,-66,MOUNTED,13864.5,4.33
2026-09-05 04:50:00,16.68,0.82,13.68,46.26,12.69,0.99,12.50,91.4,OFF,3585000,30.4,211079,-68,MOUNTED,13147.2,4.50
2026-09-05 05:00:00,16.01,0.44,7.04,47.43,12.55,0.51,6.39,90.7,OFF,3585600,29.4,222181,-63,MOUNTED,7256.2,4.67
2026-09-05 05:10:00,16.63,0.79,13.14,49.62,12.68,0.95,12.00,91.3,OFF,3586200,30.6,215625,-63,MOUNTED,12627.5,4.83
2026-09-05 05:20:00,16.56,0.74,12.25,51.67,12.66,0.88,11.17,91.2,OFF,3586800,29.8,212777,-65,MOUNTED,11813.8,5.00
2026-09-05 05:30:00,16.49,0.69,11.38,53.56,12.64,0.82,10.38,91.2,OFF,3587400,29.8,214227,-65,MOUNTED,11292.8,5.17
2026-09-05 05:40:00,16.39,0.63,10.33,55.28,12.62,0.75,9.41,91.1,OFF,3588000,29.3,218997,-66,MOUNTED,10328.6,5.33
2026-09-05 05:50:00,16.93,1.01,17.10,58.13,12.76,1.23,15.68,91.7,OFF,3588600,30.4,221347,-67,MOUNTED,16192.5,5.50
2026-09-05 06:00:00,16.42,0.65,10.67,59.91,12.63,0.77,9.72,91.1,OFF,3589200,30.1,225667,-65,MOUNTED,10531.1,5.67
2026-09-05 06:10:00,16.10,0.48,7.73,61.20,12.57,0.56,7.02,90.8,OFF,3589800,28.9,214382,-63,MOUNTED,7772.1,5.83
2026-09-05 06:20:00,16.79,0.90,15.11,63.72,12.72,1.09,13.83,91.5,OFF,3590400,30.6,215977,-65,MOUNTED,14359.6,6.00
2026-09-05 06:30:00,16.49,0.70,11.54,65.64,12.65,0.83,10.52,91.2,OFF,3591000,30.1,212023,-68,MOUNTED,11375.3,6.17
2026-09-05 06:40:00,16.38,0.63,10.32,67.36,12.62,0.74,9.40,91.1,OFF,3591600,29.3,213050,-64,MOUNTED,10217.4,6.33
2026-09-05 06:50:00,16.11,0.48,7.73,68.65,12.57,0.56,7.02,90.8,OFF,3592200,29.4,219941,-67,MOUNTED,7973.7,6.50
2026-09-05 07:00:00,16.01,0.44,7.04,69.82,12.56,0.51,6.39,90.7,OFF,3592800,29.6,220521,-67,MOUNTED,7212.5,6.67
2026-09-05 07:10:00,16.68,0.82,13.68,72.10,12.69,0.99,12.50,91.4,OFF,3593400,30.7,220662,-68,MOUNTED,13200.4,6.83
2026-09-05 07:20:00,15.92,0.40,6.37,73.17,12.54,0.46,5.78,90.7,OFF,3594000,28.7,218354,-65,MOUNTED,6715.5,7.00
2026-09-05 07:30:00,16.59,0.76,12.61,75.27,12.67,0.91,11.51,91.3,OFF,3594600,30.3,223638,-67,MOUNTED,12324.1,7.17
2026-09-05 07:40:00,16.41,0.65,10.67,77.05,12.63,0.77,9.72,91.1,OFF,3595200,29.3,219512,-66,MOUNTED,10482.9,7.33
2026-09-05 07:50:00,16.02,0.44,7.05,78.22,12.56,0.51,6.39,90.7,OFF,3595800,28.8,222362,-67,MOUNTED,7290.9,7.50
2026-09-05 08:00:00,16.16,0.51,8.24,79.59,12.58,0.60,7.49,90.9,OFF,3596400,29.3,218059,-68,MOUNTED,8152.7,7.67
2026-09-05 08:10:00,16.00,0.43,6.88,80.74,12.55,0.50,6.24,90.7,OFF,3597000,29.3,225384,-68,MOUNTED,7182.4,7.83
2026-09-05 08:20:00,16.43,0.65,10.68,82.52,12.63,0.77,9.73,91.1,OFF,3597600,30.3,211602,-65,MOUNTED,10427.2,8.00
2026-09-05 08:30:00,15.66,0.31,4.85,83.33,12.51,0.35,4.39,90.5,OFF,3598200,29.0,218520,-63,MOUNTED,4977.7,8.00
2026-09-05 08:40:00,15.64,0.30,4.69,84.11,12.51,0.34,4.24,90.5,OFF,3598800,28.7,217510,-65,MOUNTED,4781.3,8.00
2026-09-05 08:50:00,16.21,0.54,8.75,85.57,12.59,0.63,7.95,90.9,OFF,3599400,29.5,216658,-65,MOUNTED,8605.1,8.17
2026-09-05 09:00:00,15.83,0.37,5.86,86.55,12.53,0.42,5.31,90.6,OFF,3600000,29.3,225994,-67,MOUNTED,5968.2,8.33
2026-09-05 09:10:00,16.13,0.50,8.06,87.89,12.58,0.58,7.32,90.8,OFF,3600600,29.0,220115,-67,MOUNTED,7960.9,8.50
2026-09-05 09:20:00,15.86,0.38,6.03,88.89,12.53,0.44,5.46,90.6,OFF,3601200,29.1,221003,-68,MOUNTED,6184.9,8.67
2026-09-05 09:30:00,15.83,0.37,5.86,89.87,12.53,0.42,5.31,90.6,OFF,3601800,29.8,221705,-63,MOUNTED,6046.8,8.83
2026-09-05 09:40:00,15.16,0.17,2.58,90.30,12.46,0.19,2.33,90.3,OFF,3602400,28.4,219348,-66,MOUNTED,2974.1,8.83
2026-09-05 09:50:00,15.48,0.25,3.87,90.95,12.49,0.28,3.50,90.4,OFF,3603000,28.6,216033,-66,MOUNTED,4245.9,8.83
2026-09-05 10:00:00,15.54,0.27,4.20,91.65,12.49,0.30,3.80,90.4,OFF,3603600,29.0,215801,-66,MOUNTED,4412.7,8.83
2026-09-05 10:10:00,15.18,0.17,2.58,92.08,12.46,0.19,2.33,90.3,OFF,3604200,29.2,217452,-65,MOUNTED,2881.6,8.83
2026-09-05 10:20:00,14.97,0.13,1.95,92.40,12.45,0.14,1.76,90.2,OFF,3604800,29.1,214194,-64,MOUNTED,2391.2,8.83
2026-09-05 10:30:00,14.57,0.07,1.02,92.57,12.43,0.07,0.92,90.1,OFF,3605400,29.2,214818,-63,MOUNTED,1204.4,8.83
2026-09-05 10:40:00,14.39,0.06,0.86,92.72,12.42,0.06,0.77,90.1,OFF,3606000,28.0,218959,-67,MOUNTED,894.3,8.83
2026-09-05 10:50:00,14.05,0.03,0.42,92.78,12.41,0.03,0.38,90.0,OFF,3606600,28.5,211984,-63,MOUNTED,647.7,8.83
2026-09-05 11:00:00,12.00,0.00,0.00,92.78,12.40,0.00,0.00,90.0,OFF,3607200,28.0,223847,-68,MOUNTED,246.0,8.83
2026-09-05 11:10:00,12.00,0.00,0.00,92.78,12.40,0.00,0.00,90.0,OFF,3607800,28.1,211492,-63,MOUNTED,11.6,8.83
2026-09-05 11:20:00,12.00,0.00,0.00,92.78,12.40,0.00,0.00,90.0,OFF,3608400,28.7,224661,-65,MOUNTED,53.3,8.83
2026-09-05 11:30:00,12.00,0.00,0.00,92.78,12.40,0.00,0.00,90.0,OFF,3609000,28.0,214576,-65,MOUNTED,291.9,8.83
2026-09-05 11:40:00,12.00,0.00,0.00,92.78,12.40,0.00,0.00,90.0,OFF,3609600,27.9,225723,-64,MOUNTED,294.9,8.83
2026-09-05 11:50:00,12.00,0.00,0.00,92.78,12.40,0.00,0.00,90.0,OFF,3610200,28.7,224931,-66,MOUNTED,187.8,8.83
2026-09-05 23:00:00,12.00,0.00,0.00,0.00,12.40,0.00,0.00,90.0,OFF,3650400,30.6,219288,-67,MOUNTED,67.2,0.00
2026-09-05 23:10:00,15.32,0.21,3.22,0.54,12.47,0.23,2.91,90.3,OFF,3651000,31.8,218685,-65,MOUNTED,3340.2,0.00
2026-09-05 23:20:00,15.99,0.43,6.88,1.68,12.55,0.50,6.24,90.7,OFF,3651600,31.9,214421,-67,MOUNTED,6926.8,0.17
2026-09-05 23:30:00,16.36,0.62,10.14,3.37,12.62,0.73,9.23,91.0,OFF,3652200,32.1,219795,-63,MOUNTED,9850.2,0.33
2026-09-05 23:40:00,16.78,0.89,14.93,5.86,12.71,1.07,13.66,91.5,OFF,3652800,32.7,222240,-65,MOUNTED,14241.6,0.50
2026-09-05 23:50:00,16.96,1.03,17.47,8.77,12.76,1.26,16.02,91.7,OFF,3653400,33.3,215532,-67,MOUNTED,16518.0,0.67
2026-09-06 00:00:00,17.26,1.30,22.44,12.51,12.86,1.61,20.69,92.2,PWM 16%,3654000,34.0,218688,-66,MOUNTED,20769.1,0.83
2026-09-06 00:10:00,17.29,1.34,23.17,16.38,12.87,1.66,21.36,92.2,PWM 17%,3654600,34.6,212851,-66,MOUNTED,21625.1,1.00
2026-09-06 00:20:00,17.61,1.70,29.94,21.37,13.00,2.14,27.78,92.8,PWM 26%,3655200,34.7,220797,-64,MOUNTED,27199.5,1.17
2026-09-06 00:30:00,17.75,1.87,33.19,26.90,13.06,2.37,30.90,93.1,PWM 31%,3655800,35.4,225452,-63,MOUNTED,29895.2,1.33
2026-09-06 00:40:00,17.91,2.09,37.43,33.14,13.13,2.67,35.00,93.5,PWM 36%,3656400,35.8,213417,-63,MOUNTED,33325.0,1.50
2026-09-06 00:50:00,18.10,2.36,42.72,40.26,13.23,3.03,40.11,93.9,PWM 20%,3657000,36.0,216287,-68,MOUNTED,37661.7,1.67
2026-09-06 01:00:00,18.01,2.22,39.98,46.92,13.18,2.84,37.46,93.7,PWM 40%,3657600,35.6,212152,-65,MOUNTED,35446.0,1.83
2026-09-06 01:10:00,18.13,2.40,43.51,54.17,13.25,3.09,40.90,94.0,PWM 21%,3658200,36.1,212116,-65,MOUNTED,38514.3,2.00
2026-09-06 01:20:00,18.45,2.95,54.43,63.24,13.44,3.84,51.65,94.9,PWM 40%,3658800,37.9,212439,-65,MOUNTED,47157.8,2.17
2026-09-06 01:30:00,18.47,2.99,55.23,72.45,13.45,3.90,52.47,95.0,PWM 41%,3659400,37.7,221650,-64,MOUNTED,47721.8,2.33
2026-09-06 01:40:00,18.62,3.29,61.26,82.66,13.56,4.31,58.50,95.5,PWM 51%,3660000,38.8,217999,-63,MOUNTED,52613.5,2.50
2026-09-06 01:50:00,18.51,3.06,56.64,92.10,13.48,4.00,53.86,95.1,PWM 43%,3660600,38.6,215213,-67,MOUNTED,48861.5,2.67
2026-09-06 02:00:00,18.72,3.48,65.15,102.95,13.62,4.58,62.41,95.8,PWM 58%,3661200,39.1,220193,-66,MOUNTED,55735.0,2.83
2026-09-06 02:10:00,18.74,3.52,65.96,113.95,13.64,4.64,63.26,95.9,PWM 59%,3661800,39.6,215296,-63,MOUNTED,56205.7,3.00
2026-09-06 02:20:00,18.74,3.52,65.96,124.94,13.64,4.64,63.26,95.9,PWM 59%,3662400,40.0,218173,-64,MOUNTED,56148.9,3.17
2026-09-06 02:30:00,18.91,3.89,73.56,137.20,13.77,5.16,70.99,96.5,PWM 72%,3663000,41.0,213850,-63,MOUNTED,62088.7,3.33
2026-09-06 02:40:00,18.97,4.03,76.45,149.94,13.82,5.35,73.93,96.7,PWM 77%,3663600,41.1,215949,-68,MOUNTED,64406.2,3.50
2026-09-06 02:50:00,18.92,3.91,73.98,162.27,13.78,5.18,71.39,96.5,PWM 73%,3664200,39.8,222621,-66,MOUNTED,62392.7,3.67
2026-09-06 03:00:00,17.93,2.11,37.83,168.58,13.14,2.69,35.37,93.5,PWM 37%,3664800,36.4,213012,-67,MOUNTED,33667.6,3.83
2026-09-06 03:10:00,17.53,1.60,28.05,173.25,12.96,2.01,26.00,92.7,PWM 24%,3665400,34.6,211855,-64,MOUNTED,25566.9,4.00
2026-09-06 03:20:00,18.97,4.02,76.26,185.96,13.82,5.34,73.74,96.7,PWM 77%,3666000,41.0,212453,-65,MOUNTED,64377.8,4.17
2026-09-06 03:30:00,19.19,4.57,87.70,200.58,14.01,6.10,85.51,97.5,PWM 96%,3666600,42.1,216902,-65,MOUNTED,72765.1,4.33
2026-09-06 03:40:00,17.59,1.67,29.38,205.48,12.99,2.10,27.26,92.8,PWM 26%,3667200,35.3,221997,-67,MOUNTED,26758.0,4.50
2026-09-06 03:50:00,17.92,2.10,37.63,211.75,13.14,2.68,35.18,93.5,PWM 37%,3667800,36.5,217856,-63,MOUNTED,33426.7,4.67
2026-09-06 04:00:00,19.27,4.76,91.73,227.04,14.08,6.35,89.44,97.5,PWM 100%,3668400,42.4,215469,-65,MOUNTED,75895.3,4.83
2026-09-06 04:10:00,19.10,4.34,82.89,240.85,13.93,5.78,80.57,97.2,PWM 88%,3669000,42.1,215350,-64,MOUNTED,69256.5,5.00
2026-09-06 04:20:00,19.13,4.40,84.17,254.88,13.95,5.87,81.90,97.3,PWM 90%,3669600,42.1,224484,-66,MOUNTED,70336.0,5.17
2026-09-06 04:30:00,19.27,4.77,91.92,270.20,14.08,6.37,89.62,97.5,PWM 100%,3670200,42.8,213857,-66,MOUNTED,76204.8,5.33
2026-09-06 04:40:00,19.14,4.43,84.79,284.33,13.96,5.92,82.59,97.4,PWM 91%,3670800,42.0,212531,-66,MOUNTED,70749.2,5.50
2026-09-06 04:50:00,19.39,5.08,98.50,300.75,14.19,6.77,96.04,97.5,PWM 100%,3671400,43.3,213286,-64,MOUNTED,81093.9,5.67
2026-09-06 05:00:00,19.23,4.66,89.61,315.68,14.04,6.22,87.37,97.5,PWM 99%,3672000,42.7,217980,-65,MOUNTED,74515.3,5.83
2026-09-06 05:10:00,19.22,4.64,89.18,330.55,14.03,6.20,86.95,97.5,PWM 99%,3672600,42.0,225217,-66,MOUNTED,74259.3,6.00
2026-09-06 05:20:00,19.31,4.86,93.85,346.19,14.11,6.48,91.50,97.5,PWM 100%,3673200,42.8,225934,-68,MOUNTED,77602.2,6.17
2026-09-06 05:30:00,19.41,5.15,99.96,362.85,14.21,6.86,97.46,97.5,PWM 100%,3673800,43.5,211830,-64,MOUNTED,82277.3,6.33
2026-09-06 05:40:00,19.34,4.95,95.73,378.80,14.14,6.60,93.34,97.5,PWM 100%,3674400,43.0,225222,-63,MOUNTED,78877.7,6.50
2026-09-06 05:50:00,19.18,4.54,87.08,393.32,14.00,6.06,84.90,97.5,PWM 95%,3675000,41.8,215746,-67,MOUNTED,72539.4,6.67
2026-09-06 06:00:00,19.32,4.89,94.47,409.06,14.12,6.52,92.11,97.5,PWM 100%,3675600,43.2,223846,-63,MOUNTED,78094.6,6.83
2026-09-06 06:10:00,19.17,4.51,86.46,423.47,13.99,6.03,84.30,97.5,PWM 94%,3676200,41.8,216087,-65,MOUNTED,72018.3,7.00
2026-09-06 06:20:00,19.30,4.85,93.60,439.07,14.11,6.47,91.26,97.5,PWM 100%,3676800,42.5,215081,-68,MOUNTED,77578.1,7.17
2026-09-06 06:30:00,19.03,4.17,79.36,452.30,13.87,5.55,76.98,97.0,PWM 82%,3677400,40.6,219687,-65,MOUNTED,66747.1,7.33
2026-09-06 06:40:00,19.05,4.21,80.20,465.67,13.88,5.60,77.79,97.0,PWM 83%,3678000,41.6,211539,-65,MOUNTED,67354.2,7.50
2026-09-06 06:50:00,19.13,4.40,84.17,479.69,13.95,5.87,81.90,97.3,PWM 90%,3678600,41.5,215370,-68,MOUNTED,70240.5,7.67
2026-09-06 07:00:00,19.12,4.38,83.75,493.65,13.94,5.85,81.49,97.3,PWM 89%,3679200,41.2,223232,-64,MOUNTED,69811.9,7.83
2026-09-06 07:10:00,17.61,1.69,29.76,498.61,12.99,2.13,27.62,92.8,PWM 26%,3679800,35.3,214050,-63,MOUNTED,27000.2,8.00
2026-09-06 07:20:00,17.61,1.69,29.76,503.57,12.99,2.13,27.62,92.8,PWM 26%,3680400,35.4,223563,-68,MOUNTED,27165.2,8.17
2026-09-06 07:30:00,17.38,1.42,24.68,507.69,12.90,1.77,22.80,92.4,PWM 19%,3681000,34.3,219323,-64,MOUNTED,22792.6,8.33
2026-09-06 07:40:00,17.54,1.61,28.24,512.39,12.97,2.02,26.18,92.7,PWM 24%,3681600,34.3,212154,-68,MOUNTED,25847.3,8.50
2026-09-06 07:50:00,18.69,3.42,63.92,523.04,13.60,4.50,61.17,95.7,PWM 56%,3682200,39.5,223483,-67,MOUNTED,54622.8,8.67
2026-09-06 08:00:00,18.80,3.65,68.62,534.48,13.68,4.82,65.94,96.1,PWM 64%,3682800,40.1,219383,-68,MOUNTED,58187.9,8.83
2026-09-06 08:10:00,18.52,3.08,57.04,543.99,13.48,4.02,54.25,95.1,PWM 44%,3683400,38.4,223779,-68,MOUNTED,49160.0,9.00
2026-09-06 08:20:00,18.63,3.30,61.48,554.23,13.56,4.33,58.71,95.5,PWM 52%,3684000,39.4,222643,-64,MOUNTED,52600.0,9.17
2026-09-06 08:30:00,18.40,2.87,52.81,563.04,13.41,3.73,50.06,94.8,PWM 37%,3684600,37.8,223552,-66,MOUNTED,45905.3,9.33
2026-09-06 08:40:00,18.28,2.66,48.62,571.14,13.34,3.44,45.90,94.4,PWM 30%,3685200,37.0,215643,-68,MOUNTED,42631.2,9.50
2026-09-06 08:50:00,18.29,2.67,48.83,579.28,13.34,3.46,46.10,94.4,PWM 30%,3685800,36.9,217784,-64,MOUNTED,42643.4,9.67
2026-09-06 09:00:00,18.11,2.38,43.10,586.46,13.24,3.06,40.51,94.0,PWM 20%,3686400,36.7,215387,-68,MOUNTED,38110.1,9.83
2026-09-06 09:10:00,18.02,2.24,40.36,593.19,13.19,2.87,37.82,93.7,PWM 16%,3687000,36.0,214582,-67,MOUNTED,35741.6,10.00
2026-09-06 09:20:00,17.92,2.09,37.45,599.43,13.14,2.67,35.02,93.5,PWM 37%,3687600,36.2,219915,-68,MOUNTED,33409.4,10.17
2026-09-06 09:30:00,17.85,2.00,35.70,605.38,13.11,2.54,33.31,93.3,PWM 34%,3688200,36.1,219354,-65,MOUNTED,32169.8,10.33
2026-09-06 09:40:00,17.52,1.58,27.68,609.99,12.96,1.98,25.63,92.6,PWM 23%,3688800,34.9,222562,-64,MOUNTED,25432.7,10.50
2026-09-06 09:50:00,17.31,1.35,23.37,613.89,12.88,1.67,21.57,92.3,PWM 17%,3689400,34.1,223080,-63,MOUNTED,21665.6,10.67
2026-09-06 10:00:00,17.30,1.35,23.36,617.78,12.87,1.67,21.54,92.2,PWM 17%,3690000,34.7,212791,-67,MOUNTED,21692.4,10.83
2026-09-06 10:10:00,17.03,1.09,18.56,620.87,12.78,1.33,17.04,91.8,PWM 11%,3690600,33.0,216639,-67,MOUNTED,17618.0,11.00
2026-09-06 10:20:00,16.64,0.79,13.15,623.07,12.68,0.95,12.01,91.3,OFF,3691200,33.3,211870,-65,MOUNTED,12782.9,11.17
2026-09-06 10:30:00,16.41,0.64,10.50,624.82,12.63,0.76,9.57,91.1,OFF,3691800,32.6,212746,-68,MOUNTED,10508.1,11.33
2026-09-06 10:40:00,15.99,0.43,6.88,625.96,12.55,0.50,6.24,90.7,OFF,3692400,32.0,214508,-63,MOUNTED,7138.4,11.50
2026-09-06 10:50:00,15.36,0.22,3.38,626.53,12.48,0.25,3.06,90.4,OFF,3693000,31.6,223149,-63,MOUNTED,3684.5,11.50
2026-09-06 11:00:00,12.00,0.00,0.00,626.53,12.40,0.00,0.00,90.0,OFF,3693600,31.0,215068,-64,MOUNTED,220.3,11.50
2026-09-06 11:10:00,12.00,0.00,0.00,626.53,12.40,0.00,0.00,90.0,OFF,3694200,31.4,211887,-65,MOUNTED,174.8,11.50
2026-09-06 11:20:00,12.00,0.00,0.00,626.53,12.40,0.00,0.00,90.0,OFF,3694800,31.5,212383,-64,MOUNTED,106.7,11.50
2026-09-06 11:30:00,12.00,0.00,0.00,626.53,12.40,0.00,0.00,90.0,OFF,3695400,31.4,225205,-67,MOUNTED,129.8,11.50
2026-09-06 11:40:00,12.00,0.00,0.00,626.53,12.40,0.00,0.00,90.0,OFF,3696000,30.7,222972,-68,MOUNTED,94.9,11.50
2026-09-06 11:50:00,12.00,0.00,0.00,626.53,12.40,0.00,0.00,90.0,OFF,3696600,30.7,217591,-64,MOUNTED,299.4,11.50
2026-09-06 23:00:00,12.00,0.00,0.00,0.00,12.40,0.00,0.00,90.0,OFF,3736800,31.7,215692,-66,MOUNTED,270.8,0.00
2026-09-06 23:10:00,15.30,0.20,3.06,0.51,12.47,0.22,2.76,90.3,OFF,3737400,31.2,224862,-66,MOUNTED,3483.6,0.00
2026-09-06 23:20:00,15.88,0.39,6.19,1.54,12.54,0.45,5.61,90.6,OFF,3738000,31.6,224882,-63,MOUNTED,6282.5,0.17
2026-09-06 23:30:00,16.15,0.51,8.24,2.92,12.58,0.59,7.48,90.8,OFF,3738600,32.8,214358,-64,MOUNTED,8068.0,0.33
2026-09-06 23:40:00,16.33,0.60,9.80,4.55,12.61,0.71,8.92,91.0,OFF,3739200,33.0,220013,-67,MOUNTED,9613.6,0.50
2026-09-06 23:50:00,16.89,0.98,16.55,7.31,12.74,1.19,15.16,91.6,OFF,3739800,33.1,221443,-65,MOUNTED,15705.1,0.67
2026-09-07 00:00:00,16.85,0.95,16.01,9.97,12.73,1.15,14.67,91.6,OFF,3740400,32.7,212930,-63,MOUNTED,15296.8,0.83
2026-09-07 00:10:00,17.09,1.14,19.48,13.22,12.80,1.40,17.90,91.9,PWM 12%,3741000,34.1,218193,-67,MOUNTED,18271.7,1.00
2026-09-07 00:20:00,17.09,1.14,19.48,16.47,12.80,1.40,17.90,91.9,PWM 12%,3741600,33.4,215930,-64,MOUNTED,18231.8,1.17
2026-09-07 00:30:00,17.60,1.68,29.57,21.40,12.99,2.11,27.44,92.8,PWM 26%,3742200,35.3,220401,-63,MOUNTED,26930.2,1.33
2026-09-07 00:40:00,17.74,1.85,32.82,26.87,13.05,2.34,30.56,93.1,PWM 30%,3742800,35.5,225963,-65,MOUNTED,29747.3,1.50
2026-09-07 00:50:00,17.90,2.07,37.05,33.04,13.13,2.64,34.64,93.5,PWM 36%,3743400,35.2,214081,-63,MOUNTED,33110.5,1.67
2026-09-07 01:00:00,18.05,2.29,41.33,39.93,13.20,2.94,38.77,93.8,PWM 17%,3744000,36.0,224770,-67,MOUNTED,36587.3,1.83
2026-09-07 01:10:00,18.15,2.44,44.29,47.31,13.26,3.14,41.68,94.1,PWM 22%,3744600,36.3,217667,-68,MOUNTED,39024.4,2.00
2026-09-07 01:20:00,17.90,2.06,36.87,53.46,13.13,2.62,34.44,93.4,PWM 36%,3745200,35.7,215309,-65,MOUNTED,33096.1,2.17
2026-09-07 01:30:00,17.91,2.08,37.25,59.66,13.13,2.65,34.83,93.5,PWM 36%,3745800,35.5,213178,-63,MOUNTED,33176.0,2.33
2026-09-07 01:40:00,18.47,2.98,55.04,68.84,13.45,3.89,52.29,95.0,PWM 41%,3746400,37.8,223985,-66,MOUNTED,47761.2,2.50
2026-09-07 01:50:00,18.06,2.30,41.54,75.76,13.21,2.95,38.96,93.8,PWM 18%,3747000,36.6,214651,-67,MOUNTED,36850.9,2.67
2026-09-07 02:00:00,18.27,2.64,48.23,83.80,13.33,3.42,45.53,94.4,PWM 29%,3747600,37.8,215676,-66,MOUNTED,42262.8,2.83
2026-09-07 02:10:00,18.68,3.41,63.70,94.42,13.60,4.48,60.96,95.7,PWM 55%,3748200,39.4,223511,-66,MOUNTED,54296.8,3.00
2026-09-07 02:20:00,18.55,3.15,58.43,104.15,13.51,4.12,55.63,95.2,PWM 46%,3748800,37.9,220091,-68,MOUNTED,50110.4,3.17
2026-09-07 02:30:00,18.79,3.63,68.21,115.52,13.68,4.79,65.55,96.1,PWM 63%,3749400,39.9,214676,-66,MOUNTED,58094.1,3.33
2026-09-07 02:40:00,18.81,3.67,69.03,127.03,13.69,4.85,66.34,96.1,PWM 64%,3750000,39.5,217965,-68,MOUNTED,58768.3,3.50
2026-09-07 02:50:00,18.80,3.66,68.81,138.50,13.69,4.83,66.13,96.1,PWM 64%,3750600,39.3,224120,-67,MOUNTED,58466.2,3.67
2026-09-07 03:00:00,18.96,4.01,76.03,151.17,13.81,5.32,73.52,96.7,PWM 76%,3751200,40.9,216673,-68,MOUNTED,63975.8,3.83
2026-09-07 03:10:00,18.69,3.42,63.92,161.82,13.60,4.50,61.17,95.7,PWM 56%,3751800,39.5,222124,-66,MOUNTED,54702.2,4.00
2026-09-07 03:20:00,19.03,4.17,79.36,175.05,13.87,5.55,76.98,97.0,PWM 82%,3752400,41.0,211999,-67,MOUNTED,66612.4,4.17
2026-09-07 03:30:00,18.81,3.67,69.03,186.55,13.69,4.85,66.34,96.1,PWM 64%,3753000,40.0,212639,-67,MOUNTED,58521.7,4.33
2026-09-07 03:40:00,19.06,4.23,80.62,199.99,13.89,5.64,78.28,97.1,PWM 84%,3753600,40.9,214382,-68,MOUNTED,67483.1,4.50
2026-09-07 03:50:00,18.89,3.85,72.73,212.11,13.76,5.10,70.11,96.4,PWM 71%,3754200,40.7,219699,-65,MOUNTED,61633.7,4.67
2026-09-07 04:00:00,18.79,3.62,68.02,223.45,13.67,4.78,65.30,96.0,PWM 63%,3754800,39.8,218758,-63,MOUNTED,57817.6,4.83
2026-09-07 04:10:00,18.84,3.74,70.46,235.19,13.72,4.94,67.78,96.2,PWM 67%,3755400,39.6,225251,-66,MOUNTED,59725.4,5.00
2026-09-07 04:20:00,18.88,3.83,72.31,247.24,13.75,5.07,69.71,96.4,PWM 70%,3756000,39.6,224085,-66,MOUNTED,61219.4,5.17
2026-09-07 04:30:00,18.69,3.42,63.92,257.90,13.60,4.50,61.17,95.7,PWM 56%,3756600,39.2,212393,-64,MOUNTED,54765.6,5.33
2026-09-07 04:40:00,19.14,4.44,84.98,272.06,13.96,5.93,82.77,97.4,PWM 91%,3757200,42.1,215575,-66,MOUNTED,70963.0,5.50
2026-09-07 04:50:00,18.99,4.07,77.29,284.94,13.83,5.41,74.82,96.8,PWM 78%,3757800,40.3,211835,-67,MOUNTED,65035.7,5.67
2026-09-07 05:00:00,17.29,1.34,23.17,288.80,12.87,1.66,21.36,92.2,PWM 17%,3758400,33.7,222752,-68,MOUNTED,21393.3,5.83
2026-09-07 05:10:00,16.83,0.93,15.65,291.41,12.73,1.13,14.34,91.6,OFF,3759000,33.0,223321,-68,MOUNTED,15026.6,6.00
2026-09-07 05:20:00,16.25,0.56,9.10,292.93,12.60,0.66,8.27,90.9,OFF,3759600,32.4,222068,-63,MOUNTED,8920.0,6.17
2026-09-07 05:30:00,16.85,0.95,16.01,295.60,12.73,1.15,14.67,91.6,OFF,3760200,33.3,218476,-66,MOUNTED,15393.8,6.33
2026-09-07 05:40:00,16.21,0.54,8.75,297.06,12.59,0.63,7.95,90.9,OFF,3760800,32.4,215684,-66,MOUNTED,8732.7,6.50
2026-09-07 05:50:00,16.90,0.98,16.56,299.81,12.75,1.19,15.17,91.6,OFF,3761400,33.7,221774,-63,MOUNTED,15900.6,6.67
2026-09-07 06:00:00,16.53,0.72,11.90,301.80,12.65,0.86,10.85,91.2,OFF,3762000,33.0,222294,-63,MOUNTED,11616.9,6.83
2026-09-07 06:10:00,17.18,1.23,21.13,305.32,12.83,1.52,19.44,92.0,PWM 14%,3762600,34.2,225539,-66,MOUNTED,19789.7,7.00
2026-09-07 06:20:00,16.41,0.64,10.50,307.07,12.63,0.76,9.57,91.1,OFF,3763200,32.6,224750,-68,MOUNTED,10475.7,7.17
2026-09-07 06:30:00,17.10,1.15,19.66,310.35,12.81,1.41,18.07,91.9,PWM 12%,3763800,33.1,225842,-63,MOUNTED,18643.1,7.33
2026-09-07 06:40:00,16.99,1.05,17.84,313.32,12.77,1.28,16.38,91.8,OFF,3764400,33.1,212152,-67,MOUNTED,16872.4,7.50
2026-09-07 06:50:00,16.12,0.49,7.90,314.64,12.57,0.57,7.17,90.8,OFF,3765000,32.5,215736,-65,MOUNTED,8030.8,7.67
2026-09-07 07:00:00,16.11,0.49,7.89,315.95,12.57,0.57,7.16,90.8,OFF,3765600,31.6,215317,-65,MOUNTED,7848.1,7.83
2026-09-07 07:10:00,16.68,0.82,13.68,318.23,12.69,0.99,12.50,91.4,OFF,3766200,33.5,214901,-66,MOUNTED,13286.6,8.00
2026-09-07 07:20:00,17.03,1.09,18.56,321.32,12.78,1.33,17.04,91.8,PWM 11%,3766800,33.3,225674,-65,MOUNTED,17667.2,8.17
2026-09-07 07:30:00,16.66,0.81,13.49,323.57,12.68,0.97,12.32,91.3,OFF,3767400,32.6,218443,-64,MOUNTED,13035.6,8.33
2026-09-07 07:40:00,16.05,0.46,7.38,324.80,12.56,0.53,6.70,90.8,OFF,3768000,31.9,213726,-66,MOUNTED,7547.9,8.50
2026-09-07 07:50:00,16.76,0.88,14.75,327.26,12.71,1.06,13.50,91.5,OFF,3768600,33.5,225235,-68,MOUNTED,13999.3,8.67
2026-09-07 08:00:00,16.51,0.70,11.56,329.19,12.65,0.83,10.54,91.2,OFF,3769200,33.2,213370,-66,MOUNTED,11498.0,8.83
2026-09-07 08:10:00,16.44,0.66,10.85,331.00,12.63,0.78,9.88,91.1,OFF,3769800,32.9,213263,-68,MOUNTED,10785.4,9.00
2026-09-07 08:20:00,15.82,0.36,5.70,331.95,12.53,0.41,5.16,90.6,OFF,3770400,32.2,216142,-67,MOUNTED,6065.3,9.17
2026-09-07 08:30:00,16.55,0.73,12.08,333.96,12.66,0.87,11.02,91.2,OFF,3771000,32.5,214201,-67,MOUNTED,11823.0,9.33
2026-09-07 08:40:00,15.91,0.40,6.36,335.02,12.54,0.46,5.77,90.7,OFF,3771600,31.6,214369,-63,MOUNTED,6518.8,9.50
2026-09-07 08:50:00,16.22,0.54,8.76,336.48,12.59,0.63,7.96,90.9,OFF,3772200,32.2,220402,-63,MOUNTED,8871.5,9.67
2026-09-07 09:00:00,16.45,0.67,11.02,338.32,12.63,0.79,10.04,91.1,OFF,3772800,32.5,213281,-66,MOUNTED,10748.1,9.83
2026-09-07 09:10:00,15.70,0.32,5.02,339.15,12.51,0.36,4.54,90.5,OFF,3773400,32.1,217136,-68,MOUNTED,5349.2,10.00
2026-09-07 09:20:00,15.86,0.38,6.03,340.16,12.53,0.44,5.46,90.6,OFF,3774000,31.4,214028,-67,MOUNTED,6102.0,10.17
2026-09-07 09:30:00,15.75,0.34,5.36,341.05,12.52,0.39,4.86,90.6,OFF,3774600,32.0,211160,-68,MOUNTED,5519.1,10.33
2026-09-07 09:40:00,15.54,0.27,4.20,341.75,12.49,0.30,3.80,90.4,OFF,3775200,31.8,213260,-66,MOUNTED,4324.5,10.33
2026-09-07 09:50:00,15.14,0.17,2.57,342.18,12.46,0.19,2.32,90.3,OFF,3775800,32.1,224290,-68,MOUNTED,2639.3,10.33
2026-09-07 10:00:00,17.01,1.07,18.20,345.21,12.78,1.31,16.71,91.8,PWM 10%,3776400,33.8,224156,-67,MOUNTED,17401.4,10.50
2026-09-07 10:10:00,16.82,0.92,15.47,347.79,12.72,1.11,14.16,91.5,OFF,3777000,33.3,212163,-63,MOUNTED,14931.0,10.67
2026-09-07 10:20:00,16.62,0.78,12.96,349.95,12.67,0.93,11.83,91.3,OFF,3777600,32.3,220882,-65,MOUNTED,12372.3,10.83
2026-09-07 10:30:00,16.01,0.44,7.04,351.12,12.55,0.51,6.39,90.7,OFF,3778200,31.7,218861,-66,MOUNTED,7241.5,11.00
2026-09-07 10:40:00,15.75,0.34,5.36,352.02,12.52,0.39,4.86,90.6,OFF,3778800,31.5,215683,-63,MOUNTED,5522.8,11.17
2026-09-07 10:50:00,15.05,0.15,2.26,352.39,12.45,0.16,2.04,90.2,OFF,3779400,31.0,212060,-68,MOUNTED,2486.1,11.17
2026-09-07 11:00:00,12.00,0.00,0.00,352.39,12.40,0.00,0.00,90.0,OFF,3780000,31.5,223036,-63,MOUNTED,227.7,11.17
2026-09-07 11:10:00,12.00,0.00,0.00,352.39,12.40,0.00,0.00,90.0,OFF,3780600,31.8,223236,-63,MOUNTED,91.3,11.17
2026-09-07 11:20:00,12.00,0.00,0.00,352.39,12.40,0.00,0.00,90.0,OFF,3781200,31.3,214786,-66,MOUNTED,125.5,11.17
2026-09-07 11:30:00,12.00,0.00,0.00,352.39,12.40,0.00,0.00,90.0,OFF,3781800,31.4,214569,-68,MOUNTED,221.7,11.17
2026-09-07 11:40:00,12.00,0.00,0.00,352.39,12.40,0.00,0.00,90.0,OFF,3782400,30.7,221279,-66,MOUNTED,203.3,11.17
2026-09-07 11:50:00,12.00,0.00,0.00,352.39,12.40,0.00,0.00,90.0,OFF,3783000,31.7,219566,-63,MOUNTED,267.0,11.17
2026-09-07 23:00:00,12.00,0.00,0.00,0.00,12.40,0.00,0.00,90.0,OFF,3823200,28.1,223914,-65,MOUNTED,145.0,0.00
2026-09-07 23:10:00,13.85,0.02,0.28,0.05,12.41,0.02,0.25,90.0,OFF,3823800,29.1,223440,-63,MOUNTED,599.2,0.00
2026-09-07 23:20:00,14.22,0.04,0.57,0.14,12.41,0.04,0.51,90.1,OFF,3824400,28.3,216685,-68,MOUNTED,827.3,0.00
2026-09-07 23:30:00,14.90,0.12,1.79,0.44,12.44,0.13,1.61,90.2,OFF,3825000,28.7,224399,-66,MOUNTED,2064.9,0.00
2026-09-07 23:40:00,14.65,0.08,1.17,0.64,12.43,0.08,1.05,90.1,OFF,3825600,28.1,212400,-65,MOUNTED,1411.1,0.00
2026-09-07 23:50:00,15.16,0.17,2.58,1.06,12.46,0.19,2.33,90.3,OFF,3826200,28.4,217562,-65,MOUNTED,2831.3,0.00
2026-09-08 00:00:00,15.28,0.20,3.06,1.57,12.47,0.22,2.76,90.3,OFF,3826800,29.0,221817,-64,MOUNTED,3254.6,0.00
2026-09-08 00:10:00,15.46,0.25,3.87,2.22,12.49,0.28,3.50,90.4,OFF,3827400,28.9,213785,-64,MOUNTED,4029.3,0.00
2026-09-08 00:20:00,15.30,0.20,3.06,2.73,12.47,0.22,2.76,90.3,OFF,3828000,28.8,217160,-66,MOUNTED,3508.6,0.00
2026-09-08 00:30:00,15.64,0.30,4.69,3.51,12.51,0.34,4.24,90.5,OFF,3828600,29.2,221839,-68,MOUNTED,5075.8,0.00
2026-09-08 00:40:00,15.82,0.36,5.70,4.46,12.53,0.41,5.16,90.6,OFF,3829200,28.9,215182,-66,MOUNTED,5836.8,0.17
2026-09-08 00:50:00,15.43,0.24,3.70,5.08,12.48,0.27,3.34,90.4,OFF,3829800,29.2,212849,-66,MOUNTED,3790.3,0.17
2026-09-08 01:00:00,16.19,0.53,8.58,6.51,12.58,0.62,7.80,90.9,OFF,3830400,29.1,224640,-64,MOUNTED,8564.0,0.33
2026-09-08 01:10:00,15.70,0.32,5.02,7.34,12.51,0.36,4.54,90.5,OFF,3831000,29.5,217861,-68,MOUNTED,5366.8,0.50
2026-09-08 01:20:00,15.95,0.42,6.70,8.46,12.55,0.48,6.08,90.7,OFF,3831600,29.6,217924,-67,MOUNTED,6779.2,0.67
2026-09-08 01:30:00,15.95,0.41,6.54,9.55,12.55,0.47,5.93,90.7,OFF,3832200,29.3,211549,-65,MOUNTED,6808.3,0.83
2026-09-08 01:40:00,15.71,0.32,5.03,10.39,12.51,0.36,4.55,90.5,OFF,3832800,29.7,223175,-66,MOUNTED,5395.0,1.00
2026-09-08 01:50:00,16.33,0.60,9.80,12.02,12.61,0.71,8.92,91.0,OFF,3833400,29.8,211248,-64,MOUNTED,9709.9,1.17
2026-09-08 02:00:00,16.13,0.50,8.06,13.37,12.57,0.58,7.32,90.8,OFF,3834000,30.0,211737,-66,MOUNTED,7898.0,1.33
2026-09-08 02:10:00,16.07,0.47,7.55,14.62,12.56,0.55,6.86,90.8,OFF,3834600,29.4,221828,-64,MOUNTED,7718.8,1.50
2026-09-08 02:20:00,16.57,0.75,12.43,16.70,12.66,0.90,11.34,91.2,OFF,3835200,30.2,225590,-64,MOUNTED,11975.3,1.67
2026-09-08 02:30:00,16.07,0.47,7.55,17.95,12.57,0.55,6.86,90.8,OFF,3835800,29.0,212404,-68,MOUNTED,7618.0,1.83
2026-09-08 02:40:00,15.97,0.42,6.71,19.07,12.55,0.49,6.09,90.7,OFF,3836400,29.0,217804,-65,MOUNTED,6761.1,2.00
2026-09-08 02:50:00,16.15,0.51,8.24,20.45,12.58,0.59,7.48,90.8,OFF,3837000,29.8,224623,-68,MOUNTED,8353.4,2.17
2026-09-08 03:00:00,16.71,0.84,14.04,22.79,12.70,1.01,12.83,91.4,OFF,3837600,29.7,217238,-64,MOUNTED,13532.1,2.33
2026-09-08 03:10:00,16.23,0.55,8.93,24.27,12.59,0.64,8.12,90.9,OFF,3838200,29.1,214700,-67,MOUNTED,8817.9,2.50
2026-09-08 03:20:00,16.49,0.69,11.38,26.17,12.64,0.82,10.38,91.2,OFF,3838800,30.4,217284,-68,MOUNTED,11304.5,2.67
2026-09-08 03:30:00,16.44,0.66,10.85,27.98,12.63,0.78,9.88,91.1,OFF,3839400,29.6,219769,-68,MOUNTED,10792.1,2.83
2026-09-08 03:40:00,16.64,0.79,13.15,30.17,12.68,0.95,12.01,91.3,OFF,3840000,29.9,223034,-63,MOUNTED,12594.9,3.00
2026-09-08 03:50:00,16.54,0.73,12.07,32.18,12.66,0.87,11.01,91.2,OFF,3840600,30.2,213771,-64,MOUNTED,11778.3,3.17
2026-09-08 04:00:00,16.64,0.79,13.15,34.38,12.68,0.95,12.01,91.3,OFF,3841200,30.7,221540,-64,MOUNTED,12885.3,3.33
2026-09-08 04:10:00,16.08,0.47,7.56,35.63,12.57,0.55,6.86,90.8,OFF,3841800,29.2,211455,-65,MOUNTED,7567.7,3.50
2026-09-08 04:20:00,16.40,0.64,10.50,37.38,12.62,0.76,9.57,91.1,OFF,3842400,29.3,217998,-68,MOUNTED,10353.3,3.67
2026-09-08 04:30:00,16.96,1.04,17.64,40.32,12.76,1.27,16.18,91.7,OFF,3843000,31.1,214060,-63,MOUNTED,16590.0,3.83
2026-09-08 04:40:00,16.26,0.56,9.11,41.84,12.60,0.66,8.28,90.9,OFF,3843600,29.1,223013,-63,MOUNTED,9111.4,4.00
2026-09-08 04:50:00,16.19,0.52,8.42,43.25,12.58,0.61,7.65,90.9,OFF,3844200,29.7,215748,-65,MOUNTED,8521.1,4.17
2026-09-08 05:00:00,16.78,0.89,14.93,45.73,12.71,1.07,13.66,91.5,OFF,3844800,30.5,216810,-68,MOUNTED,14195.0,4.33
2026-09-08 05:10:00,16.23,0.55,8.93,47.22,12.59,0.64,8.12,90.9,OFF,3845400,29.9,217032,-64,MOUNTED,8833.5,4.50
2026-09-08 05:20:00,17.01,1.07,18.20,50.26,12.78,1.31,16.71,91.8,PWM 10%,3846000,30.7,219862,-68,MOUNTED,17271.4,4.67
2026-09-08 05:30:00,16.90,0.98,16.56,53.02,12.75,1.19,15.17,91.6,OFF,3846600,30.8,220723,-67,MOUNTED,15671.8,4.83
2026-09-08 05:40:00,16.64,0.79,13.15,55.21,12.68,0.95,12.01,91.3,OFF,3847200,30.3,213402,-63,MOUNTED,12667.8,5.00
2026-09-08 05:50:00,16.42,0.65,10.67,56.99,12.63,0.77,9.72,91.1,OFF,3847800,30.2,211396,-64,MOUNTED,10609.1,5.17
2026-09-08 06:00:00,16.68,0.82,13.68,59.27,12.69,0.99,12.50,91.4,OFF,3848400,30.3,211204,-66,MOUNTED,13240.7,5.33
2026-09-08 06:10:00,16.92,1.00,16.92,62.09,12.75,1.22,15.52,91.7,OFF,3849000,30.1,218538,-64,MOUNTED,15988.3,5.50
2026-09-08 06:20:00,16.16,0.51,8.24,63.46,12.58,0.60,7.49,90.9,OFF,3849600,29.1,223441,-66,MOUNTED,8374.0,5.67
2026-09-08 06:30:00,16.36,0.61,9.98,65.12,12.62,0.72,9.08,91.0,OFF,3850200,30.3,211244,-64,MOUNTED,10062.8,5.83
2026-09-08 06:40:00,16.68,0.82,13.68,67.40,12.69,0.99,12.50,91.4,OFF,3850800,30.2,218990,-65,MOUNTED,13267.8,6.00
2026-09-08 06:50:00,16.23,0.55,8.93,68.89,12.59,0.64,8.12,90.9,OFF,3851400,29.4,222429,-63,MOUNTED,8756.8,6.17
2026-09-08 07:00:00,16.43,0.66,10.84,70.70,12.63,0.78,9.88,91.1,OFF,3852000,29.9,225749,-68,MOUNTED,10710.1,6.33
2026-09-08 07:10:00,16.53,0.72,11.90,72.68,12.65,0.86,10.85,91.2,OFF,3852600,29.7,214248,-66,MOUNTED,11602.6,6.50
2026-09-08 07:20:00,16.27,0.57,9.27,74.23,12.60,0.67,8.43,90.9,OFF,3853200,29.5,218232,-68,MOUNTED,9249.5,6.67
2026-09-08 07:30:00,16.54,0.73,12.07,76.24,12.66,0.87,11.01,91.2,OFF,3853800,30.3,213583,-66,MOUNTED,11696.6,6.83
2026-09-08 07:40:00,16.66,0.80,13.33,78.46,12.68,0.96,12.17,91.3,OFF,3854400,29.9,219781,-64,MOUNTED,12803.1,7.00
2026-09-08 07:50:00,16.10,0.48,7.73,79.75,12.57,0.56,7.02,90.8,OFF,3855000,30.0,214721,-64,MOUNTED,7950.6,7.17
2026-09-08 08:00:00,15.89,0.39,6.20,80.78,12.54,0.45,5.62,90.7,OFF,3855600,28.9,217109,-64,MOUNTED,6512.9,7.33
2026-09-08 08:10:00,15.89,0.39,6.20,81.81,12.54,0.45,5.62,90.7,OFF,3856200,29.1,219892,-65,MOUNTED,6491.6,7.50
2026-09-08 08:20:00,16.21,0.54,8.75,83.27,12.59,0.63,7.95,90.9,OFF,3856800,29.6,218184,-66,MOUNTED,8580.2,7.67
2026-09-08 08:30:00,15.54,0.27,4.20,83.97,12.49,0.30,3.80,90.4,OFF,3857400,29.3,211170,-64,MOUNTED,4414.5,7.67
2026-09-08 08:40:00,15.99,0.43,6.88,85.12,12.55,0.50,6.24,90.7,OFF,3858000,29.8,219267,-67,MOUNTED,7068.3,7.83
2026-09-08 08:50:00,15.95,0.42,6.70,86.24,12.55,0.48,6.08,90.7,OFF,3858600,29.5,224875,-66,MOUNTED,6886.6,8.00
2026-09-08 09:00:00,15.84,0.37,5.86,87.21,12.53,0.42,5.31,90.6,OFF,3859200,28.7,220128,-67,MOUNTED,6004.3,8.17
2026-09-08 09:10:00,15.78,0.35,5.52,88.13,12.52,0.40,5.00,90.6,OFF,3859800,29.4,212228,-63,MOUNTED,5818.3,8.33
2026-09-08 09:20:00,15.79,0.35,5.53,89.05,12.52,0.40,5.01,90.6,OFF,3860400,29.0,219621,-64,MOUNTED,5752.9,8.50
2026-09-08 09:30:00,15.17,0.17,2.58,89.48,12.46,0.19,2.33,90.3,OFF,3861000,29.4,217392,-63,MOUNTED,3017.3,8.50
2026-09-08 09:40:00,15.42,0.23,3.55,90.08,12.48,0.26,3.21,90.4,OFF,3861600,29.2,211371,-65,MOUNTED,3778.4,8.50
2026-09-08 09:50:00,15.56,0.27,4.20,90.78,12.50,0.30,3.80,90.5,OFF,3862200,28.4,219036,-68,MOUNTED,4633.7,8.50
2026-09-08 10:00:00,14.89,0.12,1.79,91.08,12.44,0.13,1.61,90.2,OFF,3862800,28.4,224756,-66,MOUNTED,2033.5,8.50
2026-09-08 10:10:00,15.36,0.22,3.38,91.64,12.48,0.25,3.06,90.4,OFF,3863400,29.1,223388,-64,MOUNTED,3731.0,8.50
2026-09-08 10:20:00,15.01,0.14,2.10,91.99,12.45,0.15,1.89,90.2,OFF,3864000,28.8,217389,-65,MOUNTED,2315.2,8.50
2026-09-08 10:30:00,15.01,0.14,2.10,92.34,12.45,0.15,1.89,90.2,OFF,3864600,29.0,215017,-65,MOUNTED,2404.1,8.50
2026-09-08 10:40:00,14.27,0.05,0.71,92.46,12.42,0.05,0.64,90.1,OFF,3865200,28.7,222370,-66,MOUNTED,787.4,8.50
2026-09-08 10:50:00,13.95,0.02,0.28,92.50,12.41,0.02,0.25,90.0,OFF,3865800,28.2,215154,-64,MOUNTED,427.9,8.50
2026-09-08 11:00:00,12.00,0.00,0.00,92.50,12.40,0.00,0.00,90.0,OFF,3866400,28.0,217033,-68,MOUNTED,210.3,8.50
2026-09-08 11:10:00,12.00,0.00,0.00,92.50,12.40,0.00,0.00,90.0,OFF,3867000,28.1,213978,-66,MOUNTED,147.1,8.50
2026-09-08 11:20:00,12.00,0.00,0.00,92.50,12.40,0.00,0.00,90.0,OFF,3867600,28.6,219346,-68,MOUNTED,280.6,8.50
2026-09-08 11:30:00,12.00,0.00,0.00,92.50,12.40,0.00,0.00,90.0,OFF,3868200,28.4,222187,-67,MOUNTED,71.5,8.50
2026-09-08 11:40:00,12.00,0.00,0.00,92.50,12.40,0.00,0.00,90.0,OFF,3868800,28.3,213298,-68,MOUNTED,293.0,8.50
2026-09-08 11:50:00,12.00,0.00,0.00,92.50,12.40,0.00,0.00,90.0,OFF,3869400,28.2,223403,-68,MOUNTED,201.0,8.50
2026-09-08 23:00:00,12.00,0.00,0.00,0.00,12.40,0.00,0.00,90.0,OFF,3909600,28.6,225538,-63,MOUNTED,40.8,0.00
2026-09-08 23:10:00,14.16,0.04,0.57,0.09,12.41,0.04,0.51,90.1,OFF,3910200,28.6,218712,-67,MOUNTED,813.8,0.00
2026-09-08 23:20:00,14.57,0.08,1.17,0.29,12.43,0.08,1.05,90.1,OFF,3910800,29.0,214885,-65,MOUNTED,1206.0,0.00
2026-09-08 23:30:00,14.41,0.06,0.86,0.43,12.42,0.06,0.77,90.1,OFF,3911400,28.9,211656,-67,MOUNTED,1059.1,0.00
2026-09-08 23:40:00,14.84,0.11,1.63,0.70,12.44,0.12,1.47,90.2,OFF,3912000,29.0,224564,-67,MOUNTED,1803.4,0.00
2026-09-08 23:50:00,14.75,0.10,1.48,0.95,12.43,0.11,1.33,90.2,OFF,3912600,28.1,216633,-67,MOUNTED,1815.6,0.00
2026-09-09 00:00:00,15.15,0.17,2.58,1.38,12.46,0.19,2.33,90.3,OFF,3913200,29.3,213835,-63,MOUNTED,2704.4,0.00
2026-09-09 00:10:00,15.45,0.24,3.71,2.00,12.49,0.27,3.35,90.4,OFF,3913800,29.3,216901,-67,MOUNTED,4042.8,0.00
2026-09-09 00:20:00,15.12,0.16,2.42,2.40,12.46,0.18,2.19,90.3,OFF,3914400,28.4,223042,-65,MOUNTED,2694.5,0.00
2026-09-09 00:30:00,15.54,0.27,4.20,3.10,12.49,0.30,3.80,90.4,OFF,3915000,29.5,225941,-66,MOUNTED,4357.0,0.00
2026-09-09 00:40:00,15.99,0.43,6.88,4.25,12.55,0.50,6.24,90.7,OFF,3915600,29.7,216587,-68,MOUNTED,7058.3,0.17
2026-09-09 00:50:00,15.69,0.32,5.02,5.09,12.51,0.36,4.54,90.5,OFF,3916200,29.7,211285,-64,MOUNTED,5275.7,0.33
2026-09-09 01:00:00,15.59,0.29,4.52,5.84,12.50,0.33,4.09,90.5,OFF,3916800,29.3,221080,-65,MOUNTED,4750.0,0.33
2026-09-09 01:10:00,16.19,0.53,8.58,7.27,12.59,0.62,7.80,90.9,OFF,3917400,29.0,221584,-65,MOUNTED,8640.1,0.50
2026-09-09 01:20:00,16.22,0.54,8.76,8.73,12.59,0.63,7.96,90.9,OFF,3918000,30.0,215151,-67,MOUNTED,8819.7,0.67
2026-09-09 01:30:00,16.33,0.60,9.80,10.36,12.61,0.71,8.92,91.0,OFF,3918600,30.2,216683,-64,MOUNTED,9624.6,0.83
2026-09-09 01:40:00,15.86,0.38,6.03,11.37,12.53,0.44,5.46,90.6,OFF,3919200,28.8,224888,-63,MOUNTED,6304.0,1.00
2026-09-09 01:50:00,16.20,0.53,8.59,12.80,12.59,0.62,7.81,90.9,OFF,3919800,29.9,225449,-64,MOUNTED,8671.4,1.17
2026-09-09 02:00:00,16.19,0.53,8.58,14.23,12.59,0.62,7.80,90.9,OFF,3920400,29.0,214770,-64,MOUNTED,8630.5,1.33
2026-09-09 02:10:00,16.27,0.57,9.27,15.77,12.60,0.67,8.43,90.9,OFF,3921000,30.0,220421,-63,MOUNTED,9208.9,1.50
2026-09-09 02:20:00,16.04,0.46,7.38,17.00,12.56,0.53,6.70,90.8,OFF,3921600,29.1,213260,-63,MOUNTED,7371.5,1.67
2026-09-09 02:30:00,15.97,0.42,6.71,18.12,12.55,0.49,6.09,90.7,OFF,3922200,29.1,221455,-63,MOUNTED,6876.1,1.83
2026-09-09 02:40:00,16.61,0.77,12.79,20.25,12.67,0.92,11.68,91.3,OFF,3922800,29.5,219224,-67,MOUNTED,12431.1,2.00
2026-09-09 02:50:00,16.31,0.59,9.62,21.86,12.61,0.69,8.75,91.0,OFF,3923400,29.3,214823,-68,MOUNTED,9536.2,2.17
2026-09-09 03:00:00,16.64,0.79,13.15,24.05,12.68,0.95,12.01,91.3,OFF,3924000,30.2,219727,-68,MOUNTED,12614.8,2.33
2026-09-09 03:10:00,16.14,0.50,8.07,25.39,12.58,0.58,7.33,90.8,OFF,3924600,29.0,222298,-68,MOUNTED,8227.4,2.50
2026-09-09 03:20:00,16.82,0.92,15.47,27.97,12.72,1.11,14.16,91.5,OFF,3925200,30.3,219326,-67,MOUNTED,14712.3,2.67
2026-09-09 03:30:00,16.60,0.76,12.62,30.08,12.67,0.91,11.52,91.3,OFF,3925800,30.0,216137,-63,MOUNTED,12131.5,2.83
2026-09-09 03:40:00,16.75,0.87,14.57,32.50,12.71,1.05,13.32,91.4,OFF,3926400,30.8,214835,-63,MOUNTED,13921.6,3.00
2026-09-09 03:50:00,16.01,0.44,7.04,33.68,12.55,0.51,6.39,90.7,OFF,3927000,28.8,223592,-66,MOUNTED,7210.7,3.17
2026-09-09 04:00:00,16.58,0.75,12.43,35.75,12.66,0.90,11.34,91.2,OFF,3927600,30.4,217473,-67,MOUNTED,11943.9,3.33
2026-09-09 04:10:00,16.40,0.64,10.50,37.50,12.62,0.76,9.57,91.1,OFF,3928200,30.0,222846,-66,MOUNTED,10267.7,3.50
2026-09-09 04:20:00,16.23,0.55,8.93,38.99,12.59,0.64,8.12,90.9,OFF,3928800,29.2,212412,-66,MOUNTED,8972.9,3.67
2026-09-09 04:30:00,16.70,0.83,13.86,41.30,12.69,1.00,12.67,91.4,OFF,3929400,30.8,221807,-63,MOUNTED,13452.6,3.83
2026-09-09 04:40:00,16.94,1.02,17.28,44.18,12.76,1.24,15.85,91.7,OFF,3930000,30.7,223634,-64,MOUNTED,16318.6,4.00
2026-09-09 04:50:00,16.40,0.64,10.50,45.93,12.62,0.76,9.57,91.1,OFF,3930600,29.9,219077,-67,MOUNTED,10260.9,4.17
2026-09-09 05:00:00,16.73,0.85,14.22,48.30,12.70,1.02,13.00,91.4,OFF,3931200,30.6,222314,-68,MOUNTED,13827.6,4.33
2026-09-09 05:10:00,17.01,1.07,18.20,51.33,12.78,1.31,16.71,91.8,PWM 10%,3931800,30.3,217292,-63,MOUNTED,17286.6,4.50
2026-09-09 05:20:00,16.25,0.56,9.10,52.85,12.60,0.66,8.27,90.9,OFF,3932400,29.9,221974,-68,MOUNTED,9022.5,4.67
2026-09-09 05:30:00,16.63,0.78,12.97,55.01,12.68,0.93,11.84,91.3,OFF,3933000,29.9,220695,-66,MOUNTED,12524.0,4.83
2026-09-09 05:40:00,16.90,0.98,16.56,57.77,12.75,1.19,15.17,91.6,OFF,3933600,30.9,216785,-63,MOUNTED,15858.7,5.00
2026-09-09 05:50:00,16.79,0.90,15.11,60.29,12.72,1.09,13.83,91.5,OFF,3934200,30.1,211872,-66,MOUNTED,14489.8,5.17
2026-09-09 06:00:00,16.91,0.99,16.74,63.08,12.75,1.20,15.35,91.7,OFF,3934800,30.3,223090,-68,MOUNTED,16064.4,5.33
2026-09-09 06:10:00,16.23,0.55,8.93,64.57,12.59,0.64,8.12,90.9,OFF,3935400,29.5,217835,-68,MOUNTED,8823.0,5.50
2026-09-09 06:20:00,16.32,0.59,9.63,66.17,12.61,0.69,8.76,91.0,OFF,3936000,30.1,225660,-64,MOUNTED,9447.9,5.67
2026-09-09 06:30:00,16.84,0.94,15.83,68.81,12.73,1.14,14.50,91.6,OFF,3936600,30.4,225946,-64,MOUNTED,15179.9,5.83
2026-09-09 06:40:00,16.74,0.86,14.40,71.21,12.70,1.04,13.16,91.4,OFF,3937200,30.6,217418,-63,MOUNTED,14045.8,6.00
2026-09-09 06:50:00,16.47,0.68,11.20,73.08,12.64,0.81,10.20,91.1,OFF,3937800,29.5,219645,-65,MOUNTED,10913.1,6.17
2026-09-09 07:00:00,15.93,0.41,6.53,74.17,12.54,0.47,5.92,90.7,OFF,3938400,29.2,217481,-65,MOUNTED,6720.7,6.33
2026-09-09 07:10:00,16.62,0.78,12.96,76.33,12.67,0.93,11.83,91.3,OFF,3939000,29.6,222636,-67,MOUNTED,12512.3,6.50
2026-09-09 07:20:00,16.38,0.63,10.32,78.05,12.62,0.74,9.39,91.0,OFF,3939600,30.0,225009,-65,MOUNTED,10290.0,6.67
2026-09-09 07:30:00,16.61,0.77,12.79,80.18,12.67,0.92,11.68,91.3,OFF,3940200,30.2,215042,-67,MOUNTED,12397.0,6.83
2026-09-09 07:40:00,16.38,0.63,10.32,81.90,12.62,0.74,9.39,91.0,OFF,3940800,29.5,225352,-64,MOUNTED,10201.6,7.00
2026-09-09 07:50:00,15.87,0.38,6.03,82.90,12.53,0.44,5.46,90.6,OFF,3941400,28.7,220732,-63,MOUNTED,6264.9,7.17
2026-09-09 08:00:00,16.21,0.53,8.59,84.33,12.59,0.62,7.81,90.9,OFF,3942000,29.3,217109,-66,MOUNTED,8571.4,7.33
2026-09-09 08:10:00,15.74,0.33,5.19,85.20,12.52,0.38,4.70,90.6,OFF,3942600,28.6,222164,-66,MOUNTED,5567.7,7.50
2026-09-09 08:20:00,16.39,0.64,10.49,86.95,12.62,0.76,9.56,91.1,OFF,3943200,30.0,221597,-65,MOUNTED,10401.2,7.67
2026-09-09 08:30:00,16.08,0.47,7.56,88.21,12.57,0.55,6.86,90.8,OFF,3943800,29.6,221137,-67,MOUNTED,7581.1,7.83
2026-09-09 08:40:00,16.05,0.46,7.38,89.44,12.56,0.53,6.70,90.8,OFF,3944400,29.3,212079,-64,MOUNTED,7463.8,8.00
2026-09-09 08:50:00,16.15,0.51,8.24,90.81,12.58,0.59,7.48,90.8,OFF,3945000,29.8,217795,-64,MOUNTED,8349.0,8.17
2026-09-09 09:00:00,15.85,0.38,6.02,91.81,12.53,0.43,5.45,90.6,OFF,3945600,28.9,211556,-67,MOUNTED,6072.6,8.33
2026-09-09 09:10:00,15.62,0.29,4.53,92.57,12.50,0.33,4.10,90.5,OFF,3946200,28.9,214360,-68,MOUNTED,4874.9,8.33
2026-09-09 09:20:00,15.66,0.31,4.85,93.38,12.51,0.35,4.39,90.5,OFF,3946800,28.7,220503,-66,MOUNTED,5016.5,8.33
2026-09-09 09:30:00,15.55,0.27,4.20,94.08,12.50,0.30,3.80,90.5,OFF,3947400,29.0,224162,-68,MOUNTED,4534.5,8.33
2026-09-09 09:40:00,15.45,0.24,3.71,94.70,12.48,0.27,3.35,90.4,OFF,3948000,29.1,222014,-64,MOUNTED,4099.9,8.33
2026-09-09 09:50:00,15.69,0.32,5.02,95.53,12.51,0.36,4.54,90.5,OFF,3948600,28.5,221632,-68,MOUNTED,5266.7,8.50
2026-09-09 10:00:00,15.00,0.14,2.10,95.88,12.45,0.15,1.89,90.2,OFF,3949200,28.7,225641,-65,MOUNTED,2263.8,8.50
2026-09-09 10:10:00,15.41,0.23,3.54,96.47,12.48,0.26,3.20,90.4,OFF,3949800,28.9,221585,-67,MOUNTED,3724.7,8.50
2026-09-09 10:20:00,15.09,0.16,2.41,96.87,12.46,0.17,2.18,90.3,OFF,3950400,29.0,220422,-68,MOUNTED,2605.4,8.50
2026-09-09 10:30:00,14.60,0.08,1.17,97.07,12.43,0.08,1.05,90.1,OFF,3951000,28.9,219667,-67,MOUNTED,1471.1,8.50
2026-09-09 10:40:00,14.21,0.04,0.57,97.16,12.41,0.04,0.51,90.1,OFF,3951600,29.1,212306,-63,MOUNTED,930.5,8.50
2026-09-09 10:50:00,14.15,0.04,0.57,97.26,12.41,0.04,0.51,90.1,OFF,3952200,29.1,217132,-64,MOUNTED,757.8,8.50
2026-09-09 11:00:00,12.00,0.00,0.00,97.26,12.40,0.00,0.00,90.0,OFF,3952800,28.6,216874,-65,MOUNTED,228.6,8.50
2026-09-09 11:10:00,12.00,0.00,0.00,97.26,12.40,0.00,0.00,90.0,OFF,3953400,28.1,215403,-68,MOUNTED,221.6,8.50
2026-09-09 11:20:00,12.00,0.00,0.00,97.26,12.40,0.00,0.00,90.0,OFF,3954000,29.0,219095,-64,MOUNTED,78.8,8.50
2026-09-09 11:30:00,12.00,0.00,0.00,97.26,12.40,0.00,0.00,90.0,OFF,3954600,28.5,217854,-67,MOUNTED,62.3,8.50
2026-09-09 11:40:00,12.00,0.00,0.00,97.26,12.40,0.00,0.00,90.0,OFF,3955200,28.0,215322,-63,MOUNTED,89.4,8.50
2026-09-09 11:50:00,12.00,0.00,0.00,97.26,12.40,0.00,0.00,90.0,OFF,3955800,28.4,212513,-68,MOUNTED,76.1,8.50
2026-09-09 23:00:00,12.00,0.00,0.00,0.00,12.40,0.00,0.00,90.0,OFF,3996000,31.1,216254,-65,MOUNTED,51.9,0.00
2026-09-09 23:10:00,15.26,0.19,2.90,0.48,12.47,0.21,2.62,90.3,OFF,3996600,31.7,220623,-66,MOUNTED,3261.1,0.00
2026-09-09 23:20:00,16.02,0.45,7.21,1.69,12.56,0.52,6.54,90.7,OFF,3997200,31.8,217230,-66,MOUNTED,7124.9,0.17
2026-09-09 23:30:00,16.44,0.66,10.85,3.49,12.63,0.78,9.88,91.1,OFF,3997800,32.4,215606,-65,MOUNTED,10575.7,0.33
2026-09-09 23:40:00,16.67,0.81,13.50,5.74,12.68,0.97,12.33,91.3,OFF,3998400,33.0,212059,-67,MOUNTED,13116.1,0.50
2026-09-09 23:50:00,16.87,0.96,16.20,8.44,12.74,1.16,14.84,91.6,OFF,3999000,33.0,216698,-68,MOUNTED,15592.2,0.67
2026-09-10 00:00:00,17.18,1.23,21.13,11.96,12.83,1.52,19.44,92.0,PWM 14%,3999600,34.4,222602,-63,MOUNTED,19680.4,0.83
2026-09-10 00:10:00,17.42,1.48,25.78,16.26,12.92,1.85,23.85,92.5,PWM 21%,4000200,34.7,225523,-63,MOUNTED,23589.1,1.00
2026-09-10 00:20:00,17.68,1.77,31.29,21.48,13.02,2.24,29.10,93.0,PWM 28%,4000800,35.7,217923,-67,MOUNTED,28391.1,1.17
2026-09-10 00:30:00,17.72,1.83,32.43,26.88,13.04,2.31,30.16,93.0,PWM 30%,4001400,35.6,214458,-64,MOUNTED,29130.6,1.33
2026-09-10 00:40:00,17.93,2.11,37.83,33.19,13.14,2.69,35.37,93.5,PWM 37%,4002000,35.6,225847,-65,MOUNTED,33718.3,1.50
2026-09-10 00:50:00,18.04,2.27,40.95,40.01,13.20,2.91,38.41,93.8,PWM 17%,4002600,36.6,224249,-64,MOUNTED,36128.7,1.67
2026-09-10 01:00:00,18.20,2.51,45.68,47.63,13.28,3.24,43.03,94.2,PWM 25%,4003200,36.8,213085,-64,MOUNTED,40310.2,1.83
2026-09-10 01:10:00,18.30,2.69,49.23,55.83,13.35,3.48,46.52,94.5,PWM 31%,4003800,37.3,214086,-66,MOUNTED,42844.7,2.00
2026-09-10 01:20:00,18.25,2.61,47.63,63.77,13.32,3.37,44.92,94.3,PWM 28%,4004400,36.9,218639,-65,MOUNTED,41547.8,2.17
2026-09-10 01:30:00,18.38,2.83,52.02,72.44,13.40,3.68,49.26,94.7,PWM 35%,4005000,37.2,217672,-68,MOUNTED,45180.8,2.33
2026-09-10 01:40:00,18.46,2.98,55.01,81.61,13.45,3.89,52.26,95.0,PWM 41%,4005600,38.5,215178,-67,MOUNTED,47438.0,2.50
2026-09-10 01:50:00,18.57,3.18,59.05,91.45,13.52,4.16,56.27,95.3,PWM 47%,4006200,39.2,211855,-64,MOUNTED,50673.9,2.67
2026-09-10 02:00:00,18.73,3.51,65.74,102.41,13.64,4.62,63.04,95.9,PWM 59%,4006800,39.8,215299,-67,MOUNTED,56139.4,2.83
2026-09-10 02:10:00,18.65,3.34,62.29,112.79,13.58,4.39,59.55,95.6,PWM 53%,4007400,39.5,221529,-66,MOUNTED,53320.5,3.00
2026-09-10 02:20:00,18.69,3.42,63.92,123.44,13.60,4.50,61.17,95.7,PWM 56%,4008000,39.8,211970,-65,MOUNTED,54618.5,3.17
2026-09-10 02:30:00,18.95,3.98,75.42,136.01,13.80,5.28,72.86,96.6,PWM 75%,4008600,40.4,211292,-64,MOUNTED,63721.4,3.33
2026-09-10 02:40:00,18.92,3.91,73.98,148.34,13.78,5.18,71.39,96.5,PWM 73%,4009200,40.5,215073,-66,MOUNTED,62332.9,3.50
2026-09-10 02:50:00,19.13,4.40,84.17,162.37,13.95,5.87,81.90,97.3,PWM 90%,4009800,41.4,211106,-63,MOUNTED,70376.8,3.67
2026-09-10 03:00:00,18.97,4.02,76.26,175.08,13.82,5.34,73.74,96.7,PWM 77%,4010400,40.7,214372,-65,MOUNTED,64279.7,3.83
2026-09-10 03:10:00,18.99,4.07,77.29,187.96,13.83,5.41,74.82,96.8,PWM 78%,4011000,41.1,213560,-68,MOUNTED,64884.3,4.00
2026-09-10 03:20:00,19.16,4.50,86.22,202.33,13.98,6.01,84.06,97.5,PWM 94%,4011600,41.4,225970,-63,MOUNTED,71748.9,4.17
2026-09-10 03:30:00,18.17,2.47,44.88,209.81,13.27,3.18,42.23,94.1,PWM 23%,4012200,36.6,217375,-65,MOUNTED,39327.3,4.33
2026-09-10 03:40:00,17.84,1.99,35.50,215.73,13.10,2.53,33.12,93.3,PWM 34%,4012800,35.3,211104,-66,MOUNTED,31716.5,4.50
2026-09-10 03:50:00,19.20,4.60,88.32,230.45,14.02,6.14,86.11,97.5,PWM 97%,4013400,41.7,217819,-68,MOUNTED,73383.3,4.67
2026-09-10 04:00:00,19.10,4.33,82.70,244.23,13.92,5.77,80.38,97.2,PWM 88%,4014000,41.7,225445,-63,MOUNTED,69194.8,4.83
2026-09-10 04:10:00,19.17,4.50,86.27,258.61,13.98,6.02,84.11,97.5,PWM 94%,4014600,42.1,225928,-65,MOUNTED,71720.9,5.00
2026-09-10 04:20:00,19.25,4.70,90.48,273.69,14.05,6.28,88.22,97.5,PWM 100%,4015200,42.5,224070,-64,MOUNTED,75035.2,5.17
2026-09-10 04:30:00,19.27,4.77,91.92,289.01,14.08,6.37,89.62,97.5,PWM 100%,4015800,42.1,215532,-63,MOUNTED,76284.2,5.33
2026-09-10 04:40:00,19.30,4.85,93.60,304.61,14.11,6.47,91.26,97.5,PWM 100%,4016400,42.7,223776,-68,MOUNTED,77232.6,5.50
2026-09-10 04:50:00,19.37,5.03,97.43,320.85,14.17,6.70,94.99,97.5,PWM 100%,4017000,43.5,218975,-64,MOUNTED,80127.8,5.67
2026-09-10 05:00:00,19.15,4.47,85.60,335.11,13.97,5.97,83.37,97.4,PWM 93%,4017600,41.4,220913,-68,MOUNTED,71283.2,5.83
2026-09-10 05:10:00,19.37,5.03,97.43,351.35,14.17,6.70,94.99,97.5,PWM 100%,4018200,42.8,225105,-66,MOUNTED,80304.6,6.00
2026-09-10 05:20:00,19.22,4.63,88.99,366.18,14.03,6.18,86.77,97.5,PWM 98%,4018800,42.7,216135,-65,MOUNTED,73907.4,6.17
2026-09-10 05:30:00,19.33,4.92,95.10,382.03,14.13,6.56,92.72,97.5,PWM 100%,4019400,43.4,225034,-68,MOUNTED,78579.1,6.33
2026-09-10 05:40:00,19.16,4.47,85.65,396.31,13.97,5.98,83.51,97.5,PWM 93%,4020000,42.4,222751,-64,MOUNTED,71517.8,6.50
2026-09-10 05:50:00,19.39,5.08,98.50,412.73,14.19,6.77,96.04,97.5,PWM 100%,4020600,43.7,217098,-64,MOUNTED,81183.3,6.67
2026-09-10 06:00:00,19.30,4.86,93.80,428.36,14.11,6.48,91.45,97.5,PWM 100%,4021200,42.9,225155,-68,MOUNTED,77430.0,6.83
2026-09-10 06:10:00,19.31,4.86,93.85,444.00,14.11,6.48,91.50,97.5,PWM 100%,4021800,42.4,224175,-67,MOUNTED,77512.4,7.00
2026-09-10 06:20:00,19.19,4.55,87.31,458.55,14.00,6.08,85.13,97.5,PWM 95%,4022400,42.5,217502,-68,MOUNTED,72740.7,7.17
2026-09-10 06:30:00,19.21,4.62,88.75,473.34,14.02,6.17,86.53,97.5,PWM 98%,4023000,42.6,225957,-67,MOUNTED,73543.5,7.33
2026-09-10 06:40:00,19.16,4.49,86.03,487.68,13.98,6.00,83.88,97.5,PWM 93%,4023600,41.8,214207,-67,MOUNTED,71790.1,7.50
2026-09-10 06:50:00,18.96,4.01,76.03,500.35,13.81,5.32,73.52,96.7,PWM 76%,4024200,41.1,221529,-68,MOUNTED,63947.7,7.67
2026-09-10 07:00:00,19.04,4.20,79.97,513.68,13.88,5.59,77.57,97.0,PWM 83%,4024800,41.7,225512,-66,MOUNTED,67163.6,7.83
2026-09-10 07:10:00,17.98,2.19,39.38,520.25,13.17,2.80,36.86,93.6,PWM 39%,4025400,36.6,220429,-63,MOUNTED,35018.9,8.00
2026-09-10 07:20:00,19.07,4.26,81.24,533.79,13.90,5.67,78.88,97.1,PWM 85%,4026000,41.9,225976,-63,MOUNTED,67977.1,8.17
2026-09-10 07:30:00,19.00,4.10,77.90,546.77,13.84,5.45,75.41,96.8,PWM 79%,4026600,40.9,211818,-65,MOUNTED,65436.2,8.33
2026-09-10 07:40:00,17.59,1.67,29.38,551.67,12.99,2.10,27.26,92.8,PWM 26%,4027200,35.3,214256,-65,MOUNTED,26751.9,8.50
2026-09-10 07:50:00,17.39,1.44,25.04,555.84,12.91,1.79,23.14,92.4,PWM 20%,4027800,34.6,223011,-63,MOUNTED,22923.9,8.67
2026-09-10 08:00:00,18.83,3.70,69.67,567.45,13.70,4.89,67.02,96.2,PWM 65%,4028400,39.8,213262,-63,MOUNTED,59232.2,8.83
2026-09-10 08:10:00,18.61,3.26,60.67,577.56,13.55,4.27,57.88,95.4,PWM 50%,4029000,38.8,222122,-64,MOUNTED,52183.1,9.00
2026-09-10 08:20:00,18.57,3.18,59.05,587.40,13.52,4.16,56.27,95.3,PWM 47%,4029600,39.0,211924,-65,MOUNTED,50841.7,9.17
2026-09-10 08:30:00,18.45,2.96,54.61,596.51,13.44,3.86,51.82,94.9,PWM 40%,4030200,38.1,219465,-64,MOUNTED,47071.3,9.33
2026-09-10 08:40:00,18.40,2.87,52.81,605.31,13.41,3.73,50.06,94.8,PWM 37%,4030800,38.2,223795,-65,MOUNTED,45822.5,9.50
2026-09-10 08:50:00,18.20,2.53,46.05,612.98,13.29,3.26,43.38,94.2,PWM 25%,4031400,37.1,214806,-63,MOUNTED,40459.1,9.67
2026-09-10 09:00:00,18.20,2.52,45.86,620.63,13.29,3.25,43.20,94.2,PWM 25%,4032000,36.8,223426,-67,MOUNTED,40285.9,9.83
2026-09-10 09:10:00,17.95,2.13,38.23,627.00,13.15,2.72,35.78,93.6,PWM 38%,4032600,36.3,219508,-67,MOUNTED,34032.1,10.00
2026-09-10 09:20:00,17.98,2.18,39.20,633.53,13.17,2.79,36.69,93.6,PWM 39%,4033200,36.2,213350,-65,MOUNTED,34753.0,10.17
2026-09-10 09:30:00,17.63,1.71,30.15,638.55,13.00,2.15,28.01,92.9,PWM 27%,4033800,34.6,212721,-64,MOUNTED,27400.3,10.33
2026-09-10 09:40:00,17.68,1.77,31.29,643.77,13.02,2.24,29.10,93.0,PWM 28%,4034400,35.1,211094,-64,MOUNTED,28345.9,10.50
2026-09-10 09:50:00,17.44,1.49,25.99,648.10,12.92,1.86,24.04,92.5,PWM 21%,4035000,34.0,214685,-66,MOUNTED,23867.5,10.67
2026-09-10 10:00:00,17.20,1.25,21.50,651.69,12.84,1.54,19.80,92.1,PWM 15%,4035600,33.8,225039,-65,MOUNTED,20154.5,10.83
2026-09-10 10:10:00,17.00,1.06,18.02,654.69,12.77,1.30,16.54,91.8,PWM 10%,4036200,33.7,223664,-63,MOUNTED,17190.2,11.00
2026-09-10 10:20:00,16.75,0.87,14.57,657.12,12.70,1.05,13.32,91.4,OFF,4036800,32.5,216767,-65,MOUNTED,13824.2,11.17
2026-09-10 10:30:00,16.41,0.64,10.50,658.87,12.63,0.76,9.57,91.1,OFF,4037400,32.2,224897,-63,MOUNTED,10497.8,11.33
2026-09-10 10:40:00,15.95,0.42,6.70,659.98,12.55,0.48,6.08,90.7,OFF,4038000,31.8,225969,-65,MOUNTED,6827.0,11.50
2026-09-10 10:50:00,15.33,0.21,3.22,660.52,12.47,0.23,2.91,90.3,OFF,4038600,32.0,219475,-64,MOUNTED,3637.0,11.50
2026-09-10 11:00:00,12.00,0.00,0.00,660.52,12.40,0.00,0.00,90.0,OFF,4039200,31.4,225842,-67,MOUNTED,85.8,11.50
2026-09-10 11:10:00,12.00,0.00,0.00,660.52,12.40,0.00,0.00,90.0,OFF,4039800,30.8,215405,-65,MOUNTED,42.3,11.50
2026-09-10 11:20:00,12.00,0.00,0.00,660.52,12.40,0.00,0.00,90.0,OFF,4040400,31.6,225710,-63,MOUNTED,260.9,11.50
2026-09-10 11:30:00,12.00,0.00,0.00,660.52,12.40,0.00,0.00,90.0,OFF,4041000,30.9,219806,-67,MOUNTED,25.0,11.50
2026-09-10 11:40:00,12.00,0.00,0.00,660.52,12.40,0.00,0.00,90.0,OFF,4041600,31.3,220004,-65,MOUNTED,144.7,11.50
2026-09-10 11:50:00,12.00,0.00,0.00,660.52,12.40,0.00,0.00,90.0,OFF,4042200,31.3,223552,-65,MOUNTED,214.6,11.50
2026-09-10 23:00:00,12.00,0.00,0.00,0.00,12.40,0.00,0.00,90.0,OFF,4082400,31.1,215359,-65,MOUNTED,237.0,0.00
2026-09-10 23:10:00,15.03,0.14,2.10,0.35,12.45,0.15,1.89,90.2,OFF,4083000,31.0,218123,-66,MOUNTED,2360.9,0.00
2026-09-10 23:20:00,15.76,0.34,5.36,1.24,12.52,0.39,4.86,90.6,OFF,4083600,31.8,215829,-68,MOUNTED,5602.1,0.17
2026-09-10 23:30:00,16.33,0.60,9.80,2.88,12.61,0.71,8.92,91.0,OFF,4084200,31.9,221134,-65,MOUNTED,9660.2,0.33
2026-09-10 23:40:00,16.42,0.65,10.67,4.65,12.63,0.77,9.72,91.1,OFF,4084800,32.0,218636,-64,MOUNTED,10654.6,0.50
2026-09-10 23:50:00,16.63,0.78,12.97,6.82,12.68,0.93,11.84,91.3,OFF,4085400,32.7,216321,-68,MOUNTED,12763.6,0.67
2026-09-11 00:00:00,16.79,0.90,15.11,9.33,12.72,1.09,13.83,91.5,OFF,4086000,33.7,215173,-65,MOUNTED,14438.6,0.83
2026-09-11 00:10:00,17.30,1.34,23.18,13.20,12.87,1.66,21.37,92.2,PWM 17%,4086600,34.6,216084,-67,MOUNTED,21465.7,1.00
2026-09-11 00:20:00,17.21,1.26,21.68,16.81,12.84,1.56,19.97,92.1,PWM 15%,4087200,34.3,223330,-64,MOUNTED,20211.1,1.17
2026-09-11 00:30:00,17.48,1.53,26.74,21.27,12.94,1.91,24.76,92.6,PWM 22%,4087800,34.1,216150,-67,MOUNTED,24657.7,1.33
2026-09-11 00:40:00,17.82,1.96,34.93,27.09,13.09,2.49,32.59,93.3,PWM 33%,4088400,35.9,219881,-63,MOUNTED,31379.1,1.50
2026-09-11 00:50:00,17.93,2.11,37.83,33.39,13.14,2.69,35.37,93.5,PWM 37%,4089000,36.2,224214,-68,MOUNTED,33835.7,1.67
2026-09-11 01:00:00,17.72,1.83,32.43,38.80,13.04,2.31,30.16,93.0,PWM 30%,4089600,34.9,211797,-63,MOUNTED,29287.0,1.83
2026-09-11 01:10:00,17.91,2.08,37.25,45.01,13.13,2.65,34.83,93.5,PWM 36%,4090200,35.9,212542,-64,MOUNTED,33167.5,2.00
2026-09-11 01:20:00,17.82,1.96,34.93,50.83,13.09,2.49,32.59,93.3,PWM 33%,4090800,35.3,214955,-68,MOUNTED,31379.0,2.17
2026-09-11 01:30:00,18.19,2.50,45.48,58.41,13.28,3.23,42.84,94.2,PWM 24%,4091400,37.0,221760,-68,MOUNTED,39886.4,2.33
2026-09-11 01:40:00,18.31,2.71,49.62,66.68,13.35,3.51,46.89,94.5,PWM 31%,4092000,36.9,212296,-66,MOUNTED,43198.1,2.50
2026-09-11 01:50:00,18.22,2.56,46.64,74.45,13.30,3.31,43.98,94.3,PWM 26%,4092600,36.9,224128,-64,MOUNTED,40992.2,2.67
2026-09-11 02:00:00,18.22,2.56,46.64,82.23,13.30,3.31,43.98,94.3,PWM 26%,4093200,37.4,219969,-66,MOUNTED,40876.2,2.83
2026-09-11 02:10:00,18.56,3.16,58.65,92.00,13.51,4.14,55.89,95.3,PWM 47%,4093800,39.1,219319,-63,MOUNTED,50323.3,3.00
2026-09-11 02:20:00,18.23,2.58,47.03,99.84,13.31,3.33,44.35,94.3,PWM 27%,4094400,36.5,221986,-68,MOUNTED,41243.4,3.17
2026-09-11 02:30:00,18.67,3.37,62.92,110.33,13.59,4.43,60.15,95.6,PWM 54%,4095000,39.2,223254,-67,MOUNTED,53906.2,3.33
2026-09-11 02:40:00,18.90,3.88,73.33,122.55,13.77,5.14,70.76,96.5,PWM 72%,4095600,40.5,225052,-68,MOUNTED,61873.9,3.50
2026-09-11 02:50:00,18.35,2.77,50.83,131.02,13.38,3.59,48.09,94.6,PWM 33%,4096200,37.2,213836,-66,MOUNTED,44251.8,3.67
2026-09-11 03:00:00,18.94,3.95,74.81,143.49,13.79,5.24,72.27,96.6,PWM 74%,4096800,40.9,217242,-64,MOUNTED,63232.4,3.83
2026-09-11 03:10:00,18.75,3.55,66.56,154.58,13.65,4.68,63.83,95.9,PWM 60%,4097400,39.8,215027,-66,MOUNTED,56637.1,4.00
2026-09-11 03:20:00,18.48,3.01,55.62,163.85,13.46,3.93,52.84,95.0,PWM 42%,4098000,37.9,218174,-63,MOUNTED,48164.0,4.17
2026-09-11 03:30:00,18.99,4.07,77.29,176.73,13.83,5.41,74.82,96.8,PWM 78%,4098600,41.0,224261,-63,MOUNTED,65004.4,4.33
2026-09-11 03:40:00,18.65,3.34,62.29,187.12,13.58,4.39,59.55,95.6,PWM 53%,4099200,39.4,213721,-67,MOUNTED,53502.1,4.50
2026-09-11 03:50:00,18.55,3.14,58.25,196.82,13.50,4.11,55.45,95.2,PWM 46%,4099800,38.6,213851,-66,MOUNTED,50213.3,4.67
2026-09-11 04:00:00,18.87,3.79,71.52,208.74,13.73,5.02,68.87,96.3,PWM 69%,4100400,39.9,224440,-68,MOUNTED,60588.9,4.83
2026-09-11 04:10:00,18.57,3.18,59.05,218.59,13.52,4.16,56.27,95.3,PWM 47%,4101000,39.1,212403,-66,MOUNTED,50693.4,5.00
2026-09-11 04:20:00,18.58,3.20,59.46,228.50,13.53,4.19,56.67,95.3,PWM 48%,4101600,38.8,218630,-63,MOUNTED,51119.1,5.17
2026-09-11 04:30:00,18.83,3.72,70.05,240.17,13.71,4.92,67.39,96.2,PWM 66%,4102200,39.5,213593,-68,MOUNTED,59299.3,5.33
2026-09-11 04:40:00,18.81,3.68,69.22,251.71,13.69,4.86,66.52,96.1,PWM 65%,4102800,40.0,219597,-67,MOUNTED,58608.2,5.50
2026-09-11 04:50:00,18.64,3.32,61.88,262.02,13.57,4.36,59.10,95.5,PWM 52%,4103400,38.3,212851,-67,MOUNTED,53002.8,5.67
2026-09-11 05:00:00,17.10,1.16,19.84,265.33,12.81,1.42,18.23,91.9,PWM 13%,4104000,34.1,211426,-64,MOUNTED,18460.6,5.83
2026-09-11 05:10:00,16.82,0.92,15.47,267.90,12.72,1.11,14.16,91.5,OFF,4104600,32.9,219578,-67,MOUNTED,14850.4,6.00
2026-09-11 05:20:00,17.11,1.17,20.02,271.24,12.81,1.44,18.40,91.9,PWM 13%,4105200,33.4,213743,-66,MOUNTED,18853.3,6.17
2026-09-11 05:30:00,16.24,0.55,8.93,272.73,12.59,0.64,8.12,90.9,OFF,4105800,32.3,214301,-66,MOUNTED,8926.8,6.33
2026-09-11 05:40:00,17.03,1.09,18.56,275.82,12.78,1.33,17.04,91.8,PWM 11%,4106400,33.3,220892,-64,MOUNTED,17515.5,6.50
2026-09-11 05:50:00,17.06,1.12,19.11,279.01,12.79,1.37,17.56,91.9,PWM 12%,4107000,33.7,224656,-63,MOUNTED,17919.2,6.67
2026-09-11 06:00:00,16.70,0.83,13.86,281.32,12.69,1.00,12.67,91.4,OFF,4107600,33.4,216048,-63,MOUNTED,13254.8,6.83
2026-09-11 06:10:00,16.32,0.59,9.63,282.92,12.61,0.69,8.76,91.0,OFF,4108200,32.5,221835,-66,MOUNTED,9613.9,7.00
2026-09-11 06:20:00,17.22,1.26,21.70,286.54,12.84,1.56,19.99,92.1,PWM 15%,4108800,34.1,222316,-67,MOUNTED,20423.4,7.17
2026-09-11 06:30:00,16.88,0.96,16.20,289.24,12.74,1.16,14.84,91.6,OFF,4109400,33.2,218637,-68,MOUNTED,15468.8,7.33
2026-09-11 06:40:00,17.11,1.17,20.02,292.58,12.81,1.44,18.40,91.9,PWM 13%,4110000,33.2,216575,-67,MOUNTED,18651.2,7.50
2026-09-11 06:50:00,16.48,0.68,11.21,294.44,12.64,0.81,10.21,91.1,OFF,4110600,32.9,219296,-63,MOUNTED,11030.4,7.67
2026-09-11 07:00:00,16.54,0.72,11.91,296.43,12.65,0.86,10.86,91.2,OFF,4111200,32.2,224291,-64,MOUNTED,11626.7,7.83
2026-09-11 07:10:00,16.16,0.51,8.24,297.80,12.58,0.59,7.48,90.8,OFF,4111800,32.4,214429,-68,MOUNTED,8290.0,8.00
2026-09-11 07:20:00,16.68,0.82,13.68,300.08,12.69,0.99,12.50,91.4,OFF,4112400,33.2,212139,-63,MOUNTED,13128.2,8.17
2026-09-11 07:30:00,16.47,0.68,11.20,301.95,12.64,0.81,10.20,91.1,OFF,4113000,32.3,225096,-68,MOUNTED,10951.5,8.33
2026-09-11 07:40:00,16.72,0.85,14.21,304.32,12.70,1.02,12.99,91.4,OFF,4113600,33.3,224543,-63,MOUNTED,13740.6,8.50
2026-09-11 07:50:00,16.80,0.91,15.29,306.87,12.72,1.10,13.99,91.5,OFF,4114200,33.1,223395,-67,MOUNTED,14542.0,8.67
2026-09-11 08:00:00,16.79,0.90,15.11,309.38,12.72,1.09,13.83,91.5,OFF,4114800,33.1,214349,-67,MOUNTED,14515.1,8.83
2026-09-11 08:10:00,16.74,0.86,14.40,311.78,12.70,1.04,13.16,91.4,OFF,4115400,32.7,221045,-66,MOUNTED,13933.8,9.00
2026-09-11 08:20:00,16.10,0.48,7.73,313.07,12.57,0.56,7.02,90.8,OFF,4116000,31.6,221944,-64,MOUNTED,7931.7,9.17
2026-09-11 08:30:00,16.39,0.63,10.33,314.79,12.62,0.75,9.41,91.1,OFF,4116600,32.5,224984,-65,MOUNTED,10135.4,9.33
2026-09-11 08:40:00,16.12,0.49,7.90,316.11,12.57,0.57,7.17,90.8,OFF,4117200,32.7,212253,-63,MOUNTED,7924.0,9.50
2026-09-11 08:50:00,16.29,0.58,9.45,317.69,12.60,0.68,8.60,91.0,OFF,4117800,32.4,212217,-68,MOUNTED,9398.0,9.67
2026-09-11 09:00:00,16.21,0.54,8.75,319.14,12.59,0.63,7.95,90.9,OFF,4118400,31.9,220971,-64,MOUNTED,8747.3,9.83
2026-09-11 09:10:00,15.93,0.41,6.53,320.23,12.54,0.47,5.92,90.7,OFF,4119000,31.8,223024,-66,MOUNTED,6601.1,10.00
2026-09-11 09:20:00,16.18,0.52,8.41,321.63,12.58,0.61,7.64,90.9,OFF,4119600,32.4,212937,-64,MOUNTED,8539.0,10.17
2026-09-11 09:30:00,16.11,0.49,7.89,322.95,12.57,0.57,7.16,90.8,OFF,4120200,32.2,220376,-65,MOUNTED,7909.6,10.33
2026-09-11 09:40:00,15.98,0.43,6.87,324.09,12.55,0.50,6.23,90.7,OFF,4120800,31.6,216058,-63,MOUNTED,6965.1,10.50
2026-09-11 09:50:00,15.59,0.28,4.37,324.82,12.50,0.32,3.95,90.5,OFF,4121400,32.2,215740,-66,MOUNTED,4684.4,10.50
2026-09-11 10:00:00,17.10,1.15,19.66,328.10,12.81,1.41,18.07,91.9,PWM 12%,4122000,34.0,212378,-65,MOUNTED,18574.6,10.67
2026-09-11 10:10:00,16.67,0.81,13.50,330.35,12.69,0.97,12.34,91.4,OFF,4122600,33.3,215173,-63,MOUNTED,13139.6,10.83
2026-09-11 10:20:00,16.63,0.78,12.97,332.51,12.68,0.93,11.84,91.3,OFF,4123200,32.5,222732,-65,MOUNTED,12746.9,11.00
2026-09-11 10:30:00,16.31,0.59,9.62,334.11,12.61,0.69,8.75,91.0,OFF,4123800,32.1,224251,-65,MOUNTED,9678.2,11.17
2026-09-11 10:40:00,15.75,0.34,5.36,335.01,12.52,0.39,4.86,90.6,OFF,4124400,32.4,219825,-64,MOUNTED,5482.2,11.33
2026-09-11 10:50:00,15.12,0.16,2.42,335.41,12.46,0.18,2.19,90.3,OFF,4125000,31.9,221522,-64,MOUNTED,2722.9,11.33
2026-09-11 11:00:00,12.00,0.00,0.00,335.41,12.40,0.00,0.00,90.0,OFF,4125600,31.2,220651,-66,MOUNTED,46.5,11.33
2026-09-11 11:10:00,12.00,0.00,0.00,335.41,12.40,0.00,0.00,90.0,OFF,4126200,31.8,216949,-68,MOUNTED,114.3,11.33
2026-09-11 11:20:00,12.00,0.00,0.00,335.41,12.40,0.00,0.00,90.0,OFF,4126800,31.0,215984,-67,MOUNTED,276.3,11.33
2026-09-11 11:30:00,12.00,0.00,0.00,335.41,12.40,0.00,0.00,90.0,OFF,4127400,30.7,217106,-66,MOUNTED,107.1,11.33
2026-09-11 11:40:00,12.00,0.00,0.00,335.41,12.40,0.00,0.00,90.0,OFF,4128000,31.0,215353,-66,MOUNTED,92.6,11.33
2026-09-11 11:50:00,12.00,0.00,0.00,335.41,12.40,0.00,0.00,90.0,OFF,4128600,30.9,212406,-65,MOUNTED,213.9,11.33
2026-09-11 23:00:00,12.00,0.00,0.00,0.00,12.40,0.00,0.00,90.0,OFF,4168800,31.7,213539,-64,MOUNTED,15.0,0.00
2026-09-11 23:10:00,15.10,0.16,2.42,0.40,12.46,0.18,2.19,90.3,OFF,4169400,32.0,218347,-65,MOUNTED,2642.0,0.00
2026-09-11 23:20:00,15.63,0.30,4.69,1.19,12.50,0.34,4.24,90.5,OFF,4170000,31.6,221020,-65,MOUNTED,4888.9,0.00
2026-09-11 23:30:00,16.31,0.59,9.62,2.79,12.61,0.69,8.75,91.0,OFF,4170600,31.9,222914,-64,MOUNTED,9468.0,0.17
2026-09-11 23:40:00,16.63,0.79,13.14,4.98,12.68,0.95,12.00,91.3,OFF,4171200,32.3,223460,-63,MOUNTED,12704.5,0.33
2026-09-11 23:50:00,16.91,0.99,16.74,7.77,12.75,1.20,15.35,91.7,OFF,4171800,33.0,214590,-67,MOUNTED,16078.3,0.50
2026-09-12 00:00:00,16.86,0.95,16.02,10.44,12.73,1.15,14.67,91.6,OFF,4172400,33.6,224594,-67,MOUNTED,15297.8,0.67
2026-09-12 00:10:00,17.13,1.18,20.21,13.81,12.82,1.45,18.59,92.0,PWM 13%,4173000,33.8,213948,-68,MOUNTED,18892.7,0.83
2026-09-12 00:20:00,17.42,1.48,25.78,18.10,12.92,1.85,23.85,92.5,PWM 21%,4173600,34.8,213072,-68,MOUNTED,23559.6,1.00
2026-09-12 00:30:00,17.21,1.26,21.68,21.72,12.84,1.56,19.97,92.1,PWM 15%,4174200,34.2,224096,-64,MOUNTED,20289.6,1.17
2026-09-12 00:40:00,17.45,1.51,26.35,26.11,12.93,1.88,24.37,92.5,PWM 21%,4174800,35.0,219383,-67,MOUNTED,24073.5,1.33
2026-09-12 00:50:00,17.55,1.62,28.43,30.85,12.97,2.03,26.35,92.7,PWM 24%,4175400,35.1,223508,-66,MOUNTED,25922.6,1.50
2026-09-12 01:00:00,17.95,2.15,38.59,37.28,13.16,2.74,36.12,93.6,PWM 38%,4176000,35.4,216189,-63,MOUNTED,34405.5,1.67
2026-09-12 01:10:00,17.86,2.01,35.90,43.26,13.11,2.56,33.53,93.4,PWM 34%,4176600,35.8,214605,-65,MOUNTED,32231.9,1.83
2026-09-12 01:20:00,18.18,2.48,45.09,50.78,13.27,3.20,42.43,94.1,PWM 24%,4177200,37.1,212711,-68,MOUNTED,39724.7,2.00
2026-09-12 01:30:00,18.17,2.48,45.06,58.29,13.27,3.20,42.40,94.1,PWM 24%,4177800,37.4,224126,-67,MOUNTED,39693.6,2.17
2026-09-12 01:40:00,18.48,3.02,55.81,67.59,13.46,3.94,53.02,95.0,PWM 42%,4178400,38.3,225824,-64,MOUNTED,48347.4,2.33
2026-09-12 01:50:00,18.36,2.79,51.22,76.12,13.38,3.63,48.51,94.7,PWM 34%,4179000,38.0,224003,-64,MOUNTED,44695.4,2.50
2026-09-12 02:00:00,18.25,2.61,47.63,84.06,13.32,3.37,44.92,94.3,PWM 28%,4179600,36.9,215929,-66,MOUNTED,41726.3,2.67
2026-09-12 02:10:00,18.56,3.16,58.65,93.84,13.51,4.14,55.89,95.3,PWM 47%,4180200,38.6,225781,-68,MOUNTED,50518.9,2.83
2026-09-12 02:20:00,18.56,3.16,58.65,103.61,13.51,4.14,55.89,95.3,PWM 47%,4180800,38.1,221202,-63,MOUNTED,50378.8,3.00
2026-09-12 02:30:00,18.78,3.60,67.61,114.88,13.67,4.75,64.91,96.0,PWM 62%,4181400,39.7,220782,-63,MOUNTED,57417.4,3.17
2026-09-12 02:40:00,18.86,3.77,71.10,126.73,13.73,4.99,68.47,96.3,PWM 68%,4182000,39.6,225293,-64,MOUNTED,60156.4,3.33
2026-09-12 02:50:00,18.84,3.73,70.27,138.44,13.71,4.93,67.60,96.2,PWM 66%,4182600,39.6,212707,-68,MOUNTED,59675.8,3.50
2026-09-12 03:00:00,18.97,4.04,76.64,151.22,13.82,5.36,74.11,96.7,PWM 77%,4183200,40.6,211087,-64,MOUNTED,64566.6,3.67
2026-09-12 03:10:00,18.64,3.32,61.88,161.53,13.57,4.36,59.10,95.5,PWM 52%,4183800,38.5,222297,-63,MOUNTED,53094.5,3.83
2026-09-12 03:20:00,18.71,3.47,64.92,172.35,13.62,4.57,62.19,95.8,PWM 57%,4184400,39.1,224873,-68,MOUNTED,55410.4,4.00
2026-09-12 03:30:00,18.69,3.42,63.92,183.00,13.60,4.50,61.17,95.7,PWM 56%,4185000,38.9,218798,-63,MOUNTED,54576.0,4.17
2026-09-12 03:40:00,19.10,4.34,82.89,196.82,13.93,5.78,80.57,97.2,PWM 88%,4185600,42.1,222081,-66,MOUNTED,69238.1,4.33
2026-09-12 03:50:00,18.66,3.35,62.51,207.24,13.58,4.40,59.76,95.6,PWM 53%,4186200,38.7,215980,-64,MOUNTED,53587.6,4.50
2026-09-12 04:00:00,18.82,3.70,69.63,218.84,13.70,4.89,66.98,96.2,PWM 65%,4186800,39.3,219556,-66,MOUNTED,59129.2,4.67
2026-09-12 04:10:00,19.00,4.11,78.09,231.86,13.84,5.46,75.59,96.8,PWM 80%,4187400,41.2,212055,-66,MOUNTED,65595.0,4.83
2026-09-12 04:20:00,18.82,3.69,69.45,243.43,13.70,4.88,66.81,96.2,PWM 65%,4188000,39.5,214948,-64,MOUNTED,59015.3,5.00
2026-09-12 04:30:00,18.65,3.33,62.10,253.78,13.57,4.37,59.31,95.5,PWM 53%,4188600,39.1,224740,-67,MOUNTED,53084.6,5.17
2026-09-12 04:40:00,19.05,4.23,80.58,267.21,13.89,5.63,78.16,97.0,PWM 84%,4189200,41.6,222825,-68,MOUNTED,67577.1,5.33
2026-09-12 04:50:00,19.18,4.55,87.27,281.76,14.00,6.08,85.09,97.5,PWM 95%,4189800,42.7,218468,-67,MOUNTED,72599.4,5.50
2026-09-12 05:00:00,16.87,0.96,16.20,284.46,12.74,1.16,14.84,91.6,OFF,4190400,33.5,224267,-63,MOUNTED,15349.3,5.67
2026-09-12 05:10:00,17.20,1.25,21.50,288.04,12.84,1.54,19.80,92.1,PWM 15%,4191000,34.3,219789,-67,MOUNTED,20161.5,5.83
2026-09-12 05:20:00,16.80,0.91,15.29,290.59,12.72,1.10,13.99,91.5,OFF,4191600,32.6,219970,-68,MOUNTED,14690.0,6.00
2026-09-12 05:30:00,16.67,0.81,13.50,292.84,12.69,0.97,12.34,91.4,OFF,4192200,33.0,215025,-65,MOUNTED,13108.3,6.17
2026-09-12 05:40:00,17.08,1.14,19.47,296.08,12.80,1.40,17.89,91.9,PWM 12%,4192800,34.0,215319,-63,MOUNTED,18326.9,6.33
2026-09-12 05:50:00,16.89,0.98,16.55,298.84,12.74,1.19,15.16,91.6,OFF,4193400,33.6,211286,-67,MOUNTED,15740.4,6.50
2026-09-12 06:00:00,16.38,0.63,10.32,300.56,12.62,0.74,9.39,91.0,OFF,4194000,32.2,224346,-63,MOUNTED,10034.3,6.67
2026-09-12 06:10:00,16.82,0.92,15.47,303.14,12.72,1.11,14.16,91.5,OFF,4194600,33.5,218922,-63,MOUNTED,14787.4,6.83
2026-09-12 06:20:00,16.90,0.99,16.73,305.93,12.75,1.20,15.32,91.6,OFF,4195200,33.8,213419,-63,MOUNTED,15866.3,7.00
2026-09-12 06:30:00,16.85,0.95,16.01,308.60,12.73,1.15,14.67,91.6,OFF,4195800,33.4,217311,-64,MOUNTED,15261.2,7.17
2026-09-12 06:40:00,16.12,0.49,7.90,309.91,12.57,0.57,7.17,90.8,OFF,4196400,32.4,223675,-68,MOUNTED,7843.1,7.33
2026-09-12 06:50:00,16.32,0.59,9.63,311.52,12.61,0.69,8.76,91.0,OFF,4197000,33.0,222721,-63,MOUNTED,9556.7,7.50
2026-09-12 07:00:00,16.49,0.69,11.38,313.41,12.64,0.82,10.38,91.2,OFF,4197600,32.8,216263,-64,MOUNTED,11088.1,7.67
2026-09-12 07:10:00,17.06,1.12,19.11,316.60,12.79,1.37,17.56,91.9,PWM 12%,4198200,33.6,224655,-63,MOUNTED,17967.8,7.83
2026-09-12 07:20:00,16.05,0.46,7.38,317.83,12.56,0.53,6.70,90.8,OFF,4198800,31.6,214145,-67,MOUNTED,7618.4,8.00
2026-09-12 07:30:00,16.72,0.84,14.04,320.17,12.70,1.01,12.83,91.4,OFF,4199400,32.5,222719,-65,MOUNTED,13463.7,8.17
2026-09-12 07:40:00,16.44,0.67,11.01,322.00,12.63,0.79,10.03,91.1,OFF,4200000,32.1,225152,-64,MOUNTED,10894.1,8.33
2026-09-12 07:50:00,16.53,0.72,11.90,323.99,12.65,0.86,10.85,91.2,OFF,4200600,33.1,221073,-63,MOUNTED,11646.3,8.50
2026-09-12 08:00:00,15.92,0.40,6.37,325.05,12.54,0.46,5.78,90.7,OFF,4201200,31.9,221529,-64,MOUNTED,6634.4,8.67
2026-09-12 08:10:00,16.41,0.64,10.50,326.80,12.63,0.76,9.57,91.1,OFF,4201800,32.6,225352,-64,MOUNTED,10317.8,8.83
2026-09-12 08:20:00,16.72,0.85,14.21,329.17,12.70,1.02,12.99,91.4,OFF,4202400,33.2,214552,-63,MOUNTED,13666.3,9.00
2026-09-12 08:30:00,15.77,0.34,5.36,330.06,12.52,0.39,4.86,90.6,OFF,4203000,32.3,216358,-66,MOUNTED,5679.5,9.17
2026-09-12 08:40:00,16.33,0.60,9.80,331.69,12.61,0.71,8.92,91.0,OFF,4203600,32.6,215717,-63,MOUNTED,9838.8,9.33
2026-09-12 08:50:00,16.18,0.52,8.41,333.10,12.58,0.61,7.64,90.9,OFF,4204200,32.6,213444,-67,MOUNTED,8401.9,9.50
2026-09-12 09:00:00,16.00,0.44,7.04,334.27,12.55,0.51,6.39,90.7,OFF,4204800,31.6,224087,-67,MOUNTED,7078.9,9.67
2026-09-12 09:10:00,15.59,0.28,4.37,335.00,12.50,0.32,3.95,90.5,OFF,4205400,31.3,211473,-63,MOUNTED,4761.4,9.67
2026-09-12 09:20:00,16.13,0.50,8.06,336.34,12.58,0.58,7.32,90.8,OFF,4206000,32.5,214379,-64,MOUNTED,8168.0,9.83
2026-09-12 09:30:00,15.51,0.26,4.03,337.01,12.49,0.29,3.64,90.4,OFF,4206600,31.3,223880,-63,MOUNTED,4194.4,9.83
2026-09-12 09:40:00,15.43,0.24,3.70,337.63,12.48,0.27,3.34,90.4,OFF,4207200,32.0,215633,-63,MOUNTED,4037.2,9.83
2026-09-12 09:50:00,15.49,0.25,3.87,338.27,12.49,0.28,3.50,90.4,OFF,4207800,31.2,213273,-66,MOUNTED,4060.4,9.83
2026-09-12 10:00:00,16.85,0.95,16.01,340.94,12.73,1.15,14.67,91.6,OFF,4208400,33.8,222569,-67,MOUNTED,15267.0,10.00
2026-09-12 10:10:00,16.75,0.87,14.57,343.37,12.71,1.05,13.33,91.5,OFF,4209000,33.4,214424,-67,MOUNTED,14012.6,10.17
2026-09-12 10:20:00,16.60,0.77,12.78,345.50,12.67,0.92,11.67,91.3,OFF,4209600,32.4,225794,-67,MOUNTED,12455.2,10.33
2026-09-12 10:30:00,16.18,0.52,8.41,346.90,12.58,0.61,7.64,90.9,OFF,4210200,31.8,217466,-64,MOUNTED,8399.0,10.50
2026-09-12 10:40:00,15.73,0.33,5.19,347.77,12.52,0.38,4.70,90.6,OFF,4210800,31.7,217664,-63,MOUNTED,5500.4,10.67
2026-09-12 10:50:00,15.28,0.20,3.06,348.28,12.47,0.22,2.76,90.3,OFF,4211400,32.0,223975,-67,MOUNTED,3390.7,10.67
2026-09-12 11:00:00,12.00,0.00,0.00,348.28,12.40,0.00,0.00,90.0,OFF,4212000,31.3,217808,-67,MOUNTED,266.5,10.67
2026-09-12 11:10:00,12.00,0.00,0.00,348.28,12.40,0.00,0.00,90.0,OFF,4212600,30.9,217996,-65,MOUNTED,257.1,10.67
2026-09-12 11:20:00,12.00,0.00,0.00,348.28,12.40,0.00,0.00,90.0,OFF,4213200,31.4,215986,-67,MOUNTED,258.7,10.67
2026-09-12 11:30:00,12.00,0.00,0.00,348.28,12.40,0.00,0.00,90.0,OFF,4213800,31.6,222163,-68,MOUNTED,241.3,10.67
2026-09-12 11:40:00,12.00,0.00,0.00,348.28,12.40,0.00,0.00,90.0,OFF,4214400,30.9,211272,-63,MOUNTED,241.8,10.67
2026-09-12 11:50:00,12.00,0.00,0.00,348.28,12.40,0.00,0.00,90.0,OFF,4215000,30.7,221900,-63,MOUNTED,268.0,10.67
2026-09-12 23:00:00,12.00,0.00,0.00,0.00,12.40,0.00,0.00,90.0,OFF,4255200,30.6,212260,-63,MOUNTED,155.9,0.00
2026-09-12 23:10:00,15.36,0.22,3.38,0.56,12.48,0.25,3.06,90.4,OFF,4255800,31.9,214573,-64,MOUNTED,3606.7,0.00
2026-09-12 23:20:00,16.04,0.45,7.22,1.77,12.56,0.52,6.56,90.8,OFF,4256400,32.3,216946,-67,MOUNTED,7258.8,0.17
2026-09-12 23:30:00,16.42,0.65,10.67,3.54,12.63,0.77,9.72,91.1,OFF,4257000,32.3,224078,-63,MOUNTED,10338.2,0.33
2026-09-12 23:40:00,16.75,0.87,14.57,5.97,12.71,1.05,13.33,91.5,OFF,4257600,32.7,216012,-68,MOUNTED,13913.0,0.50
2026-09-12 23:50:00,16.88,0.97,16.37,8.70,12.74,1.18,14.99,91.6,OFF,4258200,33.3,213965,-65,MOUNTED,15455.0,0.67
2026-09-13 00:00:00,17.24,1.29,22.24,12.41,12.85,1.60,20.51,92.2,PWM 16%,4258800,33.4,222060,-66,MOUNTED,20734.0,0.83
2026-09-13 00:10:00,17.31,1.35,23.37,16.30,12.88,1.67,21.57,92.3,PWM 17%,4259400,33.6,219234,-65,MOUNTED,21564.4,1.00
2026-09-13 00:20:00,17.56,1.64,28.80,21.10,12.98,2.06,26.70,92.7,PWM 25%,4260000,34.4,215764,-67,MOUNTED,26314.4,1.17
2026-09-13 00:30:00,17.64,1.72,30.34,26.16,13.01,2.17,28.19,92.9,PWM 27%,4260600,34.4,223758,-63,MOUNTED,27594.1,1.33
2026-09-13 00:40:00,17.87,2.03,36.28,32.21,13.11,2.59,33.89,93.4,PWM 35%,4261200,35.9,216061,-66,MOUNTED,32489.3,1.50
2026-09-13 00:50:00,17.94,2.12,38.03,38.54,13.15,2.70,35.56,93.5,PWM 37%,4261800,36.3,216071,-67,MOUNTED,33948.8,1.67
2026-09-13 01:00:00,18.26,2.61,47.66,46.49,13.32,3.38,44.99,94.4,PWM 28%,4262400,37.3,214115,-64,MOUNTED,41776.8,1.83
2026-09-13 01:10:00,18.20,2.52,45.86,54.13,13.29,3.25,43.20,94.2,PWM 25%,4263000,37.4,214897,-65,MOUNTED,40178.7,2.00
2026-09-13 01:20:00,18.23,2.57,46.85,61.94,13.31,3.32,44.18,94.3,PWM 27%,4263600,37.2,215135,-65,MOUNTED,41227.6,2.17
2026-09-13 01:30:00,18.57,3.18,59.05,71.78,13.52,4.16,56.27,95.3,PWM 47%,4264200,38.4,212614,-67,MOUNTED,50834.7,2.33
2026-09-13 01:40:00,18.54,3.12,57.84,81.42,13.50,4.08,55.06,95.2,PWM 45%,4264800,38.4,221479,-68,MOUNTED,49750.8,2.50
2026-09-13 01:50:00,18.49,3.03,56.02,90.76,13.47,3.96,53.28,95.1,PWM 42%,4265400,38.3,213677,-68,MOUNTED,48487.3,2.67
2026-09-13 02:00:00,18.79,3.63,68.21,102.13,13.68,4.79,65.48,96.0,PWM 63%,4266000,39.2,211642,-66,MOUNTED,57770.6,2.83
2026-09-13 02:10:00,18.63,3.29,61.29,112.34,13.56,4.32,58.53,95.5,PWM 51%,4266600,38.3,222190,-63,MOUNTED,52451.1,3.00
2026-09-13 02:20:00,18.73,3.51,65.74,123.30,13.63,4.62,62.98,95.8,PWM 59%,4267200,39.9,224318,-67,MOUNTED,55939.4,3.17
2026-09-13 02:30:00,18.98,4.05,76.87,136.11,13.82,5.38,74.33,96.7,PWM 78%,4267800,41.2,216010,-64,MOUNTED,64489.8,3.33
2026-09-13 02:40:00,19.04,4.20,79.97,149.44,13.88,5.59,77.57,97.0,PWM 83%,4268400,41.7,215746,-67,MOUNTED,67065.7,3.50
2026-09-13 02:50:00,18.99,4.07,77.29,162.32,13.83,5.41,74.82,96.8,PWM 78%,4269000,40.6,222763,-65,MOUNTED,64923.8,3.67
2026-09-13 03:00:00,17.47,1.53,26.73,166.78,12.94,1.91,24.73,92.5,PWM 22%,4269600,34.4,218082,-66,MOUNTED,24511.1,3.83
2026-09-13 03:10:00,17.66,1.75,30.91,171.93,13.02,2.21,28.72,92.9,PWM 28%,4270200,35.6,213323,-65,MOUNTED,27961.0,4.00
2026-09-13 03:20:00,18.05,2.29,41.33,178.81,13.21,2.93,38.77,93.8,PWM 17%,4270800,37.0,213307,-65,MOUNTED,36659.2,4.17
2026-09-13 03:30:00,19.26,4.74,91.29,194.03,14.07,6.33,89.01,97.5,PWM 100%,4271400,42.4,221289,-68,MOUNTED,75772.4,4.33
2026-09-13 03:40:00,17.94,2.12,38.03,200.37,13.15,2.70,35.56,93.5,PWM 37%,4272000,36.3,215538,-67,MOUNTED,33937.7,4.50
2026-09-13 03:50:00,19.15,4.45,85.22,214.57,13.97,5.94,83.00,97.4,PWM 92%,4272600,42.4,218516,-64,MOUNTED,71023.8,4.67
2026-09-13 04:00:00,19.21,4.62,88.75,229.36,14.03,6.17,86.53,97.5,PWM 98%,4273200,42.2,219384,-64,MOUNTED,73684.3,4.83
2026-09-13 04:10:00,19.31,4.87,94.04,245.04,14.12,6.49,91.69,97.5,PWM 100%,4273800,42.5,220815,-63,MOUNTED,77760.7,5.00
2026-09-13 04:20:00,19.14,4.44,84.98,259.20,13.96,5.93,82.77,97.4,PWM 91%,4274400,41.9,214095,-68,MOUNTED,70974.4,5.17
2026-09-13 04:30:00,19.15,4.45,85.22,273.40,13.97,5.94,83.00,97.4,PWM 92%,4275000,41.5,211295,-68,MOUNTED,71007.0,5.33
2026-09-13 04:40:00,19.28,4.80,92.54,288.83,14.09,6.40,90.23,97.5,PWM 100%,4275600,43.1,222148,-64,MOUNTED,76709.3,5.50
2026-09-13 04:50:00,19.43,5.19,100.84,305.63,14.23,6.91,98.32,97.5,PWM 100%,4276200,43.9,217633,-64,MOUNTED,82790.4,5.67
2026-09-13 05:00:00,19.20,4.59,88.13,320.32,14.02,6.13,85.93,97.5,PWM 97%,4276800,42.3,213587,-68,MOUNTED,73375.3,5.83
2026-09-13 05:10:00,19.42,5.16,100.21,337.02,14.22,6.87,97.70,97.5,PWM 100%,4277400,44.3,220499,-67,MOUNTED,82415.6,6.00
2026-09-13 05:20:00,19.41,5.14,99.77,353.65,14.21,6.85,97.28,97.5,PWM 100%,4278000,43.7,214991,-65,MOUNTED,82017.1,6.17
2026-09-13 05:30:00,19.29,4.83,93.17,369.18,14.10,6.44,90.84,97.5,PWM 100%,4278600,42.7,222348,-65,MOUNTED,76986.6,6.33
2026-09-13 05:40:00,19.14,4.44,84.98,383.34,13.96,5.93,82.77,97.4,PWM 91%,4279200,42.3,223792,-66,MOUNTED,70965.0,6.50
2026-09-13 05:50:00,19.35,4.98,96.36,399.40,14.15,6.64,93.95,97.5,PWM 100%,4279800,43.5,212978,-66,MOUNTED,79504.4,6.67
2026-09-13 06:00:00,19.29,4.82,92.98,414.90,14.10,6.43,90.66,97.5,PWM 100%,4280400,42.9,219062,-64,MOUNTED,76838.2,6.83
2026-09-13 06:10:00,19.07,4.26,81.24,428.44,13.90,5.67,78.88,97.1,PWM 85%,4281000,41.0,225392,-68,MOUNTED,68151.1,7.00
2026-09-13 06:20:00,19.23,4.67,89.80,443.41,14.04,6.24,87.55,97.5,PWM 100%,4281600,42.4,221734,-67,MOUNTED,74441.3,7.17
2026-09-13 06:30:00,19.03,4.17,79.36,456.63,13.87,5.55,76.98,97.0,PWM 82%,4282200,41.4,221696,-64,MOUNTED,66740.1,7.33
2026-09-13 06:40:00,19.15,4.45,85.22,470.84,13.97,5.94,83.00,97.4,PWM 92%,4282800,42.3,225269,-63,MOUNTED,71137.2,7.50
2026-09-13 06:50:00,19.08,4.29,81.85,484.48,13.91,5.71,79.48,97.1,PWM 86%,4283400,41.3,223236,-66,MOUNTED,68568.9,7.67
2026-09-13 07:00:00,17.94,2.12,38.03,490.82,13.15,2.70,35.56,93.5,PWM 37%,4284000,35.9,224108,-65,MOUNTED,33959.5,7.83
2026-09-13 07:10:00,17.81,1.95,34.73,496.60,13.09,2.47,32.37,93.2,PWM 33%,4284600,35.9,222907,-65,MOUNTED,31046.8,8.00
2026-09-13 07:20:00,17.58,1.66,29.18,501.47,12.98,2.09,27.08,92.8,PWM 25%,4285200,34.3,213680,-68,MOUNTED,26551.0,8.17
2026-09-13 07:30:00,17.55,1.62,28.43,506.21,12.97,2.03,26.35,92.7,PWM 24%,4285800,34.8,223582,-66,MOUNTED,25779.6,8.33
2026-09-13 07:40:00,17.79,1.91,33.98,511.87,13.07,2.42,31.67,93.2,PWM 32%,4286400,35.2,214702,-63,MOUNTED,30588.7,8.50
2026-09-13 07:50:00,17.25,1.30,22.43,515.61,12.86,1.61,20.68,92.2,PWM 16%,4287000,34.4,221170,-63,MOUNTED,20728.7,8.67
2026-09-13 08:00:00,18.63,3.30,61.48,525.86,13.56,4.33,58.71,95.5,PWM 52%,4287600,38.8,214987,-68,MOUNTED,52680.7,8.83
2026-09-13 08:10:00,18.58,3.20,59.46,535.76,13.53,4.19,56.67,95.3,PWM 48%,4288200,38.4,220995,-67,MOUNTED,51022.1,9.00
2026-09-13 08:20:00,18.61,3.25,60.48,545.85,13.55,4.26,57.70,95.4,PWM 50%,4288800,38.7,211833,-68,MOUNTED,51894.5,9.17
2026-09-13 08:30:00,18.45,2.95,54.43,554.92,13.44,3.84,51.65,94.9,PWM 40%,4289400,37.6,216103,-64,MOUNTED,47279.5,9.33
2026-09-13 08:40:00,18.43,2.92,53.82,563.89,13.43,3.80,51.08,94.9,PWM 38%,4290000,37.7,224249,-66,MOUNTED,46651.7,9.50
2026-09-13 08:50:00,18.28,2.66,48.62,571.99,13.34,3.44,45.90,94.4,PWM 30%,4290600,37.5,216702,-68,MOUNTED,42479.0,9.67
2026-09-13 09:00:00,18.05,2.28,41.15,578.85,13.20,2.92,38.60,93.8,PWM 17%,4291200,36.9,217098,-66,MOUNTED,36382.2,9.83
2026-09-13 09:10:00,18.04,2.28,41.13,585.70,13.20,2.92,38.58,93.8,PWM 17%,4291800,36.0,216735,-64,MOUNTED,36358.9,10.00
2026-09-13 09:20:00,17.86,2.01,35.90,591.69,13.11,2.56,33.53,93.4,PWM 34%,4292400,35.1,221879,-66,MOUNTED,32297.3,10.17
2026-09-13 09:30:00,17.72,1.82,32.25,597.06,13.04,2.30,29.99,93.0,PWM 29%,4293000,35.6,211359,-66,MOUNTED,29153.3,10.33
2026-09-13 09:40:00,17.52,1.58,27.68,601.68,12.96,1.98,25.63,92.6,PWM 23%,4293600,35.1,223497,-66,MOUNTED,25211.8,10.50
2026-09-13 09:50:00,17.45,1.51,26.35,606.07,12.93,1.88,24.37,92.5,PWM 21%,4294200,34.1,218449,-63,MOUNTED,24117.0,10.67
2026-09-13 10:00:00,17.27,1.32,22.80,609.87,12.86,1.63,21.02,92.2,PWM 17%,4294800,34.1,216384,-63,MOUNTED,21229.5,10.83
2026-09-13 10:10:00,17.06,1.11,18.94,613.02,12.79,1.36,17.41,91.9,PWM 11%,4295400,33.8,214416,-68,MOUNTED,17933.1,11.00
2026-09-13 10:20:00,16.64,0.79,13.15,615.22,12.68,0.95,12.01,91.3,OFF,4296000,32.6,222941,-66,MOUNTED,12740.3,11.17
2026-09-13 10:30:00,16.36,0.62,10.14,616.91,12.62,0.73,9.23,91.0,OFF,4296600,32.2,221696,-68,MOUNTED,10118.3,11.33
2026-09-13 10:40:00,15.92,0.40,6.37,617.97,12.54,0.46,5.78,90.7,OFF,4297200,32.2,222351,-63,MOUNTED,6639.7,11.50
2026-09-13 10:50:00,15.31,0.21,3.22,618.50,12.47,0.23,2.91,90.3,OFF,4297800,31.6,223349,-67,MOUNTED,3379.6,11.50
2026-09-13 11:00:00,12.00,0.00,0.00,618.50,12.40,0.00,0.00,90.0,OFF,4298400,30.9,220737,-63,MOUNTED,231.9,11.50
2026-09-13 11:10:00,12.00,0.00,0.00,618.50,12.40,0.00,0.00,90.0,OFF,4299000,30.8,213452,-66,MOUNTED,153.5,11.50
2026-09-13 11:20:00,12.00,0.00,0.00,618.50,12.40,0.00,0.00,90.0,OFF,4299600,31.8,213376,-66,MOUNTED,68.5,11.50
2026-09-13 11:30:00,12.00,0.00,0.00,618.50,12.40,0.00,0.00,90.0,OFF,4300200,31.2,211528,-64,MOUNTED,162.4,11.50
2026-09-13 11:40:00,12.00,0.00,0.00,618.50,12.40,0.00,0.00,90.0,OFF,4300800,31.3,213000,-65,MOUNTED,291.7,11.50
2026-09-13 11:50:00,12.00,0.00,0.00,618.50,12.40,0.00,0.00,90.0,OFF,4301400,31.3,214252,-68,MOUNTED,202.7,11.50
2026-09-13 23:00:00,12.00,0.00,0.00,0.00,12.40,0.00,0.00,90.0,OFF,4341600,28.8,222300,-65,MOUNTED,139.1,0.00
2026-09-13 23:10:00,14.12,0.03,0.42,0.07,12.41,0.03,0.38,90.1,OFF,4342200,28.2,214069,-63,MOUNTED,576.7,0.00
2026-09-13 23:20:00,14.33,0.05,0.72,0.19,12.42,0.05,0.65,90.1,OFF,4342800,28.4,215824,-67,MOUNTED,1066.9,0.00
2026-09-13 23:30:00,14.90,0.12,1.79,0.49,12.44,0.13,1.61,90.2,OFF,4343400,28.5,224960,-65,MOUNTED,1933.5,0.00
2026-09-13 23:40:00,15.23,0.18,2.74,0.95,12.47,0.20,2.47,90.3,OFF,4344000,28.6,219209,-64,MOUNTED,3171.7,0.00
2026-09-13 23:50:00,15.23,0.19,2.89,1.43,12.47,0.21,2.61,90.3,OFF,4344600,28.4,217781,-67,MOUNTED,3050.3,0.00
2026-09-14 00:00:00,15.42,0.23,3.55,2.02,12.48,0.26,3.21,90.4,OFF,4345200,28.5,219074,-67,MOUNTED,3944.4,0.00
2026-09-14 00:10:00,15.28,0.20,3.06,2.53,12.47,0.22,2.76,90.3,OFF,4345800,29.4,213758,-63,MOUNTED,3337.8,0.00
2026-09-14 00:20:00,15.72,0.33,5.19,3.39,12.51,0.38,4.70,90.5,OFF,4346400,28.8,223652,-65,MOUNTED,5393.6,0.17
2026-09-14 00:30:00,15.53,0.27,4.19,4.09,12.49,0.30,3.79,90.4,OFF,4347000,29.0,211639,-63,MOUNTED,4416.4,0.17
2026-09-14 00:40:00,16.02,0.45,7.21,5.29,12.56,0.52,6.54,90.7,OFF,4347600,29.6,223031,-63,MOUNTED,7369.0,0.33
2026-09-14 00:50:00,16.03,0.45,7.21,6.49,12.56,0.52,6.55,90.8,OFF,4348200,29.4,215499,-65,MOUNTED,7275.0,0.50
2026-09-14 01:00:00,16.00,0.43,6.88,7.64,12.55,0.50,6.24,90.7,OFF,4348800,29.4,216519,-64,MOUNTED,7127.6,0.67
2026-09-14 01:10:00,16.09,0.48,7.72,8.93,12.57,0.56,7.01,90.8,OFF,4349400,29.8,216296,-63,MOUNTED,7610.4,0.83
2026-09-14 01:20:00,16.31,0.59,9.62,10.53,12.61,0.69,8.75,91.0,OFF,4350000,29.4,216229,-65,MOUNTED,9660.8,1.00
2026-09-14 01:30:00,15.63,0.30,4.69,11.31,12.50,0.34,4.24,90.5,OFF,4350600,29.6,215998,-66,MOUNTED,4956.9,1.00
2026-09-14 01:40:00,16.28,0.57,9.28,12.86,12.60,0.67,8.44,91.0,OFF,4351200,30.0,223176,-65,MOUNTED,9239.2,1.17
2026-09-14 01:50:00,16.16,0.51,8.24,14.23,12.58,0.60,7.49,90.9,OFF,4351800,29.7,216563,-68,MOUNTED,8386.5,1.33
2026-09-14 02:00:00,16.41,0.64,10.50,15.98,12.63,0.76,9.57,91.1,OFF,4352400,29.3,211857,-66,MOUNTED,10355.5,1.50
2026-09-14 02:10:00,16.64,0.79,13.15,18.17,12.68,0.95,12.01,91.3,OFF,4353000,30.1,221283,-63,MOUNTED,12783.2,1.67
2026-09-14 02:20:00,16.34,0.60,9.80,19.81,12.61,0.71,8.92,91.0,OFF,4353600,29.3,225634,-63,MOUNTED,9636.8,1.83
2026-09-14 02:30:00,16.46,0.68,11.19,21.67,12.64,0.81,10.19,91.1,OFF,4354200,30.0,215133,-63,MOUNTED,10957.3,2.00
2026-09-14 02:40:00,16.07,0.47,7.55,22.93,12.56,0.55,6.86,90.8,OFF,4354800,29.5,218120,-66,MOUNTED,7494.1,2.17
2026-09-14 02:50:00,15.93,0.41,6.53,24.02,12.54,0.47,5.92,90.7,OFF,4355400,28.8,219461,-65,MOUNTED,6585.2,2.33
2026-09-14 03:00:00,16.63,0.79,13.14,26.21,12.68,0.95,12.00,91.3,OFF,4356000,29.9,221339,-63,MOUNTED,12535.9,2.50
2026-09-14 03:10:00,15.87,0.38,6.03,27.21,12.54,0.44,5.46,90.6,OFF,4356600,29.0,214838,-63,MOUNTED,6216.9,2.67
2026-09-14 03:20:00,16.77,0.89,14.93,29.70,12.71,1.07,13.66,91.5,OFF,4357200,29.9,211254,-64,MOUNTED,14328.1,2.83
2026-09-14 03:30:00,16.22,0.54,8.76,31.16,12.59,0.63,7.96,90.9,OFF,4357800,29.3,222633,-63,MOUNTED,8757.1,3.00
2026-09-14 03:40:00,16.64,0.79,13.15,33.35,12.68,0.95,12.01,91.3,OFF,4358400,29.7,222974,-68,MOUNTED,12761.5,3.17
2026-09-14 03:50:00,16.24,0.55,8.93,34.84,12.59,0.64,8.12,90.9,OFF,4359000,29.5,211299,-63,MOUNTED,8998.0,3.33
2026-09-14 04:00:00,16.97,1.04,17.65,37.78,12.77,1.27,16.19,91.7,OFF,4359600,31.2,214761,-65,MOUNTED,16770.5,3.50
2026-09-14 04:10:00,16.83,0.93,15.65,40.39,12.73,1.12,14.32,91.5,OFF,4360200,30.5,220491,-68,MOUNTED,14984.2,3.67
2026-09-14 04:20:00,16.64,0.79,13.15,42.58,12.68,0.95,12.01,91.3,OFF,4360800,29.6,220746,-66,MOUNTED,12750.5,3.83
2026-09-14 04:30:00,16.66,0.81,13.49,44.83,12.68,0.97,12.32,91.3,OFF,4361400,30.6,222204,-66,MOUNTED,13090.7,4.00
2026-09-14 04:40:00,17.01,1.07,18.20,47.87,12.78,1.31,16.71,91.8,PWM 10%,4362000,30.5,218783,-66,MOUNTED,17104.4,4.17
2026-09-14 04:50:00,16.06,0.47,7.55,49.12,12.56,0.55,6.86,90.8,OFF,4362600,29.1,218196,-63,MOUNTED,7464.8,4.33
2026-09-14 05:00:00,16.70,0.83,13.86,51.43,12.69,1.00,12.67,91.4,OFF,4363200,30.2,212624,-65,MOUNTED,13338.2,4.50
2026-09-14 05:10:00,16.99,1.06,18.01,54.44,12.77,1.29,16.53,91.8,PWM 10%,4363800,30.6,213278,-65,MOUNTED,17029.8,4.67
2026-09-14 05:20:00,16.36,0.62,10.14,56.13,12.62,0.73,9.23,91.0,OFF,4364400,29.6,214049,-64,MOUNTED,9865.4,4.83
2026-09-14 05:30:00,16.53,0.72,11.90,58.11,12.65,0.86,10.85,91.2,OFF,4365000,29.8,211188,-67,MOUNTED,11652.5,5.00
2026-09-14 05:40:00,16.95,1.03,17.46,61.02,12.76,1.25,16.01,91.7,OFF,4365600,31.2,224614,-68,MOUNTED,16551.5,5.17
2026-09-14 05:50:00,16.25,0.56,9.10,62.54,12.60,0.66,8.27,90.9,OFF,4366200,29.4,215396,-65,MOUNTED,8917.4,5.33
2026-09-14 06:00:00,16.92,1.00,16.92,65.36,12.75,1.22,15.52,91.7,OFF,4366800,30.6,218121,-65,MOUNTED,16107.1,5.50
2026-09-14 06:10:00,16.51,0.71,11.72,67.31,12.65,0.85,10.69,91.2,OFF,4367400,30.0,220357,-65,MOUNTED,11356.6,5.67
2026-09-14 06:20:00,16.18,0.52,8.41,68.71,12.58,0.61,7.64,90.9,OFF,4368000,29.5,211244,-67,MOUNTED,8364.1,5.83
2026-09-14 06:30:00,16.91,0.99,16.74,71.50,12.75,1.20,15.33,91.6,OFF,4368600,30.2,220536,-68,MOUNTED,15814.1,6.00
2026-09-14 06:40:00,16.72,0.85,14.21,73.87,12.70,1.02,12.99,91.4,OFF,4369200,30.1,218288,-66,MOUNTED,13590.4,6.17
2026-09-14 06:50:00,16.77,0.88,14.76,76.33,12.71,1.06,13.51,91.5,OFF,4369800,30.7,223784,-63,MOUNTED,14315.5,6.33
2026-09-14 07:00:00,15.87,0.38,6.03,77.33,12.53,0.44,5.46,90.6,OFF,4370400,29.3,212909,-63,MOUNTED,6352.5,6.50
2026-09-14 07:10:00,16.35,0.61,9.97,79.00,12.61,0.72,9.07,91.0,OFF,4371000,30.1,219831,-67,MOUNTED,9883.2,6.67
2026-09-14 07:20:00,16.56,0.74,12.25,81.04,12.66,0.88,11.17,91.2,OFF,4371600,29.7,215590,-64,MOUNTED,11887.5,6.83
2026-09-14 07:30:00,16.30,0.58,9.45,82.61,12.61,0.68,8.60,91.0,OFF,4372200,30.1,212870,-63,MOUNTED,9507.2,7.00
2026-09-14 07:40:00,15.80,0.36,5.69,83.56,12.53,0.41,5.16,90.6,OFF,4372800,29.2,212745,-68,MOUNTED,5904.5,7.17
2026-09-14 07:50:00,16.43,0.66,10.84,85.37,12.63,0.78,9.88,91.1,OFF,4373400,29.4,217653,-66,MOUNTED,10644.5,7.33
2026-09-14 08:00:00,16.34,0.61,9.97,87.03,12.61,0.72,9.07,91.0,OFF,4374000,29.6,222647,-66,MOUNTED,9755.3,7.50
2026-09-14 08:10:00,16.11,0.49,7.89,88.34,12.57,0.57,7.16,90.8,OFF,4374600,29.6,216082,-64,MOUNTED,8070.9,7.67
2026-09-14 08:20:00,16.33,0.60,9.80,89.98,12.61,0.71,8.92,91.0,OFF,4375200,29.3,217389,-67,MOUNTED,9725.3,7.83
2026-09-14 08:30:00,16.12,0.49,7.90,91.30,12.57,0.57,7.17,90.8,OFF,4375800,29.9,225014,-63,MOUNTED,8083.0,8.00
2026-09-14 08:40:00,16.30,0.59,9.62,92.90,12.61,0.69,8.75,91.0,OFF,4376400,30.0,215776,-64,MOUNTED,9341.6,8.17
2026-09-14 08:50:00,15.98,0.43,6.87,94.04,12.55,0.50,6.23,90.7,OFF,4377000,29.2,212076,-64,MOUNTED,6962.5,8.33
2026-09-14 09:00:00,15.77,0.34,5.36,94.94,12.52,0.39,4.86,90.6,OFF,4377600,28.7,214086,-67,MOUNTED,5512.5,8.50
2026-09-14 09:10:00,15.95,0.42,6.70,96.05,12.55,0.48,6.08,90.7,OFF,4378200,29.9,211612,-68,MOUNTED,6845.2,8.67
2026-09-14 09:20:00,15.41,0.23,3.54,96.64,12.48,0.26,3.20,90.4,OFF,4378800,29.2,225288,-67,MOUNTED,3925.0,8.67
2026-09-14 09:30:00,15.64,0.30,4.69,97.42,12.51,0.34,4.24,90.5,OFF,4379400,28.8,224056,-64,MOUNTED,4898.3,8.67
2026-09-14 09:40:00,15.73,0.33,5.19,98.29,12.52,0.38,4.70,90.5,OFF,4380000,29.7,222181,-68,MOUNTED,5380.9,8.83
2026-09-14 09:50:00,15.12,0.16,2.42,98.69,12.46,0.18,2.19,90.3,OFF,4380600,28.5,218184,-68,MOUNTED,2805.1,8.83
2026-09-14 10:00:00,15.57,0.28,4.36,99.42,12.50,0.32,3.95,90.5,OFF,4381200,28.6,217044,-67,MOUNTED,4532.3,8.83
2026-09-14 10:10:00,15.26,0.19,2.90,99.90,12.47,0.21,2.62,90.3,OFF,4381800,28.5,224632,-67,MOUNTED,3094.0,8.83
2026-09-14 10:20:00,14.69,0.09,1.32,100.12,12.43,0.10,1.19,90.1,OFF,4382400,29.0,224958,-65,MOUNTED,1502.8,8.83
2026-09-14 10:30:00,14.41,0.06,0.86,100.27,12.42,0.06,0.77,90.1,OFF,4383000,28.9,222527,-63,MOUNTED,1052.4,8.83
2026-09-14 10:40:00,14.62,0.08,1.17,100.46,12.43,0.08,1.05,90.1,OFF,4383600,28.8,219454,-64,MOUNTED,1315.4,8.83
2026-09-14 10:50:00,14.22,0.04,0.57,100.56,12.41,0.04,0.51,90.1,OFF,4384200,28.5,223512,-68,MOUNTED,764.8,8.83
2026-09-14 11:00:00,12.00,0.00,0.00,100.56,12.40,0.00,0.00,90.0,OFF,4384800,28.4,225647,-65,MOUNTED,45.2,8.83
2026-09-14 11:10:00,12.00,0.00,0.00,100.56,12.40,0.00,0.00,90.0,OFF,4385400,28.9,211713,-63,MOUNTED,44.6,8.83
2026-09-14 11:20:00,12.00,0.00,0.00,100.56,12.40,0.00,0.00,90.0,OFF,4386000,28.6,218644,-66,MOUNTED,11.4,8.83
2026-09-14 11:30:00,12.00,0.00,0.00,100.56,12.40,0.00,0.00,90.0,OFF,4386600,28.4,213692,-64,MOUNTED,275.9,8.83
2026-09-14 11:40:00,12.00,0.00,0.00,100.56,12.40,0.00,0.00,90.0,OFF,4387200,28.6,219837,-63,MOUNTED,43.8,8.83
2026-09-14 11:50:00,12.00,0.00,0.00,100.56,12.40,0.00,0.00,90.0,OFF,4387800,28.7,218324,-67,MOUNTED,46.6,8.83
2026-09-14 23:00:00,12.00,0.00,0.00,0.00,12.40,0.00,0.00,90.0,OFF,4428000,28.9,218030,-65,MOUNTED,211.3,0.00
2026-09-14 23:10:00,13.91,0.02,0.28,0.05,12.41,0.02,0.25,90.0,OFF,4428600,28.6,211840,-66,MOUNTED,564.7,0.00
2026-09-14 23:20:00,14.25,0.04,0.57,0.14,12.42,0.04,0.51,90.1,OFF,4429200,28.2,225186,-63,MOUNTED,965.4,0.00
2026-09-14 23:30:00,14.62,0.08,1.17,0.34,12.43,0.08,1.05,90.1,OFF,4429800,29.1,221437,-64,MOUNTED,1438.0,0.00
2026-09-14 23:40:00,14.86,0.11,1.63,0.61,12.44,0.12,1.47,90.2,OFF,4430400,28.8,218802,-67,MOUNTED,1992.1,0.00
2026-09-14 23:50:00,15.05,0.15,2.26,0.98,12.45,0.16,2.04,90.2,OFF,4431000,28.7,224618,-68,MOUNTED,2561.5,0.00
2026-09-15 00:00:00,15.44,0.24,3.71,1.60,12.48,0.27,3.35,90.4,OFF,4431600,29.1,217565,-67,MOUNTED,3928.1,0.00
2026-09-15 00:10:00,15.11,0.16,2.42,2.01,12.46,0.18,2.19,90.3,OFF,4432200,28.5,221886,-65,MOUNTED,2737.1,0.00
2026-09-15 00:20:00,15.77,0.35,5.52,2.93,12.52,0.40,5.00,90.6,OFF,4432800,28.7,223809,-68,MOUNTED,5644.0,0.17
2026-09-15 00:30:00,15.85,0.37,5.86,3.90,12.53,0.42,5.31,90.6,OFF,4433400,29.0,224047,-64,MOUNTED,6174.3,0.33
2026-09-15 00:40:00,15.48,0.25,3.87,4.55,12.49,0.28,3.50,90.4,OFF,4434000,29.4,212547,-64,MOUNTED,4213.6,0.33
2026-09-15 00:50:00,15.88,0.39,6.19,5.58,12.54,0.45,5.61,90.6,OFF,4434600,29.7,225654,-67,MOUNTED,6214.6,0.50
2026-09-15 01:00:00,16.11,0.49,7.89,6.89,12.57,0.57,7.16,90.8,OFF,4435200,29.0,214695,-63,MOUNTED,7894.4,0.67
2026-09-15 01:10:00,15.94,0.41,6.54,7.98,12.54,0.47,5.93,90.7,OFF,4435800,28.9,225481,-65,MOUNTED,6595.8,0.83
2026-09-15 01:20:00,15.89,0.39,6.20,9.02,12.54,0.45,5.62,90.7,OFF,4436400,28.7,215864,-65,MOUNTED,6301.1,1.00
2026-09-15 01:30:00,15.92,0.40,6.37,10.08,12.54,0.46,5.78,90.7,OFF,4437000,29.8,217744,-67,MOUNTED,6514.3,1.17
2026-09-15 01:40:00,16.25,0.56,9.10,11.60,12.60,0.66,8.27,90.9,OFF,4437600,29.2,220423,-65,MOUNTED,9152.2,1.33
2026-09-15 01:50:00,16.17,0.52,8.41,13.00,12.58,0.61,7.64,90.9,OFF,4438200,29.5,223347,-64,MOUNTED,8309.3,1.50
2026-09-15 02:00:00,16.46,0.67,11.03,14.84,12.64,0.80,10.05,91.1,OFF,4438800,29.6,225640,-63,MOUNTED,11041.3,1.67
2026-09-15 02:10:00,16.31,0.59,9.62,16.44,12.61,0.69,8.75,91.0,OFF,4439400,29.5,222864,-68,MOUNTED,9545.5,1.83
2026-09-15 02:20:00,16.51,0.71,11.72,18.39,12.65,0.85,10.69,91.2,OFF,4440000,30.0,214383,-64,MOUNTED,11495.4,2.00
2026-09-15 02:30:00,16.49,0.70,11.54,20.32,12.64,0.83,10.52,91.2,OFF,4440600,29.9,212107,-63,MOUNTED,11303.5,2.17
2026-09-15 02:40:00,16.73,0.85,14.22,22.69,12.70,1.02,13.00,91.4,OFF,4441200,29.9,213150,-64,MOUNTED,13616.0,2.33
2026-09-15 02:50:00,16.37,0.62,10.15,24.38,12.62,0.73,9.24,91.0,OFF,4441800,29.4,211088,-64,MOUNTED,10114.7,2.50
2026-09-15 03:00:00,16.06,0.47,7.55,25.64,12.56,0.55,6.86,90.8,OFF,4442400,29.1,220805,-66,MOUNTED,7660.8,2.67
2026-09-15 03:10:00,16.38,0.63,10.32,27.36,12.62,0.74,9.39,91.0,OFF,4443000,29.5,217765,-65,MOUNTED,10060.6,2.83
2026-09-15 03:20:00,16.76,0.88,14.75,29.81,12.71,1.06,13.50,91.5,OFF,4443600,30.6,211826,-65,MOUNTED,14057.5,3.00
2026-09-15 03:30:00,16.65,0.80,13.32,32.03,12.68,0.96,12.16,91.3,OFF,4444200,30.0,214133,-64,MOUNTED,12810.4,3.17
2026-09-15 03:40:00,16.59,0.76,12.61,34.14,12.67,0.91,11.51,91.3,OFF,4444800,29.8,222816,-65,MOUNTED,12190.0,3.33
2026-09-15 03:50:00,16.48,0.69,11.37,36.03,12.64,0.82,10.36,91.1,OFF,4445400,29.5,216084,-68,MOUNTED,11003.1,3.50
2026-09-15 04:00:00,16.51,0.71,11.72,37.98,12.65,0.85,10.69,91.2,OFF,4446000,30.3,219606,-64,MOUNTED,11402.7,3.67
2026-09-15 04:10:00,16.38,0.63,10.32,39.70,12.62,0.74,9.39,91.0,OFF,4446600,30.3,219080,-65,MOUNTED,10050.5,3.83
2026-09-15 04:20:00,16.79,0.90,15.11,42.22,12.72,1.09,13.83,91.5,OFF,4447200,30.7,211705,-67,MOUNTED,14487.9,4.00
2026-09-15 04:30:00,17.00,1.07,18.19,45.25,12.77,1.31,16.70,91.8,PWM 10%,4447800,31.0,212036,-67,MOUNTED,17119.4,4.17
2026-09-15 04:40:00,16.16,0.51,8.24,46.63,12.58,0.60,7.49,90.9,OFF,4448400,29.5,223898,-66,MOUNTED,8311.0,4.33
2026-09-15 04:50:00,16.77,0.89,14.93,49.12,12.71,1.07,13.66,91.5,OFF,4449000,30.7,225682,-65,MOUNTED,14168.5,4.50
2026-09-15 05:00:00,16.15,0.51,8.24,50.49,12.58,0.59,7.48,90.8,OFF,4449600,29.4,218900,-65,MOUNTED,8316.0,4.67
2026-09-15 05:10:00,16.51,0.71,11.72,52.44,12.65,0.85,10.69,91.2,OFF,4450200,30.2,211677,-64,MOUNTED,11257.8,4.83
2026-09-15 05:20:00,16.53,0.72,11.90,54.43,12.65,0.86,10.85,91.2,OFF,4450800,30.0,225086,-66,MOUNTED,11761.8,5.00
2026-09-15 05:30:00,16.60,0.76,12.62,56.53,12.67,0.91,11.52,91.3,OFF,4451400,30.0,216085,-65,MOUNTED,12298.0,5.17
2026-09-15 05:40:00,16.44,0.66,10.85,58.34,12.63,0.78,9.88,91.1,OFF,4452000,29.7,213925,-65,MOUNTED,10837.1,5.33
2026-09-15 05:50:00,16.53,0.72,11.90,60.32,12.65,0.86,10.85,91.2,OFF,4452600,30.3,219235,-64,MOUNTED,11580.1,5.50
2026-09-15 06:00:00,16.96,1.04,17.64,63.26,12.76,1.27,16.18,91.7,OFF,4453200,30.2,211990,-65,MOUNTED,16695.6,5.67
2026-09-15 06:10:00,15.98,0.43,6.87,64.41,12.55,0.50,6.23,90.7,OFF,4453800,29.7,219102,-68,MOUNTED,7075.6,5.83
2026-09-15 06:20:00,16.44,0.66,10.85,66.21,12.63,0.78,9.88,91.1,OFF,4454400,29.4,214082,-63,MOUNTED,10759.7,6.00
2026-09-15 06:30:00,16.01,0.44,7.04,67.39,12.55,0.51,6.39,90.7,OFF,4455000,29.2,216694,-63,MOUNTED,7308.1,6.17
2026-09-15 06:40:00,16.80,0.90,15.12,69.91,12.72,1.09,13.83,91.5,OFF,4455600,30.9,214475,-66,MOUNTED,14451.9,6.33
2026-09-15 06:50:00,16.81,0.92,15.47,72.49,12.72,1.11,14.16,91.5,OFF,4456200,30.4,223648,-64,MOUNTED,14827.1,6.50
2026-09-15 07:00:00,16.83,0.93,15.65,75.09,12.73,1.12,14.32,91.5,OFF,4456800,30.2,217908,-64,MOUNTED,14759.2,6.67
2026-09-15 07:10:00,16.55,0.73,12.08,77.11,12.66,0.87,11.02,91.2,OFF,4457400,29.7,214786,-63,MOUNTED,11628.5,6.83
2026-09-15 07:20:00,16.61,0.77,12.79,79.24,12.67,0.92,11.68,91.3,OFF,4458000,30.2,215091,-65,MOUNTED,12443.5,7.00
2026-09-15 07:30:00,16.51,0.71,11.72,81.19,12.65,0.85,10.69,91.2,OFF,4458600,29.8,219812,-66,MOUNTED,11496.8,7.17
2026-09-15 07:40:00,15.96,0.42,6.70,82.31,12.55,0.48,6.08,90.7,OFF,4459200,28.8,218154,-65,MOUNTED,6955.2,7.33
2026-09-15 07:50:00,16.35,0.61,9.97,83.97,12.62,0.72,9.07,91.0,OFF,4459800,29.8,223423,-64,MOUNTED,9815.8,7.50
2026-09-15 08:00:00,16.33,0.60,9.80,85.60,12.61,0.71,8.92,91.0,OFF,4460400,29.6,216861,-68,MOUNTED,9792.5,7.67
2026-09-15 08:10:00,15.65,0.30,4.70,86.39,12.51,0.34,4.25,90.5,OFF,4461000,29.4,216305,-64,MOUNTED,4918.3,7.67
2026-09-15 08:20:00,16.46,0.68,11.19,88.25,12.64,0.81,10.19,91.1,OFF,4461600,29.6,216066,-65,MOUNTED,10822.9,7.83
2026-09-15 08:30:00,15.81,0.36,5.69,89.20,12.53,0.41,5.16,90.6,OFF,4462200,29.4,212422,-65,MOUNTED,5958.6,8.00
2026-09-15 08:40:00,15.90,0.39,6.20,90.23,12.54,0.45,5.62,90.7,OFF,4462800,29.8,219778,-67,MOUNTED,6567.9,8.17
2026-09-15 08:50:00,15.80,0.36,5.69,91.18,12.53,0.41,5.16,90.6,OFF,4463400,29.6,212429,-63,MOUNTED,5920.4,8.33
2026-09-15 09:00:00,16.11,0.49,7.89,92.50,12.57,0.57,7.16,90.8,OFF,4464000,29.5,219458,-67,MOUNTED,8015.8,8.50
2026-09-15 09:10:00,16.13,0.50,8.06,93.84,12.57,0.58,7.32,90.8,OFF,4464600,29.9,221874,-67,MOUNTED,8131.4,8.67
2026-09-15 09:20:00,15.73,0.33,5.19,94.71,12.52,0.38,4.70,90.5,OFF,4465200,29.2,217496,-64,MOUNTED,5502.9,8.83
2026-09-15 09:30:00,15.89,0.39,6.20,95.74,12.54,0.45,5.62,90.6,OFF,4465800,29.1,211731,-63,MOUNTED,6417.0,9.00
2026-09-15 09:40:00,15.28,0.20,3.06,96.25,12.47,0.22,2.76,90.3,OFF,4466400,29.1,211842,-66,MOUNTED,3390.5,9.00
2026-09-15 09:50:00,15.29,0.20,3.06,96.76,12.47,0.22,2.76,90.3,OFF,4467000,28.8,220459,-66,MOUNTED,3487.7,9.00
2026-09-15 10:00:00,15.44,0.24,3.71,97.38,12.48,0.27,3.35,90.4,OFF,4467600,28.4,215754,-65,MOUNTED,3939.8,9.00
2026-09-15 10:10:00,15.02,0.14,2.10,97.73,12.45,0.15,1.89,90.2,OFF,4468200,28.4,224601,-65,MOUNTED,2443.1,9.00
2026-09-15 10:20:00,14.69,0.09,1.32,97.95,12.43,0.10,1.19,90.1,OFF,4468800,28.5,214066,-64,MOUNTED,1654.2,9.00
2026-09-15 10:30:00,14.55,0.07,1.02,98.12,12.43,0.07,0.92,90.1,OFF,4469400,29.0,214238,-68,MOUNTED,1310.2,9.00
2026-09-15 10:40:00,14.58,0.08,1.17,98.31,12.43,0.08,1.05,90.1,OFF,4470000,28.3,214259,-66,MOUNTED,1487.1,9.00
2026-09-15 10:50:00,14.21,0.04,0.57,98.41,12.41,0.04,0.51,90.1,OFF,4470600,28.8,223840,-63,MOUNTED,715.2,9.00
2026-09-15 11:00:00,12.00,0.00,0.00,98.41,12.40,0.00,0.00,90.0,OFF,4471200,28.4,215932,-68,MOUNTED,227.1,9.00
2026-09-15 11:10:00,12.00,0.00,0.00,98.41,12.40,0.00,0.00,90.0,OFF,4471800,28.9,216485,-66,MOUNTED,105.8,9.00
2026-09-15 11:20:00,12.00,0.00,0.00,98.41,12.40,0.00,0.00,90.0,OFF,4472400,28.8,224457,-65,MOUNTED,100.4,9.00
2026-09-15 11:30:00,12.00,0.00,0.00,98.41,12.40,0.00,0.00,90.0,OFF,4473000,29.1,223309,-63,MOUNTED,268.7,9.00
2026-09-15 11:40:00,12.00,0.00,0.00,98.41,12.40,0.00,0.00,90.0,OFF,4473600,28.1,221794,-63,MOUNTED,224.9,9.00
2026-09-15 11:50:00,12.00,0.00,0.00,98.41,12.40,0.00,0.00,90.0,OFF,4474200,28.9,214409,-65,MOUNTED,236.8,9.00
2026-09-15 23:00:00,12.00,0.00,0.00,0.00,12.40,0.00,0.00,90.0,OFF,4514400,31.2,211686,-66,MOUNTED,154.7,0.00
2026-09-15 23:10:00,15.20,0.18,2.74,0.46,12.46,0.20,2.47,90.3,OFF,4515000,32.0,218864,-65,MOUNTED,3099.1,0.00
2026-09-15 23:20:00,15.61,0.29,4.53,1.21,12.50,0.33,4.10,90.5,OFF,4515600,32.3,219666,-65,MOUNTED,4852.3,0.00
2026-09-15 23:30:00,16.20,0.53,8.59,2.64,12.59,0.62,7.81,90.9,OFF,4516200,32.1,222686,-63,MOUNTED,8766.2,0.17
2026-09-15 23:40:00,16.60,0.76,12.62,4.75,12.67,0.91,11.52,91.3,OFF,4516800,33.0,212281,-66,MOUNTED,12238.2,0.33
2026-09-15 23:50:00,16.85,0.94,15.84,7.39,12.73,1.14,14.51,91.6,OFF,4517400,33.0,215805,-63,MOUNTED,15193.2,0.50
2026-09-16 00:00:00,16.85,0.94,15.84,10.03,12.73,1.14,14.51,91.6,OFF,4518000,32.7,215404,-68,MOUNTED,15242.6,0.67
2026-09-16 00:10:00,16.90,0.99,16.73,12.81,12.75,1.20,15.32,91.6,OFF,4518600,33.2,222772,-68,MOUNTED,15809.0,0.83
2026-09-16 00:20:00,17.49,1.55,27.11,17.33,12.94,1.94,25.10,92.6,PWM 22%,4519200,34.8,225145,-65,MOUNTED,24721.4,1.00
2026-09-16 00:30:00,17.56,1.63,28.62,22.10,12.97,2.05,26.53,92.7,PWM 24%,4519800,35.0,216186,-66,MOUNTED,26027.0,1.17
2026-09-16 00:40:00,17.83,1.98,35.30,27.99,13.10,2.51,32.93,93.3,PWM 34%,4520400,36.2,216989,-67,MOUNTED,31735.3,1.33
2026-09-16 00:50:00,17.66,1.75,30.91,33.14,13.01,2.21,28.72,92.9,PWM 28%,4521000,35.2,215693,-64,MOUNTED,28080.8,1.50
2026-09-16 01:00:00,17.71,1.82,32.23,38.51,13.04,2.30,29.97,93.0,PWM 29%,4521600,35.1,220351,-68,MOUNTED,29157.7,1.67
2026-09-16 01:10:00,17.71,1.82,32.23,43.88,13.04,2.30,29.97,93.0,PWM 29%,4522200,34.9,221020,-66,MOUNTED,28999.6,1.83
2026-09-16 01:20:00,18.18,2.48,45.09,51.40,13.27,3.20,42.43,94.1,PWM 24%,4522800,36.4,224044,-64,MOUNTED,39760.3,2.00
2026-09-16 01:30:00,18.22,2.55,46.46,59.14,13.30,3.29,43.77,94.2,PWM 26%,4523400,36.6,215779,-65,MOUNTED,40678.2,2.17
2026-09-16 01:40:00,18.26,2.62,47.84,67.11,13.32,3.39,45.16,94.4,PWM 28%,4524000,37.3,216635,-65,MOUNTED,41965.7,2.33
2026-09-16 01:50:00,18.56,3.17,58.84,76.92,13.52,4.15,56.07,95.3,PWM 47%,4524600,38.4,218648,-68,MOUNTED,50496.8,2.50
2026-09-16 02:00:00,18.41,2.88,53.02,85.76,13.41,3.75,50.26,94.8,PWM 37%,4525200,37.8,213087,-65,MOUNTED,46144.4,2.67
2026-09-16 02:10:00,18.15,2.44,44.29,93.14,13.26,3.14,41.68,94.1,PWM 22%,4525800,36.4,219590,-63,MOUNTED,39131.3,2.83
2026-09-16 02:20:00,18.24,2.59,47.24,101.01,13.31,3.35,44.55,94.3,PWM 27%,4526400,37.6,212333,-67,MOUNTED,41474.3,3.00
2026-09-16 02:30:00,18.84,3.73,70.27,112.72,13.71,4.93,67.60,96.2,PWM 66%,4527000,39.7,214769,-65,MOUNTED,59518.7,3.17
2026-09-16 02:40:00,18.56,3.16,58.65,122.50,13.51,4.14,55.89,95.3,PWM 47%,4527600,38.8,215516,-63,MOUNTED,50287.2,3.33
2026-09-16 02:50:00,18.81,3.66,68.84,133.97,13.69,4.83,66.16,96.1,PWM 64%,4528200,39.6,215785,-65,MOUNTED,58444.0,3.50
2026-09-16 03:00:00,18.78,3.62,67.98,145.30,13.67,4.77,65.26,96.0,PWM 63%,4528800,39.6,217683,-67,MOUNTED,57832.6,3.67
2026-09-16 03:10:00,18.60,3.24,60.26,155.34,13.54,4.25,57.49,95.4,PWM 49%,4529400,38.6,216129,-65,MOUNTED,51703.2,3.83
2026-09-16 03:20:00,18.56,3.15,58.46,165.09,13.51,4.12,55.71,95.3,PWM 46%,4530000,38.1,216607,-63,MOUNTED,50476.4,4.00
2026-09-16 03:30:00,18.66,3.36,62.70,175.54,13.58,4.41,59.94,95.6,PWM 54%,4530600,38.5,224774,-67,MOUNTED,53831.4,4.17
2026-09-16 03:40:00,19.14,4.44,84.98,189.70,13.96,5.93,82.77,97.4,PWM 91%,4531200,41.8,221594,-63,MOUNTED,70683.3,4.33
2026-09-16 03:50:00,18.81,3.68,69.22,201.24,13.69,4.86,66.52,96.1,PWM 65%,4531800,40.4,216281,-66,MOUNTED,58777.5,4.50
2026-09-16 04:00:00,19.15,4.45,85.22,215.44,13.97,5.94,83.00,97.4,PWM 92%,4532400,42.3,225874,-66,MOUNTED,71196.3,4.67
2026-09-16 04:10:00,18.85,3.77,71.06,227.28,13.73,4.98,68.43,96.3,PWM 68%,4533000,40.0,217028,-63,MOUNTED,60030.3,4.83
2026-09-16 04:20:00,18.94,3.96,75.00,239.78,13.79,5.25,72.45,96.6,PWM 75%,4533600,41.0,211578,-65,MOUNTED,63214.2,5.00
2026-09-16 04:30:00,18.93,3.93,74.39,252.18,13.78,5.21,71.86,96.6,PWM 73%,4534200,40.7,218253,-65,MOUNTED,62812.4,5.17
2026-09-16 04:40:00,19.16,4.49,86.03,266.52,13.98,6.00,83.88,97.5,PWM 93%,4534800,42.2,214677,-63,MOUNTED,71683.4,5.33
2026-09-16 04:50:00,18.72,3.47,64.96,277.35,13.62,4.57,62.23,95.8,PWM 57%,4535400,39.9,215445,-64,MOUNTED,55356.8,5.50
2026-09-16 05:00:00,17.23,1.28,22.05,281.02,12.85,1.58,20.31,92.1,PWM 16%,4536000,33.6,224871,-67,MOUNTED,20450.5,5.67
2026-09-16 05:10:00,17.17,1.22,20.95,284.51,12.83,1.50,19.27,92.0,PWM 14%,4536600,33.6,211091,-64,MOUNTED,19369.8,5.83
2026-09-16 05:20:00,17.21,1.25,21.51,288.10,12.84,1.54,19.81,92.1,PWM 15%,4537200,33.4,221270,-67,MOUNTED,20145.1,6.00
2026-09-16 05:30:00,17.25,1.29,22.25,291.81,12.86,1.59,20.51,92.2,PWM 16%,4537800,34.6,222191,-63,MOUNTED,20823.0,6.17
2026-09-16 05:40:00,16.99,1.06,18.01,294.81,12.77,1.29,16.53,91.8,PWM 10%,4538400,34.0,211659,-68,MOUNTED,17004.1,6.33
2026-09-16 05:50:00,16.39,0.64,10.49,296.56,12.62,0.76,9.56,91.1,OFF,4539000,32.9,223535,-65,MOUNTED,10202.9,6.50
2026-09-16 06:00:00,16.25,0.56,9.10,298.07,12.60,0.66,8.27,90.9,OFF,4539600,31.9,215695,-63,MOUNTED,8946.4,6.67
2026-09-16 06:10:00,16.56,0.74,12.25,300.12,12.66,0.88,11.17,91.2,OFF,4540200,32.3,225054,-65,MOUNTED,11809.2,6.83
2026-09-16 06:20:00,16.52,0.72,11.89,302.10,12.65,0.86,10.84,91.2,OFF,4540800,32.6,213852,-63,MOUNTED,11555.0,7.00
2026-09-16 06:30:00,16.31,0.59,9.62,303.70,12.61,0.69,8.75,91.0,OFF,4541400,32.3,217397,-67,MOUNTED,9624.6,7.17
2026-09-16 06:40:00,16.98,1.05,17.83,306.67,12.77,1.28,16.35,91.7,OFF,4542000,33.0,212975,-68,MOUNTED,16902.8,7.33
2026-09-16 06:50:00,16.62,0.78,12.96,308.83,12.67,0.93,11.83,91.3,OFF,4542600,32.6,222866,-64,MOUNTED,12460.0,7.50
2026-09-16 07:00:00,16.25,0.55,8.94,310.32,12.60,0.65,8.13,90.9,OFF,4543200,32.6,219028,-65,MOUNTED,8920.4,7.67
2026-09-16 07:10:00,16.97,1.04,17.65,313.27,12.77,1.27,16.19,91.7,OFF,4543800,33.8,214823,-68,MOUNTED,16644.1,7.83
2026-09-16 07:20:00,17.01,1.08,18.37,316.33,12.78,1.32,16.86,91.8,PWM 11%,4544400,33.7,223418,-65,MOUNTED,17258.1,8.00
2026-09-16 07:30:00,16.93,1.01,17.10,319.18,12.76,1.23,15.68,91.7,OFF,4545000,33.4,220665,-63,MOUNTED,16128.4,8.17
2026-09-16 07:40:00,16.72,0.85,14.21,321.55,12.70,1.02,12.99,91.4,OFF,4545600,32.4,221270,-63,MOUNTED,13650.2,8.33
2026-09-16 07:50:00,16.16,0.51,8.24,322.92,12.58,0.60,7.49,90.9,OFF,4546200,32.1,213948,-68,MOUNTED,8399.2,8.50
2026-09-16 08:00:00,16.63,0.78,12.97,325.08,12.68,0.93,11.84,91.3,OFF,4546800,32.9,212175,-65,MOUNTED,12762.2,8.67
2026-09-16 08:10:00,16.05,0.46,7.38,326.31,12.56,0.53,6.70,90.8,OFF,4547400,32.7,211542,-66,MOUNTED,7312.1,8.83
2026-09-16 08:20:00,16.24,0.55,8.93,327.80,12.59,0.64,8.12,90.9,OFF,4548000,31.8,214239,-64,MOUNTED,8820.7,9.00
2026-09-16 08:30:00,16.18,0.52,8.41,329.20,12.58,0.61,7.64,90.9,OFF,4548600,32.3,219450,-66,MOUNTED,8589.6,9.17
2026-09-16 08:40:00,16.46,0.68,11.19,331.07,12.64,0.81,10.19,91.1,OFF,4549200,33.0,221835,-68,MOUNTED,11006.9,9.33
2026-09-16 08:50:00,15.72,0.33,5.19,331.93,12.51,0.38,4.70,90.5,OFF,4549800,32.2,218867,-68,MOUNTED,5462.9,9.50
2026-09-16 09:00:00,16.32,0.59,9.63,333.54,12.61,0.69,8.76,91.0,OFF,4550400,32.1,225315,-66,MOUNTED,9686.8,9.67
2026-09-16 09:10:00,16.01,0.44,7.04,334.71,12.56,0.51,6.39,90.7,OFF,4551000,32.6,213173,-64,MOUNTED,7197.5,9.83
2026-09-16 09:20:00,15.98,0.43,6.87,335.85,12.55,0.50,6.23,90.7,OFF,4551600,32.1,214758,-65,MOUNTED,6939.3,10.00
2026-09-16 09:30:00,15.88,0.39,6.19,336.89,12.54,0.45,5.61,90.6,OFF,4552200,32.2,220417,-67,MOUNTED,6329.2,10.17
2026-09-16 09:40:00,15.25,0.19,2.90,337.37,12.47,0.21,2.62,90.3,OFF,4552800,31.4,218329,-66,MOUNTED,3138.3,10.17
2026-09-16 09:50:00,15.89,0.39,6.20,338.40,12.54,0.45,5.62,90.7,OFF,4553400,32.3,219241,-64,MOUNTED,6396.2,10.33
2026-09-16 10:00:00,16.73,0.85,14.22,340.77,12.70,1.02,13.00,91.4,OFF,4554000,32.8,216632,-63,MOUNTED,13618.1,10.50
2026-09-16 10:10:00,16.83,0.93,15.65,343.38,12.73,1.12,14.32,91.5,OFF,4554600,33.2,214516,-67,MOUNTED,14919.8,10.67
2026-09-16 10:20:00,16.45,0.67,11.02,345.22,12.64,0.79,10.04,91.1,OFF,4555200,33.0,216443,-64,MOUNTED,10760.8,10.83
2026-09-16 10:30:00,16.24,0.55,8.93,346.71,12.59,0.64,8.12,90.9,OFF,4555800,32.5,213243,-67,MOUNTED,8849.6,11.00
2026-09-16 10:40:00,15.78,0.35,5.52,347.63,12.52,0.40,5.00,90.6,OFF,4556400,31.9,221102,-66,MOUNTED,5701.1,11.17
2026-09-16 10:50:00,15.12,0.16,2.42,348.03,12.46,0.18,2.19,90.3,OFF,4557000,30.9,212094,-65,MOUNTED,2752.2,11.17
2026-09-16 11:00:00,12.00,0.00,0.00,348.03,12.40,0.00,0.00,90.0,OFF,4557600,31.2,214175,-65,MOUNTED,207.8,11.17
2026-09-16 11:10:00,12.00,0.00,0.00,348.03,12.40,0.00,0.00,90.0,OFF,4558200,31.7,215390,-64,MOUNTED,40.8,11.17
2026-09-16 11:20:00,12.00,0.00,0.00,348.03,12.40,0.00,0.00,90.0,OFF,4558800,31.0,213464,-66,MOUNTED,42.6,11.17
2026-09-16 11:30:00,12.00,0.00,0.00,348.03,12.40,0.00,0.00,90.0,OFF,4559400,30.9,212265,-64,MOUNTED,208.2,11.17
2026-09-16 11:40:00,12.00,0.00,0.00,348.03,12.40,0.00,0.00,90.0,OFF,4560000,30.9,211143,-66,MOUNTED,156.6,11.17
2026-09-16 11:50:00,12.00,0.00,0.00,348.03,12.40,0.00,0.00,90.0,OFF,4560600,30.9,215905,-66,MOUNTED,270.0,11.17
2026-09-16 23:00:00,12.00,0.00,0.00,0.00,12.40,0.00,0.00,90.0,OFF,4600800,31.0,212788,-64,MOUNTED,193.8,0.00
2026-09-16 23:10:00,15.34,0.21,3.22,0.54,12.47,0.23,2.91,90.4,OFF,4601400,31.7,222090,-67,MOUNTED,3416.8,0.00
2026-09-16 23:20:00,15.99,0.43,6.88,1.68,12.55,0.50,6.24,90.7,OFF,4602000,31.9,224151,-64,MOUNTED,6928.9,0.17
2026-09-16 23:30:00,16.31,0.59,9.62,3.29,12.61,0.69,8.75,91.0,OFF,4602600,32.1,214913,-65,MOUNTED,9454.1,0.33
2026-09-16 23:40:00,16.80,0.91,15.29,5.83,12.72,1.10,13.99,91.5,OFF,4603200,32.8,217934,-66,MOUNTED,14718.0,0.50
2026-09-16 23:50:00,16.95,1.02,17.29,8.72,12.76,1.24,15.85,91.7,OFF,4603800,32.9,219836,-66,MOUNTED,16471.6,0.67
2026-09-17 00:00:00,17.09,1.15,19.65,11.99,12.80,1.41,18.06,91.9,PWM 12%,4604400,34.0,223293,-68,MOUNTED,18473.4,0.83
2026-09-17 00:10:00,17.33,1.38,23.92,15.98,12.89,1.71,22.08,92.3,PWM 18%,4605000,33.8,212286,-65,MOUNTED,22154.4,1.00
2026-09-17 00:20:00,17.66,1.75,30.91,21.13,13.02,2.21,28.72,92.9,PWM 28%,4605600,34.6,218461,-65,MOUNTED,28159.1,1.17
2026-09-17 00:30:00,17.73,1.84,32.62,26.57,13.05,2.33,30.37,93.1,PWM 30%,4606200,35.5,213559,-67,MOUNTED,29330.9,1.33
2026-09-17 00:40:00,17.85,2.00,35.70,32.52,13.10,2.54,33.31,93.3,PWM 34%,4606800,35.4,224333,-66,MOUNTED,32046.0,1.50
2026-09-17 00:50:00,18.04,2.28,41.13,39.37,13.20,2.92,38.58,93.8,PWM 17%,4607400,36.5,221567,-63,MOUNTED,36534.4,1.67
2026-09-17 01:00:00,18.01,2.22,39.98,46.04,13.18,2.84,37.46,93.7,PWM 40%,4608000,36.7,219372,-64,MOUNTED,35532.4,1.83
2026-09-17 01:10:00,18.21,2.54,46.25,53.74,13.30,3.28,43.57,94.2,PWM 26%,4608600,36.9,212578,-65,MOUNTED,40537.1,2.00
2026-09-17 01:20:00,18.32,2.73,50.01,62.08,13.36,3.54,47.26,94.5,PWM 32%,4609200,37.5,217175,-64,MOUNTED,43558.8,2.17
2026-09-17 01:30:00,18.39,2.85,52.41,70.81,13.40,3.71,49.68,94.8,PWM 36%,4609800,37.3,212922,-65,MOUNTED,45650.9,2.33
2026-09-17 01:40:00,18.52,3.09,57.23,80.35,13.49,4.04,54.48,95.2,PWM 44%,4610400,38.7,218374,-66,MOUNTED,49292.7,2.50
2026-09-17 01:50:00,18.66,3.36,62.70,90.80,13.58,4.41,59.94,95.6,PWM 54%,4611000,38.7,217311,-67,MOUNTED,53718.9,2.67
2026-09-17 02:00:00,18.59,3.22,59.86,100.78,13.53,4.22,57.11,95.4,PWM 49%,4611600,39.1,218832,-68,MOUNTED,51508.6,2.83
2026-09-17 02:10:00,18.77,3.59,67.38,112.01,13.66,4.73,64.68,96.0,PWM 62%,4612200,39.1,224156,-68,MOUNTED,57415.3,3.00
2026-09-17 02:20:00,18.69,3.41,63.73,122.63,13.60,4.48,60.99,95.7,PWM 55%,4612800,39.6,225370,-65,MOUNTED,54449.8,3.17
2026-09-17 02:30:00,18.95,3.98,75.42,135.20,13.80,5.28,72.86,96.6,PWM 75%,4613400,40.9,222881,-63,MOUNTED,63602.6,3.33
2026-09-17 02:40:00,19.05,4.22,80.39,148.60,13.88,5.62,77.98,97.0,PWM 84%,4614000,41.8,218829,-65,MOUNTED,67152.2,3.50
2026-09-17 02:50:00,18.98,4.06,77.06,161.44,13.83,5.39,74.59,96.8,PWM 78%,4614600,40.8,220193,-65,MOUNTED,64847.5,3.67
2026-09-17 03:00:00,17.91,2.08,37.25,167.65,13.13,2.65,34.83,93.5,PWM 36%,4615200,35.3,219636,-63,MOUNTED,33313.5,3.83
2026-09-17 03:10:00,17.81,1.94,34.55,173.41,13.08,2.46,32.20,93.2,PWM 33%,4615800,35.1,222905,-65,MOUNTED,31189.3,4.00
2026-09-17 03:20:00,17.96,2.16,38.79,179.87,13.16,2.76,36.31,93.6,PWM 38%,4616400,36.6,214397,-64,MOUNTED,34580.6,4.17
2026-09-17 03:30:00,19.20,4.58,87.94,194.53,14.01,6.12,85.74,97.5,PWM 96%,4617000,42.6,217852,-64,MOUNTED,73107.0,4.33
2026-09-17 03:40:00,17.98,2.18,39.20,201.06,13.17,2.79,36.69,93.6,PWM 39%,4617600,35.6,213270,-66,MOUNTED,34956.6,4.50
2026-09-17 03:50:00,17.62,1.70,29.95,206.06,13.00,2.14,27.79,92.8,PWM 26%,4618200,35.4,218913,-67,MOUNTED,27202.6,4.67
2026-09-17 04:00:00,19.09,4.32,82.47,219.80,13.92,5.76,80.16,97.2,PWM 87%,4618800,41.1,224570,-66,MOUNTED,68843.3,4.83
2026-09-17 04:10:00,19.11,4.36,83.32,233.69,13.94,5.82,81.07,97.3,PWM 89%,4619400,41.5,218879,-68,MOUNTED,69608.3,5.00
2026-09-17 04:20:00,19.33,4.92,95.10,249.54,14.13,6.56,92.72,97.5,PWM 100%,4620000,43.1,224914,-68,MOUNTED,78476.9,5.17
2026-09-17 04:30:00,19.38,5.05,97.87,265.85,14.18,6.73,95.42,97.5,PWM 100%,4620600,43.5,217106,-63,MOUNTED,80622.7,5.33
2026-09-17 04:40:00,19.21,4.61,88.56,280.61,14.02,6.16,86.35,97.5,PWM 98%,4621200,42.7,219918,-63,MOUNTED,73665.6,5.50
2026-09-17 04:50:00,19.34,4.97,96.12,296.63,14.15,6.62,93.72,97.5,PWM 100%,4621800,43.6,224915,-68,MOUNTED,79203.3,5.67
2026-09-17 05:00:00,19.26,4.74,91.29,311.84,14.07,6.33,89.01,97.5,PWM 100%,4622400,42.4,213974,-65,MOUNTED,75560.9,5.83
2026-09-17 05:10:00,19.29,4.83,93.17,327.37,14.10,6.44,90.84,97.5,PWM 100%,4623000,42.8,212808,-64,MOUNTED,77218.4,6.00
2026-09-17 05:20:00,19.35,4.97,96.17,343.40,14.15,6.63,93.77,97.5,PWM 100%,4623600,43.3,223778,-68,MOUNTED,79214.3,6.17
2026-09-17 05:30:00,19.33,4.94,95.49,359.31,14.14,6.58,93.10,97.5,PWM 100%,4624200,43.3,214298,-67,MOUNTED,78663.0,6.33
2026-09-17 05:40:00,19.27,4.78,92.11,374.67,14.08,6.38,89.81,97.5,PWM 100%,4624800,42.1,215073,-68,MOUNTED,76364.4,6.50
2026-09-17 05:50:00,19.15,4.45,85.22,388.87,13.97,5.94,83.00,97.4,PWM 92%,4625400,41.6,213599,-68,MOUNTED,70928.1,6.67
2026-09-17 06:00:00,19.31,4.89,94.43,404.61,14.12,6.52,92.07,97.5,PWM 100%,4626000,43.4,212802,-64,MOUNTED,77911.1,6.83
2026-09-17 06:10:00,19.23,4.67,89.80,419.57,14.04,6.24,87.55,97.5,PWM 100%,4626600,42.1,211750,-63,MOUNTED,74502.8,7.00
2026-09-17 06:20:00,19.11,4.35,83.13,433.43,13.93,5.80,80.80,97.2,PWM 88%,4627200,42.0,217582,-64,MOUNTED,69343.6,7.17
2026-09-17 06:30:00,19.22,4.64,89.18,448.29,14.03,6.20,86.95,97.5,PWM 99%,4627800,42.5,217679,-64,MOUNTED,74016.1,7.33
2026-09-17 06:40:00,19.15,4.45,85.22,462.50,13.97,5.94,83.00,97.4,PWM 92%,4628400,41.9,218852,-65,MOUNTED,70932.4,7.50
2026-09-17 06:50:00,19.09,4.32,82.47,476.24,13.92,5.76,80.16,97.2,PWM 87%,4629000,41.0,219229,-65,MOUNTED,68941.2,7.67
2026-09-17 07:00:00,18.92,3.92,74.17,488.60,13.78,5.19,71.57,96.5,PWM 73%,4629600,40.9,219306,-66,MOUNTED,62703.7,7.83
2026-09-17 07:10:00,17.49,1.55,27.11,493.12,12.95,1.94,25.10,92.6,PWM 22%,4630200,34.1,221825,-67,MOUNTED,24874.5,8.00
2026-09-17 07:20:00,18.85,3.76,70.88,504.93,13.72,4.98,68.26,96.3,PWM 67%,4630800,40.6,217093,-64,MOUNTED,59951.1,8.17
2026-09-17 07:30:00,17.82,1.95,34.75,510.73,13.09,2.48,32.42,93.3,PWM 33%,4631400,35.9,214375,-63,MOUNTED,31259.8,8.33
2026-09-17 07:40:00,17.48,1.54,26.92,515.21,12.94,1.93,24.93,92.6,PWM 22%,4632000,34.1,213186,-64,MOUNTED,24774.5,8.50
2026-09-17 07:50:00,17.45,1.51,26.35,519.60,12.93,1.88,24.37,92.5,PWM 21%,4632600,34.6,219626,-63,MOUNTED,24084.0,8.67
2026-09-17 08:00:00,18.73,3.51,65.74,530.56,13.64,4.62,63.04,95.9,PWM 59%,4633200,39.9,223752,-68,MOUNTED,55990.4,8.83
2026-09-17 08:10:00,18.49,3.02,55.84,539.87,13.46,3.94,53.05,95.0,PWM 42%,4633800,38.5,224986,-63,MOUNTED,48295.7,9.00
2026-09-17 08:20:00,18.54,3.13,58.03,549.54,13.50,4.09,55.24,95.2,PWM 46%,4634400,39.0,212954,-65,MOUNTED,50058.0,9.17
2026-09-17 08:30:00,18.36,2.78,51.04,558.05,13.38,3.61,48.28,94.6,PWM 34%,4635000,37.6,213841,-68,MOUNTED,44522.2,9.33
2026-09-17 08:40:00,18.41,2.89,53.20,566.91,13.42,3.76,50.43,94.8,PWM 37%,4635600,38.0,220248,-65,MOUNTED,46170.0,9.50
2026-09-17 08:50:00,18.18,2.49,45.27,574.46,13.28,3.21,42.60,94.1,PWM 24%,4636200,36.9,214456,-67,MOUNTED,39726.8,9.67
2026-09-17 09:00:00,18.11,2.37,42.92,581.61,13.24,3.05,40.34,94.0,PWM 20%,4636800,36.9,215079,-67,MOUNTED,37818.8,9.83
2026-09-17 09:10:00,17.91,2.08,37.25,587.82,13.13,2.65,34.83,93.5,PWM 36%,4637400,36.0,218139,-65,MOUNTED,33348.4,10.00
2026-09-17 09:20:00,17.90,2.07,37.05,593.99,13.13,2.64,34.64,93.5,PWM 36%,4638000,35.9,215178,-66,MOUNTED,33132.3,10.17
2026-09-17 09:30:00,17.73,1.85,32.80,599.46,13.05,2.34,30.54,93.1,PWM 30%,4638600,34.7,221085,-63,MOUNTED,29472.2,10.33
2026-09-17 09:40:00,17.55,1.62,28.43,604.20,12.97,2.03,26.35,92.7,PWM 24%,4639200,34.6,222073,-67,MOUNTED,26081.1,10.50
2026-09-17 09:50:00,17.32,1.37,23.73,608.15,12.88,1.70,21.90,92.3,PWM 18%,4639800,33.8,225605,-65,MOUNTED,21873.0,10.67
2026-09-17 10:00:00,17.19,1.24,21.32,611.71,12.84,1.53,19.64,92.1,PWM 15%,4640400,33.9,223286,-67,MOUNTED,19753.9,10.83
2026-09-17 10:10:00,17.01,1.07,18.20,614.74,12.78,1.31,16.71,91.8,PWM 10%,4641000,33.7,213942,-63,MOUNTED,17097.2,11.00
2026-09-17 10:20:00,16.78,0.89,14.93,617.23,12.71,1.07,13.66,91.5,OFF,4641600,33.1,218413,-66,MOUNTED,14363.7,11.17
2026-09-17 10:30:00,16.29,0.58,9.45,618.80,12.60,0.68,8.60,91.0,OFF,4642200,32.8,211821,-63,MOUNTED,9333.3,11.33
2026-09-17 10:40:00,16.03,0.45,7.21,620.01,12.56,0.52,6.55,90.8,OFF,4642800,32.3,221396,-65,MOUNTED,7455.7,11.50
2026-09-17 10:50:00,15.31,0.21,3.22,620.54,12.47,0.23,2.91,90.3,OFF,4643400,32.1,224056,-68,MOUNTED,3406.0,11.50
2026-09-17 11:00:00,12.00,0.00,0.00,620.54,12.40,0.00,0.00,90.0,OFF,4644000,30.8,224242,-68,MOUNTED,156.1,11.50
2026-09-17 11:10:00,12.00,0.00,0.00,620.54,12.40,0.00,0.00,90.0,OFF,4644600,31.5,225198,-67,MOUNTED,249.7,11.50
2026-09-17 11:20:00,12.00,0.00,0.00,620.54,12.40,0.00,0.00,90.0,OFF,4645200,31.3,211306,-64,MOUNTED,11.2,11.50
2026-09-17 11:30:00,12.00,0.00,0.00,620.54,12.40,0.00,0.00,90.0,OFF,4645800,31.2,215563,-66,MOUNTED,234.9,11.50
2026-09-17 11:40:00,12.00,0.00,0.00,620.54,12.40,0.00,0.00,90.0,OFF,4646400,31.6,217552,-65,MOUNTED,270.3,11.50
2026-09-17 11:50:00,12.00,0.00,0.00,620.54,12.40,0.00,0.00,90.0,OFF,4647000,31.5,218932,-63,MOUNTED,293.2,11.50
2026-09-17 23:00:00,12.00,0.00,0.00,0.00,12.40,0.00,0.00,90.0,OFF,4687200,30.7,216190,-65,MOUNTED,35.4,0.00
2026-09-17 23:10:00,15.14,0.17,2.57,0.43,12.46,0.19,2.32,90.3,OFF,4687800,31.3,223719,-63,MOUNTED,2727.9,0.00
2026-09-17 23:20:00,15.84,0.37,5.86,1.41,12.53,0.42,5.31,90.6,OFF,4688400,31.9,218518,-63,MOUNTED,6192.9,0.17
2026-09-17 23:30:00,16.17,0.51,8.25,2.78,12.58,0.60,7.50,90.9,OFF,4689000,31.8,219660,-64,MOUNTED,8366.8,0.33
2026-09-17 23:40:00,16.58,0.75,12.43,4.85,12.66,0.90,11.35,91.3,OFF,4689600,32.8,223957,-68,MOUNTED,12122.4,0.50
2026-09-17 23:50:00,16.91,0.99,16.74,7.64,12.75,1.20,15.35,91.7,OFF,4690200,33.6,220808,-65,MOUNTED,16037.1,0.67
2026-09-18 00:00:00,17.02,1.09,18.55,10.73,12.78,1.33,17.03,91.8,PWM 11%,4690800,33.4,211641,-64,MOUNTED,17335.5,0.83
2026-09-18 00:10:00,16.92,1.00,16.92,13.55,12.75,1.22,15.52,91.7,OFF,4691400,33.6,212396,-63,MOUNTED,16079.3,1.00
2026-09-18 00:20:00,17.18,1.23,21.13,17.07,12.83,1.52,19.44,92.0,PWM 14%,4692000,34.1,211927,-64,MOUNTED,19764.7,1.17
2026-09-18 00:30:00,17.50,1.56,27.30,21.63,12.95,1.95,25.28,92.6,PWM 23%,4692600,34.8,216115,-64,MOUNTED,24881.8,1.33
2026-09-18 00:40:00,17.85,2.01,35.88,27.61,13.11,2.55,33.48,93.3,PWM 34%,4693200,35.8,219058,-66,MOUNTED,31939.1,1.50
2026-09-18 00:50:00,17.56,1.63,28.62,32.38,12.97,2.05,26.53,92.7,PWM 24%,4693800,34.9,211871,-65,MOUNTED,25993.5,1.67
2026-09-18 01:00:00,18.03,2.26,40.75,39.17,13.19,2.90,38.22,93.8,PWM 16%,4694400,36.7,216435,-63,MOUNTED,35929.3,1.83
2026-09-18 01:10:00,17.82,1.96,34.93,44.99,13.09,2.49,32.59,93.3,PWM 33%,4695000,35.1,223678,-68,MOUNTED,31255.8,2.00
2026-09-18 01:20:00,18.00,2.21,39.78,51.62,13.18,2.83,37.27,93.7,PWM 40%,4695600,36.0,221916,-66,MOUNTED,35447.6,2.17
2026-09-18 01:30:00,18.24,2.58,47.06,59.46,13.31,3.33,44.38,94.3,PWM 27%,4696200,36.9,216192,-68,MOUNTED,41351.1,2.33