timestamp,v_pv,i_pv,p_pv,wh_pv_daily,v_bat,i_bat,p_bat,scc_eff,load_status,uptime_sec,esp_temp,free_heap,wifi_rssi,sd_status,lux_val
2026-08-16 07:45:49,18.73,3.86,72.30,12.05,13.94,5.01,69.77,96.5,PWM 73%,259200,41.7,224456,-62,MOUNTED,63308.5
2026-08-16 07:55:49,18.52,3.50,64.82,22.85,13.81,4.52,62.42,96.3,PWM 61%,259800,41.1,212949,-62,MOUNTED,57218.4
2026-08-16 08:05:49,18.68,3.79,70.80,34.65,13.91,4.89,68.04,96.1,PWM 70%,260400,41.7,216571,-63,MOUNTED,62146.3
2026-08-16 08:15:49,18.32,3.16,57.89,44.30,13.69,4.06,55.57,96.0,PWM 50%,261000,39.1,212462,-65,MOUNTED,51818.9
2026-08-16 08:25:49,18.19,2.93,53.30,53.18,13.61,3.75,51.06,95.8,PWM 43%,261600,38.9,221939,-63,MOUNTED,48092.9
2026-08-16 08:35:49,18.25,3.04,55.48,62.43,13.65,3.88,52.98,95.5,PWM 47%,262200,39.9,214250,-66,MOUNTED,49850.6
2026-08-16 08:45:49,18.30,3.11,56.91,71.92,13.68,3.96,54.24,95.3,PWM 49%,262800,40.2,216813,-62,MOUNTED,51306.9
2026-08-16 08:55:49,18.11,2.80,50.71,80.37,13.57,3.55,48.23,95.1,PWM 39%,263400,38.5,218896,-67,MOUNTED,46222.2
2026-08-16 09:05:49,18.08,2.73,49.36,88.59,13.55,3.46,46.84,94.9,PWM 37%,264000,38.1,216175,-62,MOUNTED,45014.9
2026-08-16 09:15:49,17.78,2.22,39.47,95.17,13.37,2.80,37.38,94.7,PWM 22%,264600,37.7,213508,-64,MOUNTED,36321.2
2026-08-16 09:25:49,17.72,2.11,37.39,101.41,13.33,2.65,35.30,94.4,PWM 19%,265200,36.6,221508,-65,MOUNTED,34694.7
2026-08-16 09:35:49,17.51,1.75,30.64,106.51,13.21,2.18,28.86,94.2,PWM 37%,265800,35.4,224483,-66,MOUNTED,29049.9
2026-08-16 09:45:49,17.39,1.54,26.78,110.98,13.13,1.92,25.15,93.9,PWM 31%,266400,35.8,218943,-64,MOUNTED,25710.1
2026-08-16 09:55:49,17.27,1.34,23.14,114.83,13.06,1.66,21.68,93.7,PWM 24%,267000,34.4,223694,-63,MOUNTED,22217.0
2026-08-16 10:05:49,17.25,1.29,22.25,118.54,13.05,1.59,20.78,93.4,PWM 23%,267600,34.2,225542,-62,MOUNTED,21313.5
2026-08-16 10:15:49,17.09,1.02,17.43,121.45,12.95,1.25,16.24,93.2,PWM 14%,268200,34.5,225430,-63,MOUNTED,16699.4
2026-08-16 10:25:49,16.92,0.72,12.18,123.48,12.85,0.88,11.32,92.9,OFF,268800,32.9,218758,-66,MOUNTED,12271.4
2026-08-16 10:35:49,16.80,0.53,8.90,124.96,12.78,0.65,8.25,92.7,OFF,269400,31.4,219456,-65,MOUNTED,8655.9
2026-08-16 10:45:49,16.69,0.33,5.51,125.88,12.71,0.40,5.09,92.4,OFF,270000,31.5,225527,-62,MOUNTED,5645.9
2026-08-16 10:55:49,16.57,0.12,1.99,126.21,12.64,0.14,1.83,92.1,OFF,270600,32.0,213141,-65,MOUNTED,2228.9
2026-08-16 11:05:49,16.50,0.00,0.00,126.21,12.60,0.00,0.00,92.0,OFF,271200,32.0,224123,-67,MOUNTED,14.8
2026-08-16 11:15:49,16.50,0.00,0.00,126.21,12.60,0.00,0.00,92.0,OFF,271800,31.0,214143,-62,MOUNTED,74.6
2026-08-16 11:25:49,16.50,0.00,0.00,126.21,12.60,0.00,0.00,92.0,OFF,272400,31.7,219410,-65,MOUNTED,260.2
2026-08-16 11:35:49,16.50,0.00,0.00,126.21,12.60,0.00,0.00,92.0,OFF,273000,31.2,224415,-63,MOUNTED,223.6
2026-08-16 11:45:49,16.50,0.00,0.00,126.21,12.60,0.00,0.00,92.0,OFF,273600,31.2,221179,-64,MOUNTED,182.5
2026-08-16 11:55:49,16.50,0.00,0.00,126.21,12.60,0.00,0.00,92.0,OFF,274200,31.0,214757,-67,MOUNTED,115.9
2026-08-16 23:05:49,16.56,0.11,1.82,0.30,12.64,0.13,1.68,92.1,OFF,314400,30.9,217949,-66,MOUNTED,1867.5
2026-08-16 23:15:49,16.70,0.34,5.68,1.25,12.72,0.41,5.25,92.4,OFF,315000,31.3,217752,-62,MOUNTED,6008.9
2026-08-16 23:25:49,16.81,0.53,8.91,2.73,12.78,0.65,8.26,92.7,OFF,315600,32.0,219090,-64,MOUNTED,8801.7
2026-08-16 23:35:49,16.95,0.79,13.39,4.97,12.87,0.97,12.44,92.9,OFF,316200,33.1,222213,-67,MOUNTED,12893.8
2026-08-16 23:45:49,17.05,0.95,16.20,7.67,12.93,1.17,15.10,93.2,PWM 12%,316800,34.0,218654,-63,MOUNTED,15938.7
2026-08-16 23:55:49,17.26,1.31,22.61,11.43,13.05,1.62,21.12,93.4,PWM 23%,317400,34.7,225747,-67,MOUNTED,21442.6
2026-08-17 00:05:49,17.34,1.46,25.32,15.65,13.10,1.81,23.72,93.7,PWM 28%,318000,34.6,216785,-63,MOUNTED,24233.5
2026-08-17 00:15:49,17.53,1.78,31.20,20.85,13.22,2.22,29.30,93.9,PWM 38%,318600,36.1,225542,-65,MOUNTED,29248.6
2026-08-17 00:25:49,17.50,1.74,30.45,25.93,13.20,2.17,28.68,94.2,PWM 37%,319200,35.3,217037,-67,MOUNTED,28655.0
2026-08-17 00:35:49,17.74,2.15,38.14,32.29,13.34,2.70,36.00,94.4,PWM 20%,319800,36.5,215025,-63,MOUNTED,35544.2
2026-08-17 00:45:49,17.95,2.52,45.23,39.82,13.47,3.18,42.83,94.7,PWM 31%,320400,38.1,212132,-67,MOUNTED,41269.9
2026-08-17 00:55:49,17.88,2.39,42.73,46.95,13.43,3.02,40.55,94.9,PWM 27%,321000,37.7,220622,-62,MOUNTED,39423.6
2026-08-17 01:05:49,18.00,2.61,46.98,54.78,13.50,3.31,44.68,95.1,PWM 34%,321600,38.7,218150,-63,MOUNTED,43060.7
2026-08-17 01:15:49,18.04,2.67,48.17,62.80,13.53,3.39,45.91,95.3,PWM 35%,322200,37.7,223890,-63,MOUNTED,43972.5
2026-08-17 01:25:49,18.17,2.90,52.69,71.59,13.60,3.70,50.32,95.5,PWM 42%,322800,38.7,217395,-62,MOUNTED,47674.5
2026-08-17 01:35:49,18.41,3.31,60.94,81.74,13.75,4.25,58.38,95.8,PWM 55%,323400,40.5,222187,-65,MOUNTED,54256.3
2026-08-17 01:45:49,18.29,3.10,56.70,91.19,13.67,3.98,54.43,96.0,PWM 49%,324000,39.7,223288,-66,MOUNTED,50926.5
2026-08-17 01:55:49,18.62,3.67,68.34,102.58,13.87,4.73,65.67,96.1,PWM 67%,324600,41.7,222699,-65,MOUNTED,60384.5
2026-08-17 02:05:49,18.64,3.71,69.15,114.11,13.88,4.80,66.59,96.3,PWM 68%,325200,41.0,221005,-63,MOUNTED,60656.7
2026-08-17 02:15:49,18.90,4.16,78.62,127.21,14.04,5.40,75.87,96.5,PWM 82%,325800,43.0,219052,-67,MOUNTED,68056.0
2026-08-17 02:25:49,18.91,4.17,78.85,140.35,14.04,5.43,76.25,96.7,PWM 83%,326400,42.8,222162,-64,MOUNTED,68395.7
2026-08-17 02:35:49,19.10,4.50,85.95,154.68,14.16,5.88,83.20,96.8,PWM 94%,327000,43.8,222693,-65,MOUNTED,73805.4
2026-08-17 02:45:49,18.80,3.99,75.01,167.18,13.98,5.20,72.76,97.0,PWM 77%,327600,41.6,214180,-65,MOUNTED,65323.5
2026-08-17 02:55:49,18.98,4.30,81.61,180.78,14.09,5.62,79.24,97.1,PWM 87%,328200,43.2,214970,-63,MOUNTED,70484.5
2026-08-17 03:05:49,19.03,4.38,83.35,194.67,14.12,5.74,81.10,97.3,PWM 90%,328800,44.0,216280,-66,MOUNTED,71866.8
2026-08-17 03:15:49,19.29,4.83,93.17,210.20,14.27,6.36,90.75,97.4,PWM 100%,329400,44.5,222046,-64,MOUNTED,79501.8
2026-08-17 03:25:49,19.07,4.45,84.86,224.35,14.14,5.85,82.74,97.5,PWM 92%,330000,43.1,220754,-62,MOUNTED,73176.1
2026-08-17 03:35:49,19.45,5.12,99.58,240.94,14.37,6.76,97.19,97.6,PWM 100%,330600,45.1,220871,-62,MOUNTED,84048.8
2026-08-17 03:45:49,19.09,4.50,85.91,255.26,14.16,5.93,83.93,97.7,PWM 94%,331200,43.6,225085,-65,MOUNTED,73539.1
2026-08-17 03:55:49,19.51,5.21,101.65,272.20,14.41,6.90,99.41,97.8,PWM 100%,331800,46.7,218879,-66,MOUNTED,85292.0
2026-08-17 04:05:49,19.57,5.32,104.11,289.55,14.44,7.05,101.82,97.8,PWM 100%,332400,45.8,213845,-64,MOUNTED,87194.0
2026-08-17 04:15:49,19.27,4.81,92.69,305.00,14.26,6.36,90.74,97.9,PWM 100%,333000,44.1,220647,-66,MOUNTED,78878.8
2026-08-17 04:25:49,19.60,5.37,105.25,322.54,14.46,7.13,103.04,97.9,PWM 100%,333600,46.5,224220,-67,MOUNTED,88135.4
2026-08-17 04:35:49,19.32,4.89,94.47,338.29,14.29,6.48,92.58,98.0,PWM 100%,334200,44.7,213552,-63,MOUNTED,80343.3
2026-08-17 04:45:49,19.62,5.40,105.95,355.95,14.47,7.18,103.83,98.0,PWM 100%,334800,47.0,219869,-64,MOUNTED,88622.7
2026-08-17 04:55:49,19.43,5.09,98.90,372.43,14.36,6.75,96.92,98.0,PWM 100%,335400,46.1,224854,-62,MOUNTED,83543.3
2026-08-17 05:05:49,19.22,4.72,90.72,387.55,14.23,6.25,88.91,98.0,PWM 100%,336000,44.8,214066,-64,MOUNTED,77480.5
2026-08-17 05:15:49,19.49,5.19,101.15,404.41,14.40,6.88,99.13,98.0,PWM 100%,336600,45.7,225526,-67,MOUNTED,84825.0
2026-08-17 05:25:49,19.75,5.64,111.39,422.97,14.55,7.50,109.16,98.0,PWM 100%,337200,46.8,221811,-64,MOUNTED,92241.1
2026-08-17 05:35:49,19.34,4.92,95.15,438.83,14.30,6.51,93.15,97.9,PWM 100%,337800,45.0,221206,-62,MOUNTED,80682.3
2026-08-17 05:45:49,19.50,5.20,101.40,455.73,14.40,6.89,99.27,97.9,PWM 100%,338400,46.6,224175,-63,MOUNTED,85206.9
2026-08-17 05:55:49,19.32,4.89,94.47,471.48,14.29,6.47,92.39,97.8,PWM 100%,339000,45.0,220349,-62,MOUNTED,80373.9
2026-08-17 06:05:49,19.64,5.45,107.04,489.32,14.49,7.22,104.69,97.8,PWM 100%,339600,47.3,215207,-63,MOUNTED,89350.2
2026-08-17 06:15:49,19.44,5.09,98.95,505.81,14.36,6.73,96.67,97.7,PWM 100%,340200,46.1,225508,-63,MOUNTED,83723.4
2026-08-17 06:25:49,19.09,4.49,85.71,520.09,14.15,5.91,83.65,97.6,PWM 93%,340800,44.3,212772,-67,MOUNTED,73761.6
2026-08-17 06:35:49,19.15,4.59,87.90,534.74,14.19,6.04,85.70,97.5,PWM 97%,341400,43.5,214662,-63,MOUNTED,75536.6
2026-08-17 06:45:49,19.19,4.67,89.62,549.68,14.21,6.14,87.29,97.4,PWM 99%,342000,44.8,220457,-67,MOUNTED,76641.0
2026-08-17 06:55:49,18.99,4.31,81.85,563.32,14.09,5.65,79.64,97.3,PWM 87%,342600,43.4,219446,-62,MOUNTED,70801.7
2026-08-17 07:05:49,19.15,4.59,87.90,577.97,14.19,6.01,85.35,97.1,PWM 97%,343200,43.8,221419,-64,MOUNTED,75459.0
2026-08-17 07:15:49,18.95,4.24,80.35,591.36,14.07,5.54,77.94,97.0,PWM 85%,343800,43.0,212601,-65,MOUNTED,69662.7
2026-08-17 07:25:49,18.82,4.02,75.66,603.97,13.99,5.24,73.24,96.8,PWM 78%,344400,42.4,216172,-67,MOUNTED,65704.1
2026-08-17 07:35:49,18.91,4.17,78.85,617.12,14.04,5.43,76.25,96.7,PWM 83%,345000,43.2,220414,-67,MOUNTED,68620.1
2026-08-17 07:45:49,18.55,3.55,65.85,628.09,13.83,4.60,63.55,96.5,PWM 63%,345600,41.1,220241,-67,MOUNTED,58121.7
2026-08-17 07:55:49,18.81,4.01,75.43,640.66,13.99,5.19,72.64,96.3,PWM 77%,346200,41.9,215348,-65,MOUNTED,65630.5
2026-08-17 08:05:49,18.48,3.43,63.39,651.23,13.79,4.42,60.92,96.1,PWM 59%,346800,41.3,215915,-62,MOUNTED,56609.8
2026-08-17 08:15:49,18.40,3.29,60.54,661.32,13.74,4.23,58.12,96.0,PWM 54%,347400,40.3,213507,-63,MOUNTED,54201.3
2026-08-17 08:25:49,18.30,3.11,56.91,670.80,13.68,3.99,54.52,95.8,PWM 49%,348000,40.3,218333,-67,MOUNTED,50903.4
2026-08-17 08:35:49,18.21,2.97,54.08,679.82,13.63,3.79,51.65,95.5,PWM 44%,348600,38.9,216631,-66,MOUNTED,48666.4
2026-08-17 08:45:49,18.00,2.61,46.98,687.65,13.50,3.32,44.77,95.3,PWM 34%,349200,37.8,216236,-64,MOUNTED,42641.8
2026-08-17 08:55:49,17.93,2.48,44.47,695.06,13.46,3.14,42.29,95.1,PWM 30%,349800,37.7,213025,-64,MOUNTED,40948.4
2026-08-17 09:05:49,17.99,2.58,46.41,702.79,13.49,3.26,44.04,94.9,PWM 33%,350400,38.7,219689,-64,MOUNTED,42373.8
2026-08-17 09:15:49,17.76,2.18,38.72,709.25,13.35,2.75,36.67,94.7,PWM 21%,351000,36.4,222071,-63,MOUNTED,35774.3
2026-08-17 09:25:49,17.73,2.13,37.76,715.54,13.34,2.67,35.65,94.4,PWM 19%,351600,36.3,214977,-64,MOUNTED,34969.4
2026-08-17 09:35:49,17.65,1.99,35.12,721.39,13.29,2.49,33.08,94.2,PWM 15%,352200,35.8,224629,-66,MOUNTED,32906.8
2026-08-17 09:45:49,17.38,1.53,26.59,725.82,13.13,1.90,24.97,93.9,PWM 30%,352800,35.0,218145,-65,MOUNTED,25077.9
2026-08-17 09:55:49,17.28,1.36,23.50,729.74,13.07,1.68,22.02,93.7,PWM 25%,353400,35.1,222444,-63,MOUNTED,22437.0
2026-08-17 10:05:49,17.21,1.22,21.00,733.24,13.02,1.51,19.61,93.4,PWM 21%,354000,35.2,223222,-65,MOUNTED,20132.1
2026-08-17 10:15:49,17.07,0.99,16.90,736.06,12.94,1.22,15.75,93.2,PWM 13%,354600,33.4,224042,-62,MOUNTED,16315.2
2026-08-17 10:25:49,16.99,0.85,14.44,738.46,12.89,1.04,13.41,92.9,OFF,355200,33.0,214127,-62,MOUNTED,14130.6
2026-08-17 10:35:49,16.82,0.56,9.42,740.03,12.79,0.68,8.73,92.7,OFF,355800,30.8,214409,-67,MOUNTED,9675.5
2026-08-17 10:45:49,16.69,0.33,5.51,740.95,12.71,0.40,5.09,92.4,OFF,356400,30.9,213437,-65,MOUNTED,5422.3
2026-08-17 10:55:49,16.56,0.10,1.66,741.23,12.64,0.12,1.53,92.1,OFF,357000,31.6,214300,-66,MOUNTED,2061.8
2026-08-17 11:05:49,16.50,0.00,0.00,741.23,12.60,0.00,0.00,92.0,OFF,357600,31.4,225967,-65,MOUNTED,115.0
2026-08-17 11:15:49,16.50,0.00,0.00,741.23,12.60,0.00,0.00,92.0,OFF,358200,31.6,215866,-62,MOUNTED,148.7
2026-08-17 11:25:49,16.50,0.00,0.00,741.23,12.60,0.00,0.00,92.0,OFF,358800,32.0,217158,-65,MOUNTED,323.9
2026-08-17 11:35:49,16.50,0.00,0.00,741.23,12.60,0.00,0.00,92.0,OFF,359400,32.1,216825,-64,MOUNTED,238.2
2026-08-17 11:45:49,16.50,0.00,0.00,741.23,12.60,0.00,0.00,92.0,OFF,360000,31.2,221387,-62,MOUNTED,117.6
2026-08-17 11:55:49,16.50,0.00,0.00,741.23,12.60,0.00,0.00,92.0,OFF,360600,31.8,222087,-66,MOUNTED,339.4
2026-08-17 23:05:49,16.56,0.11,1.82,0.30,12.64,0.13,1.68,92.1,OFF,400800,32.1,222385,-67,MOUNTED,1948.9
2026-08-17 23:15:49,16.70,0.34,5.68,1.25,12.72,0.41,5.25,92.4,OFF,401400,30.8,213984,-66,MOUNTED,5763.1
2026-08-17 23:25:49,16.82,0.56,9.42,2.82,12.79,0.68,8.73,92.7,OFF,402000,31.3,217667,-66,MOUNTED,9634.7
2026-08-17 23:35:49,16.98,0.83,14.09,5.17,12.89,1.02,13.09,92.9,OFF,402600,32.8,217481,-67,MOUNTED,13797.7
2026-08-17 23:45:49,17.06,0.97,16.55,7.93,12.93,1.19,15.42,93.2,PWM 13%,403200,34.4,216167,-65,MOUNTED,15942.2
2026-08-17 23:55:49,17.20,1.22,20.98,11.42,13.02,1.51,19.60,93.4,PWM 20%,403800,35.1,222688,-67,MOUNTED,20170.5
2026-08-18 00:05:49,17.27,1.33,22.97,15.25,13.06,1.65,21.52,93.7,PWM 24%,404400,35.1,222878,-65,MOUNTED,22115.7
2026-08-18 00:15:49,17.40,1.56,27.14,19.77,13.14,1.94,25.48,93.9,PWM 31%,405000,34.7,219012,-62,MOUNTED,25609.1
2026-08-18 00:25:49,17.53,1.79,31.38,25.00,13.22,2.24,29.56,94.2,PWM 39%,405600,35.5,222930,-66,MOUNTED,29406.4
2026-08-18 00:35:49,17.65,1.99,35.12,30.86,13.29,2.49,33.15,94.4,PWM 15%,406200,35.8,221478,-62,MOUNTED,32591.6
2026-08-18 00:45:49,17.71,2.09,37.01,37.03,13.32,2.63,35.05,94.7,PWM 18%,406800,37.4,220614,-64,MOUNTED,34483.4
2026-08-18 00:55:49,17.81,2.27,40.43,43.77,13.39,2.87,38.37,94.9,PWM 23%,407400,36.6,224677,-65,MOUNTED,37461.1
2026-08-18 01:05:49,17.95,2.51,45.05,51.27,13.47,3.18,42.84,95.1,PWM 31%,408000,38.3,220781,-66,MOUNTED,41079.6
2026-08-18 01:15:49,18.07,2.73,49.33,59.49,13.54,3.47,47.01,95.3,PWM 37%,408600,38.8,214162,-64,MOUNTED,44738.9
2026-08-18 01:25:49,18.36,3.23,59.30,69.38,13.72,4.13,56.63,95.5,PWM 53%,409200,40.5,219445,-63,MOUNTED,52946.2
2026-08-18 01:35:49,18.25,3.03,55.30,78.59,13.65,3.88,52.98,95.8,PWM 46%,409800,38.9,218644,-64,MOUNTED,49767.1
2026-08-18 01:45:49,18.52,3.50,64.82,89.40,13.81,4.51,62.23,96.0,PWM 61%,410400,40.2,218671,-66,MOUNTED,57355.0
2026-08-18 01:55:49,18.54,3.53,65.45,100.31,13.82,4.55,62.90,96.1,PWM 62%,411000,40.5,223254,-67,MOUNTED,58030.6
2026-08-18 02:05:49,18.69,3.80,71.02,112.14,13.91,4.92,68.39,96.3,PWM 71%,411600,41.2,212777,-65,MOUNTED,62287.1
2026-08-18 02:15:49,18.65,3.73,69.56,123.74,13.89,4.83,67.13,96.5,PWM 68%,412200,41.3,217580,-66,MOUNTED,61130.2
2026-08-18 02:25:49,18.89,4.14,78.20,136.77,14.03,5.39,75.62,96.7,PWM 82%,412800,42.9,218670,-67,MOUNTED,67801.2
2026-08-18 02:35:49,19.03,4.38,83.35,150.66,14.12,5.71,80.68,96.8,PWM 90%,413400,43.2,219724,-67,MOUNTED,71850.7
2026-08-18 02:45:49,19.21,4.70,90.29,165.71,14.23,6.15,87.58,97.0,PWM 100%,414000,44.6,223112,-66,MOUNTED,77179.7
2026-08-18 02:55:49,19.01,4.36,82.88,179.52,14.11,5.70,80.48,97.1,PWM 89%,414600,43.8,224247,-64,MOUNTED,71666.4
2026-08-18 03:05:49,19.09,4.50,85.91,193.84,14.16,5.90,83.59,97.3,PWM 94%,415200,43.6,212707,-65,MOUNTED,73992.8
2026-08-18 03:15:49,19.37,4.98,96.46,209.92,14.32,6.56,93.95,97.4,PWM 100%,415800,45.2,218835,-67,MOUNTED,81858.9
2026-08-18 03:25:49,19.48,5.16,100.52,226.67,14.39,6.81,98.01,97.5,PWM 100%,416400,45.6,225632,-62,MOUNTED,84870.7
2026-08-18 03:35:49,19.48,5.17,100.71,243.46,14.39,6.83,98.29,97.6,PWM 100%,417000,46.0,221338,-63,MOUNTED,84638.0
2026-08-18 03:45:49,19.34,4.92,95.15,259.31,14.30,6.50,92.96,97.7,PWM 100%,417600,45.8,224172,-66,MOUNTED,80586.9
2026-08-18 03:55:49,19.64,5.44,106.84,277.12,14.48,7.22,104.49,97.8,PWM 100%,418200,46.1,221673,-63,MOUNTED,89098.3
2026-08-18 04:05:49,19.17,4.64,88.95,291.95,14.20,6.13,86.99,97.8,PWM 98%,418800,44.2,219361,-65,MOUNTED,75983.6
2026-08-18 04:15:49,19.72,5.59,110.23,310.32,14.53,7.43,107.92,97.9,PWM 100%,419400,47.8,219531,-63,MOUNTED,91536.8
2026-08-18 04:25:49,19.30,4.86,93.80,325.95,14.28,6.43,91.83,97.9,PWM 100%,420000,45.5,221685,-65,MOUNTED,79651.5
2026-08-18 04:35:49,19.57,5.32,104.11,343.30,14.44,7.07,102.03,98.0,PWM 100%,420600,46.0,225451,-66,MOUNTED,87224.8
2026-08-18 04:45:49,19.62,5.40,105.95,360.96,14.47,7.18,103.83,98.0,PWM 100%,421200,46.5,213955,-63,MOUNTED,88760.1
2026-08-18 04:55:49,19.24,4.75,91.39,376.19,14.24,6.29,89.56,98.0,PWM 100%,421800,44.0,212078,-67,MOUNTED,77727.6
2026-08-18 05:05:49,19.23,4.73,90.96,391.35,14.24,6.26,89.14,98.0,PWM 100%,422400,44.6,219361,-67,MOUNTED,77367.2
2026-08-18 05:15:49,19.26,4.79,92.26,406.73,14.26,6.34,90.41,98.0,PWM 100%,423000,44.6,217463,-63,MOUNTED,78646.7
2026-08-18 05:25:49,19.22,4.71,90.53,421.82,14.23,6.23,88.72,98.0,PWM 100%,423600,44.7,217647,-64,MOUNTED,77318.0
2026-08-18 05:35:49,19.23,4.73,90.96,436.98,14.24,6.25,89.05,97.9,PWM 100%,424200,45.0,213129,-64,MOUNTED,77674.3
2026-08-18 05:45:49,19.68,5.52,108.63,455.08,14.51,7.33,106.35,97.9,PWM 100%,424800,46.3,215266,-62,MOUNTED,90245.4
2026-08-18 05:55:49,19.23,4.73,90.96,470.24,14.24,6.25,88.96,97.8,PWM 100%,425400,44.6,214850,-63,MOUNTED,77372.3
2026-08-18 06:05:49,19.50,5.20,101.40,487.14,14.40,6.89,99.17,97.8,PWM 100%,426000,45.6,214232,-67,MOUNTED,85346.4
2026-08-18 06:15:49,19.09,4.50,85.91,501.46,14.16,5.93,83.93,97.7,PWM 94%,426600,44.5,214921,-67,MOUNTED,73737.9
2026-08-18 06:25:49,19.42,5.05,98.07,517.81,14.35,6.67,95.72,97.6,PWM 100%,427200,45.0,215951,-67,MOUNTED,82787.4
2026-08-18 06:35:49,19.18,4.64,89.00,532.64,14.21,6.11,86.77,97.5,PWM 98%,427800,44.5,221122,-62,MOUNTED,76058.7
2026-08-18 06:45:49,19.31,4.88,94.23,548.35,14.29,6.42,91.78,97.4,PWM 100%,428400,45.2,214061,-67,MOUNTED,80199.6
2026-08-18 06:55:49,19.32,4.89,94.47,564.09,14.29,6.43,91.92,97.3,PWM 100%,429000,45.7,217687,-63,MOUNTED,80010.8
2026-08-18 07:05:49,19.14,4.57,87.47,578.67,14.18,5.99,84.93,97.1,PWM 96%,429600,44.5,219186,-62,MOUNTED,74964.9
2026-08-18 07:15:49,19.03,4.39,83.54,592.59,14.12,5.74,81.03,97.0,PWM 90%,430200,43.2,213799,-63,MOUNTED,71716.6
2026-08-18 07:25:49,18.94,4.23,80.12,605.95,14.06,5.52,77.56,96.8,PWM 85%,430800,42.3,215815,-64,MOUNTED,69123.7
2026-08-18 07:35:49,18.93,4.20,79.51,619.20,14.06,5.47,76.89,96.7,PWM 84%,431400,43.5,214196,-65,MOUNTED,68947.0
2026-08-18 07:45:49,18.93,4.21,79.70,632.48,14.06,5.47,76.91,96.5,PWM 84%,432000,42.9,213281,-62,MOUNTED,69056.7
2026-08-18 07:55:49,18.77,3.93,73.77,644.77,13.96,5.09,71.04,96.3,PWM 75%,432600,42.1,217772,-65,MOUNTED,64241.8
2026-08-18 08:05:49,18.53,3.52,65.23,655.65,13.82,4.54,62.69,96.1,PWM 62%,433200,40.9,223890,-67,MOUNTED,57617.7
2026-08-18 08:15:49,18.67,3.76,70.20,667.35,13.90,4.85,67.39,96.0,PWM 69%,433800,41.5,220198,-63,MOUNTED,61590.2
2026-08-18 08:25:49,18.45,3.37,62.18,677.71,13.77,4.33,59.57,95.8,PWM 57%,434400,40.2,216006,-64,MOUNTED,55141.0
2026-08-18 08:35:49,18.40,3.29,60.54,687.80,13.74,4.21,57.82,95.5,PWM 54%,435000,39.5,217269,-66,MOUNTED,54020.1
2026-08-18 08:45:49,18.26,3.06,55.88,697.11,13.66,3.90,53.25,95.3,PWM 47%,435600,40.1,224125,-63,MOUNTED,50425.4
2026-08-18 08:55:49,18.12,2.81,50.92,705.60,13.57,3.57,48.42,95.1,PWM 40%,436200,38.1,217243,-63,MOUNTED,46300.8
2026-08-18 09:05:49,18.00,2.60,46.80,713.40,13.50,3.29,44.41,94.9,PWM 33%,436800,37.5,225093,-64,MOUNTED,42777.3
2026-08-18 09:15:49,17.73,2.12,37.59,719.67,13.34,2.67,35.60,94.7,PWM 19%,437400,36.4,212922,-66,MOUNTED,34989.0
2026-08-18 09:25:49,17.76,2.19,38.89,726.15,13.36,2.75,36.71,94.4,PWM 21%,438000,37.2,219485,-65,MOUNTED,36208.9
2026-08-18 09:35:49,17.61,1.93,33.99,731.81,13.27,2.41,32.02,94.2,PWM 43%,438600,36.9,221658,-67,MOUNTED,31759.8
2026-08-18 09:45:49,17.55,1.82,31.94,737.14,13.23,2.27,29.99,93.9,PWM 40%,439200,36.5,224458,-67,MOUNTED,30068.1
2026-08-18 09:55:49,17.35,1.48,25.68,741.42,13.11,1.84,24.06,93.7,PWM 29%,439800,34.9,219947,-64,MOUNTED,24185.6
2026-08-18 10:05:49,17.15,1.12,19.21,744.62,12.99,1.38,17.94,93.4,PWM 17%,440400,33.7,225599,-66,MOUNTED,18556.8
2026-08-18 10:15:49,17.05,0.96,16.37,747.35,12.93,1.18,15.26,93.2,PWM 12%,441000,34.6,219301,-67,MOUNTED,16092.3
2026-08-18 10:25:49,16.97,0.82,13.92,749.67,12.88,1.00,12.93,92.9,OFF,441600,34.2,222685,-67,MOUNTED,13877.0
2026-08-18 10:35:49,16.84,0.59,9.94,751.32,12.80,0.72,9.21,92.7,OFF,442200,31.8,220860,-65,MOUNTED,9621.0
2026-08-18 10:45:49,16.72,0.37,6.19,752.35,12.73,0.45,5.72,92.4,OFF,442800,31.7,224915,-66,MOUNTED,6167.9
2026-08-18 10:55:49,16.56,0.10,1.66,752.63,12.64,0.12,1.53,92.1,OFF,443400,31.0,215009,-62,MOUNTED,1803.2
2026-08-18 11:05:49,16.50,0.00,0.00,752.63,12.60,0.00,0.00,92.0,OFF,444000,31.5,213844,-62,MOUNTED,215.9
2026-08-18 11:15:49,16.50,0.00,0.00,752.63,12.60,0.00,0.00,92.0,OFF,444600,31.8,212785,-66,MOUNTED,80.7
2026-08-18 11:25:49,16.50,0.00,0.00,752.63,12.60,0.00,0.00,92.0,OFF,445200,31.0,223182,-64,MOUNTED,236.4
2026-08-18 11:35:49,16.50,0.00,0.00,752.63,12.60,0.00,0.00,92.0,OFF,445800,31.3,225441,-62,MOUNTED,12.3
2026-08-18 11:45:49,16.50,0.00,0.00,752.63,12.60,0.00,0.00,92.0,OFF,446400,31.2,225432,-63,MOUNTED,427.4
2026-08-18 11:55:49,16.50,0.00,0.00,752.63,12.60,0.00,0.00,92.0,OFF,447000,32.2,216021,-66,MOUNTED,288.2
2026-08-18 23:05:49,16.56,0.11,1.82,0.30,12.64,0.13,1.68,92.1,OFF,487200,32.0,224417,-67,MOUNTED,2064.9
2026-08-18 23:15:49,16.70,0.35,5.84,1.28,12.72,0.42,5.40,92.4,OFF,487800,31.7,223476,-62,MOUNTED,6001.5
2026-08-18 23:25:49,16.84,0.59,9.94,2.93,12.80,0.72,9.21,92.7,OFF,488400,31.6,225528,-63,MOUNTED,10013.1
2026-08-18 23:35:49,16.96,0.81,13.74,5.22,12.88,0.99,12.76,92.9,OFF,489000,32.7,220639,-67,MOUNTED,13282.3
2026-08-18 23:45:49,17.11,1.06,18.14,8.25,12.97,1.30,16.91,93.2,PWM 15%,489600,33.6,213767,-63,MOUNTED,17570.4
2026-08-18 23:55:49,17.14,1.12,19.20,11.45,12.99,1.38,17.93,93.4,PWM 17%,490200,33.6,215255,-64,MOUNTED,18452.1
2026-08-19 00:05:49,17.26,1.32,22.78,15.24,13.06,1.63,21.34,93.7,PWM 24%,490800,34.6,221549,-63,MOUNTED,21546.6
2026-08-19 00:15:49,17.42,1.59,27.70,19.86,13.15,1.98,26.01,93.9,PWM 32%,491400,36.2,215250,-66,MOUNTED,26429.6
2026-08-19 00:25:49,17.60,1.90,33.44,25.43,13.26,2.38,31.50,94.2,PWM 42%,492000,36.0,223534,-67,MOUNTED,31379.2
2026-08-19 00:35:49,17.75,2.17,38.52,31.85,13.35,2.72,36.36,94.4,PWM 20%,492600,36.8,219685,-63,MOUNTED,35734.2
2026-08-19 00:45:49,17.88,2.39,42.73,38.97,13.43,3.01,40.47,94.7,PWM 27%,493200,38.3,221293,-64,MOUNTED,39477.7
2026-08-19 00:55:49,18.05,2.69,48.55,47.07,13.53,3.41,46.07,94.9,PWM 36%,493800,38.1,218987,-67,MOUNTED,44394.3
2026-08-19 01:05:49,18.16,2.88,52.30,55.78,13.60,3.66,49.74,95.1,PWM 42%,494400,38.6,220011,-65,MOUNTED,47240.7
2026-08-19 01:15:49,18.23,2.99,54.51,64.87,13.64,3.81,51.95,95.3,PWM 45%,495000,39.3,223434,-65,MOUNTED,49246.3
2026-08-19 01:25:49,18.39,3.28,60.32,74.92,13.74,4.19,57.61,95.5,PWM 54%,495600,39.5,216130,-67,MOUNTED,54085.8
2026-08-19 01:35:49,18.48,3.43,63.39,85.49,13.79,4.40,60.73,95.8,PWM 59%,496200,40.9,219948,-64,MOUNTED,56138.1
2026-08-19 01:45:49,18.48,3.43,63.39,96.05,13.79,4.41,60.85,96.0,PWM 59%,496800,40.7,216515,-63,MOUNTED,56547.8
2026-08-19 01:55:49,18.72,3.84,71.88,108.03,13.93,4.96,69.08,96.1,PWM 72%,497400,42.0,214274,-65,MOUNTED,63125.6
2026-08-19 02:05:49,18.63,3.69,68.74,119.49,13.88,4.77,66.20,96.3,PWM 67%,498000,41.2,223046,-63,MOUNTED,60357.7
2026-08-19 02:15:49,18.74,3.89,72.90,131.64,13.95,5.04,70.35,96.5,PWM 74%,498600,41.8,215365,-62,MOUNTED,63649.8
2026-08-19 02:25:49,18.66,3.74,69.79,143.27,13.89,4.86,67.49,96.7,PWM 69%,499200,40.9,223257,-66,MOUNTED,61568.6
2026-08-19 02:35:49,19.07,4.45,84.86,157.41,14.14,5.81,82.14,96.8,PWM 92%,499800,43.7,216994,-67,MOUNTED,72769.4
2026-08-19 02:45:49,18.90,4.16,78.62,170.52,14.04,5.43,76.26,97.0,PWM 82%,500400,42.0,223203,-63,MOUNTED,68411.8
2026-08-19 02:55:49,18.98,4.30,81.61,184.12,14.09,5.62,79.24,97.1,PWM 87%,501000,43.2,213321,-64,MOUNTED,70748.8
2026-08-19 03:05:49,19.10,4.51,86.14,198.47,14.16,5.92,83.81,97.3,PWM 94%,501600,44.0,218731,-62,MOUNTED,73961.6
2026-08-19 03:15:49,19.30,4.86,93.80,214.11,14.28,6.40,91.36,97.4,PWM 100%,502200,45.3,216111,-63,MOUNTED,79447.7
2026-08-19 03:25:49,19.08,4.47,85.29,228.32,14.15,5.88,83.16,97.5,PWM 93%,502800,43.6,213524,-64,MOUNTED,73609.6
2026-08-19 03:35:49,19.45,5.12,99.58,244.92,14.37,6.76,97.19,97.6,PWM 100%,503400,45.4,215895,-62,MOUNTED,83776.2
2026-08-19 03:45:49,19.59,5.36,105.00,262.42,14.45,7.10,102.58,97.7,PWM 100%,504000,46.6,213723,-67,MOUNTED,88013.5
2026-08-19 03:55:49,19.41,5.04,97.83,278.72,14.35,6.67,95.68,97.8,PWM 100%,504600,45.6,223860,-65,MOUNTED,82712.6
2026-08-19 04:05:49,19.49,5.19,101.15,295.58,14.40,6.87,98.92,97.8,PWM 100%,505200,46.5,222270,-65,MOUNTED,84843.1
2026-08-19 04:15:49,19.20,4.67,89.66,310.53,14.22,6.17,87.78,97.9,PWM 99%,505800,44.5,224389,-63,MOUNTED,76745.1
2026-08-19 04:25:49,19.50,5.20,101.40,327.43,14.40,6.89,99.27,97.9,PWM 100%,506400,46.6,213865,-66,MOUNTED,85329.4
2026-08-19 04:35:49,19.50,5.21,101.59,344.36,14.40,6.91,99.56,98.0,PWM 100%,507000,46.7,224970,-65,MOUNTED,85603.5
2026-08-19 04:45:49,19.46,5.12,99.64,360.96,14.37,6.80,97.65,98.0,PWM 100%,507600,45.5,225746,-66,MOUNTED,83958.7
2026-08-19 04:55:49,19.29,4.83,93.17,376.49,14.27,6.40,91.31,98.0,PWM 100%,508200,44.6,213201,-64,MOUNTED,79237.6
2026-08-19 05:05:49,19.66,5.48,107.74,394.45,14.50,7.28,105.59,98.0,PWM 100%,508800,47.1,225432,-62,MOUNTED,89795.8
2026-08-19 05:15:49,19.43,5.08,98.70,410.90,14.36,6.74,96.73,98.0,PWM 100%,509400,45.8,218251,-64,MOUNTED,83333.7
2026-08-19 05:25:49,19.46,5.13,99.83,427.54,14.38,6.80,97.83,98.0,PWM 100%,510000,45.3,213108,-66,MOUNTED,84079.3
2026-08-19 05:35:49,19.32,4.89,94.47,443.28,14.29,6.47,92.49,97.9,PWM 100%,510600,44.9,212736,-67,MOUNTED,80024.0
2026-08-19 05:45:49,19.51,5.22,101.84,460.26,14.41,6.92,99.70,97.9,PWM 100%,511200,45.8,218839,-65,MOUNTED,85553.3
2026-08-19 05:55:49,19.42,5.06,98.27,476.63,14.35,6.70,96.11,97.8,PWM 100%,511800,45.8,214012,-63,MOUNTED,83193.2
2026-08-19 06:05:49,19.32,4.89,94.47,492.38,14.29,6.47,92.39,97.8,PWM 100%,512400,45.3,212184,-64,MOUNTED,80010.5
2026-08-19 06:15:49,19.54,5.28,103.17,509.57,14.43,6.99,100.80,97.7,PWM 100%,513000,46.1,215007,-63,MOUNTED,86317.5
2026-08-19 06:25:49,19.50,5.19,101.21,526.44,14.40,6.86,98.78,97.6,PWM 100%,513600,45.5,218660,-66,MOUNTED,85001.5
2026-08-19 06:35:49,19.47,5.14,100.08,543.12,14.38,6.79,97.58,97.5,PWM 100%,514200,46.0,220571,-67,MOUNTED,84474.5
2026-08-19 06:45:49,18.96,4.26,80.77,556.58,14.07,5.59,78.67,97.4,PWM 86%,514800,42.8,215678,-66,MOUNTED,70043.2
2026-08-19 06:55:49,19.18,4.65,89.19,571.45,14.21,6.11,86.78,97.3,PWM 99%,515400,43.6,225092,-62,MOUNTED,76448.2
2026-08-19 07:05:49,19.09,4.49,85.71,585.73,14.15,5.88,83.22,97.1,PWM 93%,516000,43.0,218092,-63,MOUNTED,73600.1
2026-08-19 07:15:49,19.14,4.57,87.47,600.31,14.18,5.98,84.85,97.0,PWM 96%,516600,43.3,218229,-63,MOUNTED,74883.0
2026-08-19 07:25:49,19.12,4.54,86.80,614.78,14.17,5.93,84.02,96.8,PWM 95%,517200,43.2,223536,-67,MOUNTED,74183.6
2026-08-19 07:35:49,19.01,4.35,82.69,628.56,14.11,5.67,79.96,96.7,PWM 89%,517800,43.9,212921,-65,MOUNTED,71547.6
2026-08-19 07:45:49,18.61,3.66,68.11,639.91,13.87,4.74,65.73,96.5,PWM 66%,518400,41.7,225817,-66,MOUNTED,59997.3
2026-08-19 07:55:49,18.46,3.39,62.58,650.34,13.77,4.38,60.26,96.3,PWM 58%,519000,40.9,220619,-66,MOUNTED,55849.4
2026-08-19 08:05:49,18.56,3.57,66.26,661.39,13.84,4.60,63.68,96.1,PWM 63%,519600,41.6,225114,-63,MOUNTED,58401.0
2026-08-19 08:15:49,18.53,3.52,65.23,672.26,13.82,4.53,62.62,96.0,PWM 62%,520200,40.2,219871,-67,MOUNTED,57846.7
2026-08-19 08:25:49,18.22,2.99,54.48,681.34,13.63,3.83,52.19,95.8,PWM 45%,520800,39.4,224495,-64,MOUNTED,49122.9
2026-08-19 08:35:49,18.29,3.10,56.70,690.79,13.67,3.96,54.15,95.5,PWM 49%,521400,39.2,217868,-63,MOUNTED,51016.7
2026-08-19 08:45:49,18.22,2.99,54.48,699.87,13.63,3.81,51.92,95.3,PWM 45%,522000,38.8,221413,-67,MOUNTED,49254.1
2026-08-19 08:55:49,17.95,2.52,45.23,707.41,13.47,3.19,43.01,95.1,PWM 31%,522600,38.0,222504,-63,MOUNTED,41329.4
2026-08-19 09:05:49,17.89,2.40,42.94,714.56,13.43,3.03,40.75,94.9,PWM 27%,523200,38.1,219722,-63,MOUNTED,39362.3
2026-08-19 09:15:49,17.87,2.37,42.35,721.62,13.42,2.99,40.11,94.7,PWM 26%,523800,37.9,223528,-65,MOUNTED,39218.9
2026-08-19 09:25:49,17.77,2.21,39.27,728.17,13.36,2.77,37.07,94.4,PWM 22%,524400,37.8,222966,-65,MOUNTED,36177.7
2026-08-19 09:35:49,17.62,1.93,34.01,733.83,13.27,2.41,32.04,94.2,PWM 43%,525000,36.4,225648,-67,MOUNTED,31828.2
2026-08-19 09:45:49,17.37,1.51,26.23,738.21,13.12,1.88,24.63,93.9,PWM 30%,525600,34.8,213012,-64,MOUNTED,24818.3
2026-08-19 09:55:49,17.26,1.31,22.61,741.97,13.05,1.62,21.19,93.7,PWM 23%,526200,35.4,225423,-62,MOUNTED,21664.1
2026-08-19 10:05:49,17.18,1.17,20.10,745.32,13.01,1.44,18.77,93.4,PWM 19%,526800,34.5,217571,-62,MOUNTED,19226.6
2026-08-19 10:15:49,17.10,1.04,17.78,748.29,12.96,1.28,16.57,93.2,PWM 15%,527400,33.3,222956,-64,MOUNTED,17104.9
2026-08-19 10:25:49,17.00,0.86,14.62,750.72,12.90,1.05,13.58,92.9,OFF,528000,33.0,218871,-63,MOUNTED,14452.5
2026-08-19 10:35:49,16.84,0.59,9.94,752.38,12.81,0.72,9.21,92.7,OFF,528600,30.9,212506,-67,MOUNTED,10021.4
2026-08-19 10:45:49,16.69,0.33,5.51,753.30,12.72,0.40,5.09,92.4,OFF,529200,31.3,213010,-66,MOUNTED,5700.5
2026-08-19 10:55:49,16.57,0.12,1.99,753.63,12.64,0.14,1.83,92.1,OFF,529800,32.2,224730,-62,MOUNTED,2077.9
2026-08-19 11:05:49,16.50,0.00,0.00,753.63,12.60,0.00,0.00,92.0,OFF,530400,32.2,215710,-64,MOUNTED,422.4
2026-08-19 11:15:49,16.50,0.00,0.00,753.63,12.60,0.00,0.00,92.0,OFF,531000,31.5,213172,-66,MOUNTED,193.2
2026-08-19 11:25:49,16.50,0.00,0.00,753.63,12.60,0.00,0.00,92.0,OFF,531600,30.9,215981,-62,MOUNTED,453.2
2026-08-19 11:35:49,16.50,0.00,0.00,753.63,12.60,0.00,0.00,92.0,OFF,532200,31.4,212970,-66,MOUNTED,213.1
2026-08-19 11:45:49,16.50,0.00,0.00,753.63,12.60,0.00,0.00,92.0,OFF,532800,32.1,218658,-63,MOUNTED,357.5
2026-08-19 11:55:49,16.50,0.00,0.00,753.63,12.60,0.00,0.00,92.0,OFF,533400,31.5,225459,-67,MOUNTED,77.9
2026-08-19 23:05:49,16.57,0.12,1.99,0.33,12.64,0.14,1.83,92.1,OFF,573600,31.5,221891,-65,MOUNTED,2132.6
2026-08-19 23:15:49,16.71,0.36,6.02,1.33,12.72,0.44,5.56,92.4,OFF,574200,31.5,225189,-64,MOUNTED,5840.8
2026-08-19 23:25:49,16.79,0.51,8.56,2.76,12.78,0.62,7.94,92.7,OFF,574800,31.2,222396,-65,MOUNTED,8584.0
2026-08-19 23:35:49,16.93,0.75,12.70,4.88,12.86,0.92,11.80,92.9,OFF,575400,34.1,214599,-64,MOUNTED,12323.8
2026-08-19 23:45:49,17.09,1.02,17.43,7.78,12.95,1.25,16.24,93.2,PWM 14%,576000,33.3,224113,-65,MOUNTED,16911.8
2026-08-19 23:55:49,17.27,1.33,22.97,11.61,13.06,1.64,21.45,93.4,PWM 24%,576600,34.3,212624,-63,MOUNTED,22015.8
2026-08-20 00:05:49,17.38,1.53,26.59,16.04,13.13,1.90,24.91,93.7,PWM 30%,577200,35.8,222692,-66,MOUNTED,25229.9
2026-08-20 00:15:49,17.38,1.52,26.42,20.45,13.13,1.89,24.81,93.9,PWM 30%,577800,34.7,223255,-67,MOUNTED,24961.8
2026-08-20 00:25:49,17.59,1.88,33.07,25.96,13.25,2.35,31.15,94.2,PWM 42%,578400,36.8,222837,-67,MOUNTED,31129.2
2026-08-20 00:35:49,17.77,2.21,39.27,32.50,13.36,2.77,37.07,94.4,PWM 22%,579000,36.7,212310,-64,MOUNTED,36334.5
2026-08-20 00:45:49,17.75,2.17,38.52,38.92,13.35,2.73,36.48,94.7,PWM 20%,579600,37.5,225903,-62,MOUNTED,35757.7
2026-08-20 00:55:49,17.98,2.56,46.03,46.59,13.49,3.24,43.68,94.9,PWM 32%,580200,37.8,222422,-65,MOUNTED,42007.6
2026-08-20 01:05:49,18.10,2.77,50.14,54.95,13.56,3.52,47.68,95.1,PWM 38%,580800,39.3,221886,-67,MOUNTED,45661.2
2026-08-20 01:15:49,18.07,2.72,49.15,63.14,13.54,3.46,46.84,95.3,PWM 37%,581400,39.1,219151,-67,MOUNTED,44581.0
2026-08-20 01:25:49,18.30,3.12,57.10,72.66,13.68,3.99,54.53,95.5,PWM 49%,582000,39.9,216649,-64,MOUNTED,51447.4
2026-08-20 01:35:49,18.25,3.04,55.48,81.91,13.65,3.89,53.15,95.8,PWM 47%,582600,38.9,216998,-62,MOUNTED,50026.4
2026-08-20 01:45:49,18.58,3.60,66.89,93.06,13.85,4.64,64.21,96.0,PWM 64%,583200,41.5,222545,-63,MOUNTED,59066.0
2026-08-20 01:55:49,18.69,3.80,71.02,104.89,13.91,4.91,68.25,96.1,PWM 71%,583800,41.1,217815,-64,MOUNTED,62380.0
2026-08-20 02:05:49,18.83,4.04,76.07,117.57,14.00,5.23,73.26,96.3,PWM 78%,584400,41.7,224303,-63,MOUNTED,66276.4
2026-08-20 02:15:49,18.92,4.19,79.27,130.78,14.05,5.44,76.50,96.5,PWM 83%,585000,42.8,224132,-64,MOUNTED,68987.3
2026-08-20 02:25:49,18.68,3.78,70.61,142.55,13.91,4.91,68.28,96.7,PWM 70%,585600,41.2,215143,-67,MOUNTED,62306.7
2026-08-20 02:35:49,18.92,4.20,79.46,155.79,14.05,5.47,76.92,96.8,PWM 84%,586200,43.4,223385,-63,MOUNTED,69052.0
2026-08-20 02:45:49,18.93,4.20,79.51,169.05,14.06,5.49,77.12,97.0,PWM 84%,586800,42.6,219627,-65,MOUNTED,68756.0
2026-08-20 02:55:49,18.98,4.30,81.61,182.65,14.09,5.62,79.24,97.1,PWM 87%,587400,43.9,213295,-63,MOUNTED,70659.5
2026-08-20 03:05:49,19.11,4.52,86.38,197.04,14.17,5.93,84.05,97.3,PWM 94%,588000,43.6,219823,-65,MOUNTED,74244.8
2026-08-20 03:15:49,19.27,4.81,92.69,212.49,14.26,6.33,90.28,97.4,PWM 100%,588600,45.0,214544,-63,MOUNTED,78611.0
2026-08-20 03:25:49,19.46,5.13,99.83,229.13,14.38,6.77,97.33,97.5,PWM 100%,589200,46.2,212835,-66,MOUNTED,84333.4
2026-08-20 03:35:49,19.27,4.80,92.50,244.55,14.26,6.33,90.28,97.6,PWM 100%,589800,44.4,214963,-67,MOUNTED,78844.1
2026-08-20 03:45:49,19.51,5.23,102.04,261.55,14.41,6.92,99.69,97.7,PWM 100%,590400,45.4,218861,-66,MOUNTED,85841.4
2026-08-20 03:55:49,19.62,5.41,106.14,279.24,14.47,7.17,103.80,97.8,PWM 100%,591000,46.8,221579,-67,MOUNTED,88544.7
2026-08-20 04:05:49,19.23,4.73,90.96,294.40,14.24,6.25,88.96,97.8,PWM 100%,591600,44.2,213688,-62,MOUNTED,77598.5
2026-08-20 04:15:49,19.69,5.53,108.89,312.55,14.51,7.35,106.60,97.9,PWM 100%,592200,46.5,218256,-64,MOUNTED,90404.1
2026-08-20 04:25:49,19.70,5.55,109.33,330.77,14.52,7.37,107.03,97.9,PWM 100%,592800,47.4,218905,-65,MOUNTED,90697.8
2026-08-20 04:35:49,19.63,5.42,106.39,348.50,14.48,7.20,104.26,98.0,PWM 100%,593400,46.3,215077,-62,MOUNTED,88817.8
2026-08-20 04:45:49,19.67,5.49,107.99,366.50,14.50,7.30,105.83,98.0,PWM 100%,594000,46.4,224820,-62,MOUNTED,90047.0
2026-08-20 04:55:49,19.39,5.01,97.14,382.69,14.34,6.64,95.20,98.0,PWM 100%,594600,45.3,215093,-63,MOUNTED,81982.2
2026-08-20 05:05:49,19.50,5.20,101.40,399.59,14.40,6.90,99.37,98.0,PWM 100%,595200,45.7,218011,-65,MOUNTED,85440.2
2026-08-20 05:15:49,19.35,4.95,95.78,415.56,14.31,6.56,93.86,98.0,PWM 100%,595800,44.9,214552,-64,MOUNTED,81262.4
2026-08-20 05:25:49,19.74,5.61,110.74,434.01,14.54,7.46,108.53,98.0,PWM 100%,596400,46.7,218297,-67,MOUNTED,92276.0
2026-08-20 05:35:49,19.35,4.94,95.59,449.94,14.31,6.54,93.58,97.9,PWM 100%,597000,45.1,218341,-67,MOUNTED,81077.8
2026-08-20 05:45:49,19.47,5.15,100.27,466.66,14.38,6.83,98.16,97.9,PWM 100%,597600,45.2,223736,-62,MOUNTED,84603.8
2026-08-20 05:55:49,19.17,4.63,88.76,481.45,14.20,6.11,86.81,97.8,PWM 98%,598200,44.5,225111,-62,MOUNTED,75643.2
2026-08-20 06:05:49,19.22,4.71,90.53,496.54,14.23,6.22,88.54,97.8,PWM 100%,598800,44.2,219421,-65,MOUNTED,77111.5
2026-08-20 06:15:49,19.28,4.82,92.93,512.03,14.27,6.36,90.79,97.7,PWM 100%,599400,44.4,213686,-66,MOUNTED,79048.1
2026-08-20 06:25:49,19.30,4.86,93.80,527.66,14.28,6.41,91.55,97.6,PWM 100%,600000,44.6,217967,-67,MOUNTED,79660.4
2026-08-20 06:35:49,19.10,4.51,86.14,542.02,14.16,5.93,83.99,97.5,PWM 94%,600600,43.4,225713,-66,MOUNTED,73804.9
2026-08-20 06:45:49,19.38,5.00,96.90,558.17,14.33,6.59,94.38,97.4,PWM 100%,601200,44.8,213573,-67,MOUNTED,82122.5
2026-08-20 06:55:49,19.12,4.54,86.80,572.63,14.17,5.96,84.46,97.3,PWM 95%,601800,43.4,218927,-62,MOUNTED,74322.9
2026-08-20 07:05:49,18.93,4.21,79.70,585.92,14.06,5.50,77.39,97.1,PWM 84%,602400,42.9,213250,-66,MOUNTED,68892.8
2026-08-20 07:15:49,19.06,4.44,84.63,600.02,14.14,5.81,82.09,97.0,PWM 92%,603000,43.6,213209,-62,MOUNTED,72867.9
2026-08-20 07:25:49,18.76,3.91,73.35,612.25,13.95,5.09,71.00,96.8,PWM 74%,603600,42.5,213002,-62,MOUNTED,64011.8
2026-08-20 07:35:49,18.74,3.89,72.90,624.40,13.95,5.05,70.49,96.7,PWM 74%,604200,41.4,221462,-62,MOUNTED,63945.4
2026-08-20 07:45:49,18.73,3.87,72.49,636.48,13.94,5.02,69.95,96.5,PWM 73%,604800,42.0,212860,-67,MOUNTED,63667.5
2026-08-20 07:55:49,18.52,3.50,64.82,647.28,13.81,4.52,62.42,96.3,PWM 61%,605400,41.4,221351,-65,MOUNTED,57649.2
2026-08-20 08:05:49,18.66,3.75,69.97,658.94,13.90,4.84,67.24,96.1,PWM 69%,606000,40.8,225262,-66,MOUNTED,61333.0
2026-08-20 08:15:49,18.42,3.32,61.15,669.13,13.75,4.27,58.70,96.0,PWM 55%,606600,40.4,225417,-62,MOUNTED,54370.5
2026-08-20 08:25:49,18.52,3.51,65.01,679.97,13.81,4.51,62.28,95.8,PWM 61%,607200,40.8,219209,-66,MOUNTED,57500.6
2026-08-20 08:35:49,18.37,3.24,59.52,689.89,13.72,4.14,56.84,95.5,PWM 53%,607800,40.1,223806,-63,MOUNTED,53182.4
2026-08-20 08:45:49,18.16,2.88,52.30,698.61,13.60,3.66,49.84,95.3,PWM 42%,608400,39.5,214658,-63,MOUNTED,47402.4
2026-08-20 08:55:49,17.97,2.54,45.64,706.21,13.48,3.22,43.40,95.1,PWM 31%,609000,37.6,222233,-62,MOUNTED,42029.4
2026-08-20 09:05:49,18.02,2.64,47.57,714.14,13.51,3.34,45.14,94.9,PWM 34%,609600,37.8,220259,-67,MOUNTED,43506.7
2026-08-20 09:15:49,17.81,2.27,40.43,720.88,13.39,2.86,38.29,94.7,PWM 23%,610200,36.9,221469,-63,MOUNTED,37511.2
2026-08-20 09:25:49,17.78,2.22,39.47,727.46,13.37,2.79,37.26,94.4,PWM 22%,610800,36.6,224701,-67,MOUNTED,36713.4
2026-08-20 09:35:49,17.62,1.95,34.36,733.18,13.27,2.44,32.37,94.2,PWM 44%,611400,36.8,225957,-66,MOUNTED,31858.6
2026-08-20 09:45:49,17.50,1.73,30.27,738.23,13.20,2.15,28.42,93.9,PWM 37%,612000,35.3,225491,-67,MOUNTED,28813.6
2026-08-20 09:55:49,17.27,1.33,22.97,742.06,13.06,1.65,21.52,93.7,PWM 24%,612600,34.7,224383,-63,MOUNTED,22064.1
2026-08-20 10:05:49,17.21,1.23,21.17,745.59,13.03,1.52,19.77,93.4,PWM 21%,613200,34.2,221427,-62,MOUNTED,20389.7
2026-08-20 10:15:49,17.07,0.98,16.73,748.37,12.94,1.20,15.59,93.2,PWM 13%,613800,34.6,216464,-62,MOUNTED,16029.5
2026-08-20 10:25:49,17.00,0.87,14.79,750.84,12.90,1.07,13.74,92.9,OFF,614400,33.0,215454,-66,MOUNTED,14552.2
2026-08-20 10:35:49,16.80,0.52,8.74,752.30,12.78,0.63,8.10,92.7,OFF,615000,31.8,215228,-65,MOUNTED,8682.4
2026-08-20 10:45:49,16.70,0.35,5.84,753.27,12.72,0.42,5.40,92.4,OFF,615600,31.3,216020,-64,MOUNTED,6064.4
2026-08-20 10:55:49,16.56,0.10,1.66,753.55,12.64,0.12,1.53,92.1,OFF,616200,31.0,222656,-64,MOUNTED,1713.7
2026-08-20 11:05:49,16.50,0.00,0.00,753.55,12.60,0.00,0.00,92.0,OFF,616800,31.8,217107,-65,MOUNTED,69.1
2026-08-20 11:15:49,16.50,0.00,0.00,753.55,12.60,0.00,0.00,92.0,OFF,617400,31.5,223686,-63,MOUNTED,476.2
2026-08-20 11:25:49,16.50,0.00,0.00,753.55,12.60,0.00,0.00,92.0,OFF,618000,30.9,212682,-62,MOUNTED,36.1
2026-08-20 11:35:49,16.50,0.00,0.00,753.55,12.60,0.00,0.00,92.0,OFF,618600,32.1,222371,-64,MOUNTED,319.3
2026-08-20 11:45:49,16.50,0.00,0.00,753.55,12.60,0.00,0.00,92.0,OFF,619200,31.3,212829,-63,MOUNTED,380.3
2026-08-20 11:55:49,16.50,0.00,0.00,753.55,12.60,0.00,0.00,92.0,OFF,619800,30.9,219431,-63,MOUNTED,30.5
2026-08-20 23:05:49,16.57,0.12,1.99,0.33,12.64,0.14,1.83,92.1,OFF,660000,32.0,212130,-63,MOUNTED,1997.4
2026-08-20 23:15:49,16.71,0.37,6.18,1.36,12.73,0.45,5.71,92.4,OFF,660600,31.8,225868,-66,MOUNTED,6049.9
2026-08-20 23:25:49,16.81,0.54,9.08,2.87,12.79,0.66,8.42,92.7,OFF,661200,31.0,216905,-66,MOUNTED,9046.2
2026-08-20 23:35:49,16.97,0.81,13.75,5.17,12.88,0.99,12.77,92.9,OFF,661800,34.0,213754,-66,MOUNTED,13429.7
2026-08-20 23:45:49,17.10,1.04,17.78,8.13,12.96,1.28,16.57,93.2,PWM 15%,662400,34.7,212621,-66,MOUNTED,17352.2
2026-08-20 23:55:49,17.15,1.12,19.21,11.33,12.99,1.38,17.94,93.4,PWM 17%,663000,34.5,214812,-65,MOUNTED,18779.6
2026-08-21 00:05:49,17.42,1.59,27.70,15.95,13.15,1.97,25.95,93.7,PWM 32%,663600,34.9,212267,-65,MOUNTED,26044.2
2026-08-21 00:15:49,17.48,1.70,29.72,20.90,13.19,2.12,27.91,93.9,PWM 36%,664200,36.2,221227,-66,MOUNTED,27902.7
2026-08-21 00:25:49,17.65,2.00,35.30,26.78,13.29,2.50,33.25,94.2,PWM 15%,664800,36.7,220435,-63,MOUNTED,32703.7
2026-08-21 00:35:49,17.68,2.04,36.07,32.80,13.31,2.56,34.05,94.4,PWM 17%,665400,37.4,215151,-66,MOUNTED,33443.8
2026-08-21 00:45:49,17.73,2.12,37.59,39.06,13.34,2.67,35.60,94.7,PWM 19%,666000,36.5,218206,-64,MOUNTED,35151.1
2026-08-21 00:55:49,17.96,2.54,45.62,46.66,13.48,3.21,43.29,94.9,PWM 31%,666600,38.0,218129,-66,MOUNTED,41816.0
2026-08-21 01:05:49,18.07,2.72,49.15,54.86,13.54,3.45,46.74,95.1,PWM 37%,667200,38.2,225554,-65,MOUNTED,44472.9
2026-08-21 01:15:49,18.05,2.68,48.37,62.92,13.53,3.41,46.10,95.3,PWM 36%,667800,38.4,212389,-63,MOUNTED,44013.0
2026-08-21 01:25:49,18.12,2.81,50.92,71.41,13.57,3.58,48.63,95.5,PWM 40%,668400,39.2,222667,-63,MOUNTED,46226.1
2026-08-21 01:35:49,18.21,2.96,53.90,80.39,13.62,3.79,51.64,95.8,PWM 44%,669000,39.0,212089,-64,MOUNTED,48815.4
2026-08-21 01:45:49,18.65,3.73,69.56,91.98,13.89,4.81,66.78,96.0,PWM 68%,669600,41.2,224503,-64,MOUNTED,61211.5
2026-08-21 01:55:49,18.43,3.35,61.74,102.27,13.76,4.31,59.33,96.1,PWM 56%,670200,40.3,224928,-64,MOUNTED,54708.2
2026-08-21 02:05:49,18.45,3.39,62.55,112.70,13.77,4.37,60.24,96.3,PWM 58%,670800,40.0,214596,-66,MOUNTED,55717.8
2026-08-21 02:15:49,18.73,3.86,72.30,124.75,13.94,5.01,69.77,96.5,PWM 73%,671400,42.2,221793,-63,MOUNTED,63340.2
2026-08-21 02:25:49,18.72,3.84,71.88,136.73,13.93,4.99,69.51,96.7,PWM 72%,672000,41.6,220135,-66,MOUNTED,63020.1
2026-08-21 02:35:49,19.01,4.35,82.69,150.51,14.11,5.67,80.04,96.8,PWM 89%,672600,42.9,213251,-67,MOUNTED,71323.4
2026-08-21 02:45:49,18.91,4.18,79.04,163.68,14.05,5.46,76.67,97.0,PWM 83%,673200,43.5,215651,-65,MOUNTED,68401.3
2026-08-21 02:55:49,18.93,4.21,79.70,176.97,14.06,5.50,77.39,97.1,PWM 84%,673800,42.3,216230,-67,MOUNTED,69087.7
2026-08-21 03:05:49,19.14,4.57,87.47,191.54,14.18,6.00,85.11,97.3,PWM 96%,674400,44.1,225490,-63,MOUNTED,74800.1
2026-08-21 03:15:49,19.02,4.36,82.93,205.37,14.11,5.72,80.77,97.4,PWM 89%,675000,44.0,224862,-63,MOUNTED,71668.7
2026-08-21 03:25:49,19.15,4.59,87.90,220.02,14.19,6.04,85.70,97.5,PWM 97%,675600,44.5,222148,-67,MOUNTED,75263.8
2026-08-21 03:35:49,19.38,4.99,96.71,236.13,14.33,6.59,94.39,97.6,PWM 100%,676200,45.7,219971,-64,MOUNTED,81940.3
2026-08-21 03:45:49,19.51,5.21,101.65,253.08,14.40,6.90,99.31,97.7,PWM 100%,676800,45.3,219886,-65,MOUNTED,85620.5
2026-08-21 03:55:49,19.26,4.78,92.06,268.42,14.26,6.31,90.03,97.8,PWM 100%,677400,45.1,224532,-64,MOUNTED,78513.4
2026-08-21 04:05:49,19.55,5.28,103.22,285.62,14.43,7.00,100.95,97.8,PWM 100%,678000,46.2,225745,-65,MOUNTED,86668.8
2026-08-21 04:15:49,19.63,5.43,106.59,303.39,14.48,7.21,104.35,97.9,PWM 100%,678600,47.2,212895,-65,MOUNTED,88915.0
2026-08-21 04:25:49,19.52,5.23,102.09,320.40,14.41,6.94,99.95,97.9,PWM 100%,679200,46.7,214203,-67,MOUNTED,85526.6
2026-08-21 04:35:49,19.64,5.44,106.84,338.21,14.48,7.23,104.70,98.0,PWM 100%,679800,46.3,219870,-63,MOUNTED,88922.9
2026-08-21 04:45:49,19.75,5.63,111.19,356.74,14.55,7.49,108.97,98.0,PWM 100%,680400,47.9,214143,-66,MOUNTED,92394.1
2026-08-21 04:55:49,19.55,5.29,103.42,373.98,14.43,7.02,101.35,98.0,PWM 100%,681000,45.9,215609,-64,MOUNTED,86810.2
2026-08-21 05:05:49,19.29,4.83,93.17,389.50,14.27,6.40,91.31,98.0,PWM 100%,681600,44.3,219935,-67,MOUNTED,79230.5
2026-08-21 05:15:49,19.38,4.99,96.71,405.62,14.33,6.61,94.78,98.0,PWM 100%,682200,45.6,221259,-64,MOUNTED,81536.4
2026-08-21 05:25:49,19.61,5.38,105.50,423.21,14.46,7.15,103.39,98.0,PWM 100%,682800,47.2,218763,-67,MOUNTED,88143.7
2026-08-21 05:35:49,19.60,5.38,105.45,440.78,14.46,7.14,103.24,97.9,PWM 100%,683400,46.2,222940,-64,MOUNTED,87960.2
2026-08-21 05:45:49,19.61,5.39,105.70,458.40,14.47,7.15,103.48,97.9,PWM 100%,684000,46.1,219900,-66,MOUNTED,88136.3
2026-08-21 05:55:49,19.59,5.35,104.81,475.87,14.45,7.09,102.50,97.8,PWM 100%,684600,46.1,221548,-62,MOUNTED,87711.5
2026-08-21 06:05:49,19.34,4.92,95.15,491.73,14.30,6.51,93.06,97.8,PWM 100%,685200,45.3,224196,-62,MOUNTED,80730.8
2026-08-21 06:15:49,19.43,5.07,98.51,508.14,14.36,6.70,96.24,97.7,PWM 100%,685800,44.9,222350,-63,MOUNTED,83138.3
2026-08-21 06:25:49,19.57,5.31,103.92,525.46,14.44,7.02,101.43,97.6,PWM 100%,686400,45.7,221921,-65,MOUNTED,86943.6
2026-08-21 06:35:49,19.04,4.40,83.78,539.43,14.12,5.79,81.69,97.5,PWM 90%,687000,43.2,221031,-64,MOUNTED,71962.0
2026-08-21 06:45:49,19.03,4.38,83.35,553.32,14.12,5.75,81.18,97.4,PWM 90%,687600,43.1,219009,-62,MOUNTED,71784.3
2026-08-21 06:55:49,18.92,4.20,79.46,566.56,14.05,5.50,77.31,97.3,PWM 84%,688200,42.6,219763,-64,MOUNTED,68906.9
2026-08-21 07:05:49,19.27,4.80,92.50,581.98,14.26,6.30,89.82,97.1,PWM 100%,688800,44.1,221496,-63,MOUNTED,78514.7
2026-08-21 07:15:49,18.81,4.01,75.43,594.55,13.99,5.23,73.17,97.0,PWM 77%,689400,42.4,220170,-64,MOUNTED,65812.4
2026-08-21 07:25:49,19.12,4.54,86.80,609.02,14.17,5.93,84.02,96.8,PWM 95%,690000,44.3,219869,-66,MOUNTED,74387.4
2026-08-21 07:35:49,18.92,4.19,79.27,622.23,14.05,5.46,76.65,96.7,PWM 83%,690600,43.1,213135,-66,MOUNTED,68986.5
2026-08-21 07:45:49,18.58,3.60,66.89,633.38,13.85,4.66,64.55,96.5,PWM 64%,691200,40.4,220797,-62,MOUNTED,59212.0
2026-08-21 07:55:49,18.70,3.81,71.25,645.25,13.92,4.93,68.61,96.3,PWM 71%,691800,40.9,216945,-66,MOUNTED,62667.0
2026-08-21 08:05:49,18.64,3.72,69.34,656.81,13.89,4.80,66.64,96.1,PWM 68%,692400,40.8,220732,-62,MOUNTED,60778.0
2026-08-21 08:15:49,18.48,3.43,63.39,667.37,13.79,4.41,60.85,96.0,PWM 59%,693000,41.1,215222,-64,MOUNTED,56213.9
2026-08-21 08:25:49,18.44,3.36,61.96,677.70,13.76,4.31,59.36,95.8,PWM 57%,693600,40.9,212198,-63,MOUNTED,54884.3
2026-08-21 08:35:49,18.43,3.34,61.56,687.96,13.76,4.27,58.79,95.5,PWM 56%,694200,40.1,217966,-67,MOUNTED,54942.6
2026-08-21 08:45:49,18.09,2.75,49.75,696.25,13.55,3.50,47.41,95.3,PWM 38%,694800,38.8,213858,-62,MOUNTED,45145.1
2026-08-21 08:55:49,17.99,2.59,46.59,704.02,13.49,3.28,44.31,95.1,PWM 33%,695400,38.6,222492,-64,MOUNTED,42498.2
2026-08-21 09:05:49,17.91,2.45,43.88,711.33,13.45,3.10,41.64,94.9,PWM 29%,696000,38.4,215980,-64,MOUNTED,40314.9
2026-08-21 09:15:49,17.87,2.38,42.53,718.42,13.42,3.00,40.28,94.7,PWM 27%,696600,37.4,217275,-63,MOUNTED,39357.1
2026-08-21 09:25:49,17.70,2.07,36.64,724.53,13.32,2.60,34.59,94.4,PWM 18%,697200,36.2,212348,-66,MOUNTED,33920.1
2026-08-21 09:35:49,17.67,2.02,35.69,730.47,13.30,2.53,33.62,94.2,PWM 16%,697800,36.2,213019,-62,MOUNTED,33183.2
2026-08-21 09:45:49,17.51,1.74,30.47,735.55,13.20,2.17,28.61,93.9,PWM 37%,698400,35.6,225494,-63,MOUNTED,28528.3
2026-08-21 09:55:49,17.27,1.33,22.97,739.38,13.06,1.65,21.52,93.7,PWM 24%,699000,35.3,218465,-66,MOUNTED,21984.9
2026-08-21 10:05:49,17.25,1.29,22.25,743.09,13.05,1.59,20.78,93.4,PWM 23%,699600,35.2,223255,-67,MOUNTED,21531.1
2026-08-21 10:15:49,17.10,1.03,17.61,746.02,12.96,1.27,16.41,93.2,PWM 15%,700200,33.5,217560,-64,MOUNTED,17289.8
2026-08-21 10:25:49,16.98,0.83,14.09,748.37,12.89,1.02,13.09,92.9,OFF,700800,33.6,218432,-66,MOUNTED,13657.2
2026-08-21 10:35:49,16.80,0.53,8.90,749.86,12.78,0.65,8.25,92.7,OFF,701400,32.1,217185,-64,MOUNTED,9021.4
2026-08-21 10:45:49,16.70,0.35,5.84,750.83,12.72,0.42,5.40,92.4,OFF,702000,31.3,212894,-62,MOUNTED,6029.3
2026-08-21 10:55:49,16.56,0.10,1.66,751.11,12.64,0.12,1.53,92.1,OFF,702600,31.4,214414,-67,MOUNTED,1721.4
2026-08-21 11:05:49,16.50,0.00,0.00,751.11,12.60,0.00,0.00,92.0,OFF,703200,31.8,214298,-65,MOUNTED,217.6
2026-08-21 11:15:49,16.50,0.00,0.00,751.11,12.60,0.00,0.00,92.0,OFF,703800,32.0,225802,-64,MOUNTED,130.8
2026-08-21 11:25:49,16.50,0.00,0.00,751.11,12.60,0.00,0.00,92.0,OFF,704400,30.8,225557,-64,MOUNTED,117.7
2026-08-21 11:35:49,16.50,0.00,0.00,751.11,12.60,0.00,0.00,92.0,OFF,705000,31.4,222854,-63,MOUNTED,215.6
2026-08-21 11:45:49,16.50,0.00,0.00,751.11,12.60,0.00,0.00,92.0,OFF,705600,32.0,212280,-67,MOUNTED,449.1
2026-08-21 11:55:49,16.50,0.00,0.00,751.11,12.60,0.00,0.00,92.0,OFF,706200,31.7,224584,-66,MOUNTED,93.0
2026-08-21 23:05:49,16.56,0.11,1.82,0.30,12.64,0.13,1.68,92.1,OFF,746400,31.5,212036,-64,MOUNTED,2222.1
2026-08-21 23:15:49,16.71,0.37,6.18,1.33,12.73,0.45,5.71,92.4,OFF,747000,31.5,213605,-62,MOUNTED,6203.2
2026-08-21 23:25:49,16.84,0.59,9.94,2.99,12.80,0.72,9.21,92.7,OFF,747600,30.9,222778,-62,MOUNTED,9830.6
2026-08-21 23:35:49,16.92,0.73,12.35,5.05,12.85,0.89,11.47,92.9,OFF,748200,33.6,216357,-65,MOUNTED,12212.9
2026-08-21 23:45:49,17.07,0.99,16.90,7.86,12.94,1.22,15.75,93.2,PWM 13%,748800,33.6,223669,-63,MOUNTED,16482.0
2026-08-21 23:55:49,17.15,1.12,19.21,11.07,12.99,1.38,17.94,93.4,PWM 17%,749400,34.0,213177,-62,MOUNTED,18554.3
2026-08-22 00:05:49,17.27,1.34,23.14,14.92,13.06,1.66,21.68,93.7,PWM 24%,750000,34.5,223616,-67,MOUNTED,21965.7
2026-08-22 00:15:49,17.42,1.59,27.70,19.54,13.15,1.98,26.01,93.9,PWM 32%,750600,35.7,213746,-62,MOUNTED,26508.0
2026-08-22 00:25:49,17.51,1.75,30.64,24.65,13.21,2.18,28.86,94.2,PWM 37%,751200,36.2,222473,-62,MOUNTED,29065.1
2026-08-22 00:35:49,17.61,1.93,33.99,30.31,13.27,2.42,32.09,94.4,PWM 43%,751800,36.4,225369,-64,MOUNTED,31680.0
2026-08-22 00:45:49,17.71,2.10,37.19,36.51,13.33,2.64,35.22,94.7,PWM 18%,752400,36.3,215419,-63,MOUNTED,34527.0
2026-08-22 00:55:49,18.00,2.61,46.98,44.34,13.50,3.30,44.58,94.9,PWM 34%,753000,38.8,213293,-66,MOUNTED,42688.3
2026-08-22 01:05:49,18.17,2.89,52.51,53.09,13.60,3.67,49.94,95.1,PWM 42%,753600,39.4,215807,-67,MOUNTED,47244.7
2026-08-22 01:15:49,18.07,2.73,49.33,61.31,13.54,3.47,47.01,95.3,PWM 37%,754200,38.4,224408,-66,MOUNTED,44961.3
2026-08-22 01:25:49,18.43,3.35,61.74,71.60,13.76,4.28,58.96,95.5,PWM 56%,754800,41.0,214320,-67,MOUNTED,55053.8
2026-08-22 01:35:49,18.21,2.97,54.08,80.62,13.63,3.80,51.81,95.8,PWM 44%,755400,39.6,215851,-66,MOUNTED,48896.8
2026-08-22 01:45:49,18.40,3.29,60.54,90.71,13.74,4.23,58.12,96.0,PWM 54%,756000,40.5,224296,-66,MOUNTED,53967.9
2026-08-22 01:55:49,18.70,3.81,71.25,102.58,13.92,4.92,68.47,96.1,PWM 71%,756600,41.1,225051,-67,MOUNTED,62392.2
2026-08-22 02:05:49,18.86,4.08,76.95,115.41,14.01,5.29,74.10,96.3,PWM 80%,757200,43.2,223342,-66,MOUNTED,67179.8
2026-08-22 02:15:49,18.66,3.75,69.97,127.07,13.90,4.86,67.52,96.5,PWM 69%,757800,41.6,216613,-64,MOUNTED,61431.5
2026-08-22 02:25:49,18.68,3.78,70.61,138.84,13.91,4.91,68.28,96.7,PWM 70%,758400,41.2,215810,-65,MOUNTED,62241.7
2026-08-22 02:35:49,18.71,3.82,71.47,150.75,13.92,4.97,69.18,96.8,PWM 71%,759000,42.4,223578,-63,MOUNTED,62634.6
2026-08-22 02:45:49,18.81,4.01,75.43,163.32,13.99,5.23,73.17,97.0,PWM 77%,759600,41.7,223329,-64,MOUNTED,65764.2
2026-08-22 02:55:49,19.22,4.71,90.53,178.41,14.23,6.18,87.90,97.1,PWM 100%,760200,44.0,216311,-63,MOUNTED,77497.5
2026-08-22 03:05:49,19.16,4.61,88.33,193.13,14.19,6.06,85.95,97.3,PWM 97%,760800,43.6,214878,-65,MOUNTED,75748.6
2026-08-22 03:15:49,19.10,4.51,86.14,207.49,14.16,5.93,83.90,97.4,PWM 94%,761400,43.6,225929,-64,MOUNTED,73834.7
2026-08-22 03:25:49,19.45,5.11,99.39,224.05,14.37,6.74,96.91,97.5,PWM 100%,762000,46.0,214880,-62,MOUNTED,83803.4
2026-08-22 03:35:49,19.32,4.89,94.47,239.80,14.29,6.45,92.20,97.6,PWM 100%,762600,45.6,220648,-62,MOUNTED,79982.4
2026-08-22 03:45:49,19.07,4.45,84.86,253.94,14.14,5.86,82.91,97.7,PWM 92%,763200,43.9,212310,-64,MOUNTED,72770.9
2026-08-22 03:55:49,19.62,5.40,105.95,271.60,14.47,7.16,103.62,97.8,PWM 100%,763800,46.4,221290,-64,MOUNTED,88409.4
2026-08-22 04:05:49,19.40,5.02,97.39,287.83,14.34,6.64,95.25,97.8,PWM 100%,764400,44.8,214097,-62,MOUNTED,82497.9
2026-08-22 04:15:49,19.65,5.46,107.29,305.71,14.49,7.25,105.04,97.9,PWM 100%,765000,46.9,218741,-65,MOUNTED,89377.1
2026-08-22 04:25:49,19.21,4.70,90.29,320.76,14.23,6.21,88.39,97.9,PWM 100%,765600,43.9,218001,-66,MOUNTED,77041.0
2026-08-22 04:35:49,19.58,5.35,104.75,338.22,14.45,7.10,102.66,98.0,PWM 100%,766200,46.9,225285,-64,MOUNTED,87655.6
2026-08-22 04:45:49,19.35,4.94,95.59,354.15,14.31,6.55,93.68,98.0,PWM 100%,766800,45.8,212124,-64,MOUNTED,81231.4
2026-08-22 04:55:49,19.76,5.66,111.84,372.79,14.56,7.53,109.60,98.0,PWM 100%,767400,47.2,215359,-62,MOUNTED,92667.1
2026-08-22 05:05:49,19.24,4.75,91.39,388.02,14.24,6.29,89.56,98.0,PWM 100%,768000,44.5,218896,-66,MOUNTED,77668.6
2026-08-22 05:15:49,19.70,5.54,109.14,406.21,14.52,7.37,106.96,98.0,PWM 100%,768600,46.8,222142,-64,MOUNTED,90590.4
2026-08-22 05:25:49,19.28,4.82,92.93,421.70,14.27,6.38,91.07,98.0,PWM 100%,769200,44.3,224338,-66,MOUNTED,79027.1
2026-08-22 05:35:49,19.17,4.63,88.76,436.49,14.20,6.12,86.90,97.9,PWM 98%,769800,44.0,222351,-62,MOUNTED,76081.3
2026-08-22 05:45:49,19.70,5.54,109.14,454.68,14.52,7.36,106.85,97.9,PWM 100%,770400,47.4,225640,-64,MOUNTED,91006.0
2026-08-22 05:55:49,19.34,4.93,95.35,470.58,14.31,6.52,93.25,97.8,PWM 100%,771000,45.0,222192,-62,MOUNTED,80717.3
2026-08-22 06:05:49,19.48,5.16,100.52,487.33,14.39,6.83,98.31,97.8,PWM 100%,771600,45.7,214506,-65,MOUNTED,84762.8
2026-08-22 06:15:49,19.10,4.50,85.95,501.65,14.16,5.93,83.97,97.7,PWM 94%,772200,44.2,215302,-66,MOUNTED,73709.5
2026-08-22 06:25:49,19.10,4.51,86.14,516.01,14.16,5.94,84.07,97.6,PWM 94%,772800,43.5,216484,-63,MOUNTED,74099.3
2026-08-22 06:35:49,19.35,4.93,95.40,531.91,14.31,6.50,93.02,97.5,PWM 100%,773400,45.2,218749,-67,MOUNTED,80905.9
2026-08-22 06:45:49,19.21,4.70,90.29,546.96,14.23,6.18,87.94,97.4,PWM 100%,774000,44.2,222782,-67,MOUNTED,76857.6
2026-08-22 06:55:49,19.30,4.85,93.60,562.56,14.28,6.38,91.07,97.3,PWM 100%,774600,44.2,222164,-62,MOUNTED,79617.2
2026-08-22 07:05:49,19.02,4.37,83.12,576.41,14.11,5.72,80.71,97.1,PWM 89%,775200,43.8,223523,-63,MOUNTED,71370.5
2026-08-22 07:15:49,19.08,4.47,85.29,590.63,14.15,5.85,82.73,97.0,PWM 93%,775800,43.1,213233,-62,MOUNTED,73210.8
2026-08-22 07:25:49,19.00,4.33,82.27,604.34,14.10,5.65,79.64,96.8,PWM 88%,776400,43.6,225570,-63,MOUNTED,71086.8
2026-08-22 07:35:49,19.07,4.46,85.05,618.51,14.14,5.82,82.24,96.7,PWM 92%,777000,44.2,217414,-64,MOUNTED,73129.4
2026-08-22 07:45:49,18.57,3.59,66.67,629.63,13.84,4.65,64.34,96.5,PWM 64%,777600,40.8,213142,-66,MOUNTED,58980.4
2026-08-22 07:55:49,18.87,4.10,77.37,642.52,14.02,5.31,74.51,96.3,PWM 80%,778200,42.7,219399,-64,MOUNTED,67366.0
2026-08-22 08:05:49,18.45,3.39,62.55,652.94,13.77,4.37,60.11,96.1,PWM 58%,778800,41.1,219384,-67,MOUNTED,55744.6
2026-08-22 08:15:49,18.48,3.43,63.39,663.51,13.79,4.41,60.85,96.0,PWM 59%,779400,40.9,224355,-64,MOUNTED,56262.9
2026-08-22 08:25:49,18.23,2.99,54.51,672.60,13.64,3.83,52.22,95.8,PWM 45%,780000,39.9,223054,-63,MOUNTED,49004.5
2026-08-22 08:35:49,18.11,2.79,50.53,681.02,13.57,3.56,48.26,95.5,PWM 39%,780600,38.4,215383,-64,MOUNTED,45871.7
2026-08-22 08:45:49,18.29,3.10,56.70,690.47,13.67,3.95,54.04,95.3,PWM 49%,781200,40.0,216528,-63,MOUNTED,50787.4
2026-08-22 08:55:49,17.96,2.54,45.62,698.07,13.48,3.22,43.38,95.1,PWM 31%,781800,37.6,216540,-65,MOUNTED,41875.2
2026-08-22 09:05:49,17.89,2.41,43.11,705.25,13.43,3.05,40.91,94.9,PWM 28%,782400,37.6,221418,-67,MOUNTED,39604.1
2026-08-22 09:15:49,17.75,2.17,38.52,711.67,13.35,2.73,36.48,94.7,PWM 20%,783000,37.5,219453,-64,MOUNTED,35913.0
2026-08-22 09:25:49,17.72,2.12,37.57,717.94,13.33,2.66,35.47,94.4,PWM 19%,783600,36.9,220610,-67,MOUNTED,34686.2
2026-08-22 09:35:49,17.67,2.03,35.87,723.91,13.30,2.54,33.79,94.2,PWM 16%,784200,36.2,223839,-63,MOUNTED,33530.4
2026-08-22 09:45:49,17.52,1.77,31.01,729.08,13.21,2.20,29.12,93.9,PWM 38%,784800,35.7,224423,-63,MOUNTED,29162.1
2026-08-22 09:55:49,17.34,1.46,25.32,733.30,13.11,1.81,23.72,93.7,PWM 28%,785400,35.0,221420,-64,MOUNTED,24123.6
2026-08-22 10:05:49,17.27,1.33,22.97,737.13,13.06,1.64,21.45,93.4,PWM 24%,786000,34.5,219131,-67,MOUNTED,21859.9
2026-08-22 10:15:49,17.13,1.10,18.84,740.27,12.98,1.35,17.56,93.2,PWM 17%,786600,33.6,212769,-67,MOUNTED,18019.7
2026-08-22 10:25:49,16.95,0.79,13.39,742.50,12.87,0.97,12.44,92.9,OFF,787200,32.8,219136,-66,MOUNTED,13268.3
2026-08-22 10:35:49,16.81,0.54,9.08,744.02,12.79,0.66,8.42,92.7,OFF,787800,30.9,220870,-66,MOUNTED,8930.5
2026-08-22 10:45:49,16.71,0.36,6.02,745.02,12.73,0.44,5.56,92.4,OFF,788400,31.9,223904,-64,MOUNTED,5951.3
2026-08-22 10:55:49,16.57,0.11,1.82,745.32,12.64,0.13,1.68,92.1,OFF,789000,31.6,218946,-63,MOUNTED,2285.0
2026-08-22 11:05:49,16.50,0.00,0.00,745.32,12.60,0.00,0.00,92.0,OFF,789600,32.1,216798,-67,MOUNTED,478.7
2026-08-22 11:15:49,16.50,0.00,0.00,745.32,12.60,0.00,0.00,92.0,OFF,790200,31.2,216503,-65,MOUNTED,483.1
2026-08-22 11:25:49,16.50,0.00,0.00,745.32,12.60,0.00,0.00,92.0,OFF,790800,31.8,221403,-65,MOUNTED,336.4
2026-08-22 11:35:49,16.50,0.00,0.00,745.32,12.60,0.00,0.00,92.0,OFF,791400,31.9,216185,-67,MOUNTED,38.1
2026-08-22 11:45:49,16.50,0.00,0.00,745.32,12.60,0.00,0.00,92.0,OFF,792000,31.4,215232,-66,MOUNTED,3.9
2026-08-22 11:55:49,16.50,0.00,0.00,745.32,12.60,0.00,0.00,92.0,OFF,792600,32.0,216963,-67,MOUNTED,258.8
2026-08-22 23:05:49,16.57,0.12,1.99,0.33,12.64,0.14,1.83,92.1,OFF,832800,32.1,220220,-67,MOUNTED,2037.1
2026-08-22 23:15:49,16.71,0.36,6.02,1.33,12.72,0.44,5.56,92.4,OFF,833400,32.2,215412,-63,MOUNTED,6245.8
2026-08-22 23:25:49,16.81,0.54,9.08,2.85,12.79,0.66,8.42,92.7,OFF,834000,31.2,217065,-62,MOUNTED,9158.3
2026-08-22 23:35:49,17.00,0.86,14.62,5.29,12.90,1.05,13.58,92.9,OFF,834600,33.6,221120,-64,MOUNTED,14159.3
2026-08-22 23:45:49,17.14,1.11,19.03,8.46,12.98,1.37,17.74,93.2,PWM 17%,835200,34.9,214537,-64,MOUNTED,18249.6
2026-08-22 23:55:49,17.25,1.30,22.43,12.20,13.05,1.61,20.95,93.4,PWM 23%,835800,34.9,219768,-64,MOUNTED,21328.6
2026-08-23 00:05:49,17.30,1.38,23.87,16.17,13.08,1.71,22.37,93.7,PWM 26%,836400,34.9,223617,-66,MOUNTED,22864.0
2026-08-23 00:15:49,17.44,1.63,28.43,20.91,13.17,2.03,26.70,93.9,PWM 34%,837000,35.3,212639,-64,MOUNTED,26742.4
2026-08-23 00:25:49,17.53,1.78,31.20,26.11,13.22,2.22,29.39,94.2,PWM 38%,837600,35.8,219297,-62,MOUNTED,29521.2
2026-08-23 00:35:49,17.59,1.89,33.25,31.65,13.26,2.37,31.39,94.4,PWM 42%,838200,36.6,220792,-65,MOUNTED,31229.2
2026-08-23 00:45:49,17.79,2.23,39.67,38.26,13.37,2.81,37.57,94.7,PWM 22%,838800,37.4,216506,-66,MOUNTED,36545.6
2026-08-23 00:55:49,18.00,2.60,46.80,46.06,13.50,3.29,44.41,94.9,PWM 33%,839400,38.2,225844,-66,MOUNTED,42896.2
2026-08-23 01:05:49,17.91,2.44,43.70,53.35,13.44,3.09,41.56,95.1,PWM 28%,840000,38.3,223756,-65,MOUNTED,40322.4
2026-08-23 01:15:49,18.23,3.00,54.69,62.46,13.64,3.82,52.12,95.3,PWM 45%,840600,39.8,216733,-67,MOUNTED,49466.9
2026-08-23 01:25:49,18.15,2.85,51.73,71.08,13.59,3.64,49.40,95.5,PWM 41%,841200,38.9,220199,-65,MOUNTED,47067.1
2026-08-23 01:35:49,18.26,3.04,55.51,80.34,13.65,3.90,53.18,95.8,PWM 47%,841800,39.4,213886,-65,MOUNTED,50108.5
2026-08-23 01:45:49,18.66,3.75,69.97,92.00,13.90,4.83,67.17,96.0,PWM 69%,842400,41.9,214888,-62,MOUNTED,61515.2
2026-08-23 01:55:49,18.51,3.48,64.41,102.73,13.80,4.49,61.90,96.1,PWM 60%,843000,41.4,217067,-64,MOUNTED,57127.1
2026-08-23 02:05:49,18.59,3.62,67.30,113.95,13.85,4.68,64.81,96.3,PWM 65%,843600,40.9,221254,-63,MOUNTED,59280.0
2026-08-23 02:15:49,18.65,3.73,69.56,125.54,13.89,4.83,67.13,96.5,PWM 68%,844200,40.7,219729,-63,MOUNTED,60986.9
2026-08-23 02:25:49,19.06,4.44,84.63,139.65,14.14,5.79,81.84,96.7,PWM 92%,844800,43.9,219499,-62,MOUNTED,72988.0
2026-08-23 02:35:49,18.88,4.13,77.97,152.64,14.03,5.38,75.47,96.8,PWM 81%,845400,42.8,220508,-65,MOUNTED,67546.1
2026-08-23 02:45:49,18.88,4.12,77.79,165.61,14.03,5.38,75.46,97.0,PWM 81%,846000,42.3,214789,-62,MOUNTED,67660.0
2026-08-23 02:55:49,19.08,4.46,85.10,179.79,14.15,5.84,82.63,97.1,PWM 92%,846600,43.8,221514,-64,MOUNTED,73198.5
2026-08-23 03:05:49,19.19,4.66,89.43,194.70,14.21,6.12,87.02,97.3,PWM 99%,847200,43.9,214491,-66,MOUNTED,76587.4
2026-08-23 03:15:49,19.04,4.40,83.78,208.66,14.12,5.78,81.60,97.4,PWM 90%,847800,42.9,222157,-67,MOUNTED,72038.7
2026-08-23 03:25:49,19.39,5.01,97.14,224.85,14.33,6.61,94.71,97.5,PWM 100%,848400,45.6,220267,-65,MOUNTED,81995.1
2026-08-23 03:35:49,19.53,5.26,102.73,241.97,14.42,6.95,100.26,97.6,PWM 100%,849000,46.4,221539,-63,MOUNTED,86250.9
2026-08-23 03:45:49,19.38,4.99,96.71,258.09,14.33,6.59,94.49,97.7,PWM 100%,849600,45.0,224417,-64,MOUNTED,81508.5
2026-08-23 03:55:49,19.38,4.99,96.71,274.21,14.33,6.60,94.58,97.8,PWM 100%,850200,45.5,220281,-67,MOUNTED,81587.5
2026-08-23 04:05:49,19.44,5.10,99.14,290.73,14.37,6.75,96.96,97.8,PWM 100%,850800,44.9,216364,-64,MOUNTED,83654.6
2026-08-23 04:15:49,19.44,5.10,99.14,307.25,14.37,6.75,97.06,97.9,PWM 100%,851400,46.4,223310,-63,MOUNTED,83598.2
2026-08-23 04:25:49,19.60,5.37,105.25,324.80,14.46,7.13,103.04,97.9,PWM 100%,852000,46.0,223096,-62,MOUNTED,88150.9
2026-08-23 04:35:49,19.33,4.90,94.72,340.58,14.30,6.49,92.83,98.0,PWM 100%,852600,44.4,218516,-64,MOUNTED,80075.1
2026-08-23 04:45:49,19.30,4.85,93.60,356.18,14.28,6.42,91.73,98.0,PWM 100%,853200,44.3,216215,-66,MOUNTED,79389.3
2026-08-23 04:55:49,19.58,5.34,104.56,373.61,14.45,7.09,102.47,98.0,PWM 100%,853800,45.8,224505,-67,MOUNTED,87540.4
2026-08-23 05:05:49,19.49,5.18,100.96,390.44,14.39,6.88,98.94,98.0,PWM 100%,854400,45.8,215630,-64,MOUNTED,84991.4
2026-08-23 05:15:49,19.23,4.74,91.15,405.63,14.24,6.27,89.33,98.0,PWM 100%,855000,44.5,213380,-66,MOUNTED,77924.7
2026-08-23 05:25:49,19.61,5.40,105.89,423.28,14.47,7.17,103.77,98.0,PWM 100%,855600,46.7,225913,-67,MOUNTED,88486.9
2026-08-23 05:35:49,19.63,5.42,106.39,441.01,14.48,7.19,104.16,97.9,PWM 100%,856200,46.3,217034,-66,MOUNTED,88694.6
2026-08-23 05:45:49,19.18,4.65,89.19,455.87,14.21,6.14,87.32,97.9,PWM 99%,856800,44.3,215013,-65,MOUNTED,76366.9
2026-08-23 05:55:49,19.44,5.09,98.95,472.37,14.36,6.74,96.77,97.8,PWM 100%,857400,45.9,221072,-64,MOUNTED,83451.2
2026-08-23 06:05:49,19.56,5.31,103.86,489.68,14.44,7.03,101.58,97.8,PWM 100%,858000,46.9,213736,-62,MOUNTED,87200.6
2026-08-23 06:15:49,19.11,4.53,86.57,504.10,14.17,5.97,84.58,97.7,PWM 95%,858600,44.1,218807,-64,MOUNTED,74207.9
2026-08-23 06:25:49,19.25,4.76,91.63,519.38,14.25,6.28,89.43,97.6,PWM 100%,859200,44.7,217882,-62,MOUNTED,77978.0
2026-08-23 06:35:49,19.47,5.15,100.27,536.09,14.38,6.80,97.76,97.5,PWM 100%,859800,45.8,215806,-66,MOUNTED,84658.8
2026-08-23 06:45:49,19.07,4.46,85.05,550.26,14.14,5.86,82.84,97.4,PWM 92%,860400,43.5,222249,-66,MOUNTED,73335.1
2026-08-23 06:55:49,19.39,5.01,97.14,566.45,14.33,6.60,94.52,97.3,PWM 100%,861000,45.0,222896,-63,MOUNTED,82316.9
2026-08-23 07:05:49,19.13,4.56,87.23,580.99,14.18,5.97,84.70,97.1,PWM 96%,861600,44.0,215035,-67,MOUNTED,74746.2
2026-08-23 07:15:49,19.19,4.67,89.62,595.93,14.22,6.11,86.93,97.0,PWM 99%,862200,43.7,223083,-64,MOUNTED,76361.4
2026-08-23 07:25:49,19.15,4.60,88.09,610.61,14.19,6.01,85.27,96.8,PWM 97%,862800,43.9,224142,-63,MOUNTED,75238.9
2026-08-23 07:35:49,18.86,4.09,77.14,623.46,14.02,5.32,74.59,96.7,PWM 80%,863400,43.2,217058,-62,MOUNTED,66965.8
2026-08-23 07:45:49,18.72,3.85,72.07,635.48,13.93,4.99,69.55,96.5,PWM 72%,864000,41.4,223292,-63,MOUNTED,63431.9
2026-08-23 07:55:49,18.61,3.65,67.93,646.80,13.86,4.72,65.42,96.3,PWM 66%,864600,40.5,221284,-62,MOUNTED,60072.4
2026-08-23 08:05:49,18.43,3.35,61.74,657.09,13.76,4.31,59.33,96.1,PWM 56%,865200,40.1,213229,-63,MOUNTED,55002.1
2026-08-23 08:15:49,18.40,3.29,60.54,667.18,13.74,4.23,58.12,96.0,PWM 54%,865800,39.6,215328,-65,MOUNTED,53751.5
2026-08-23 08:25:49,18.30,3.12,57.10,676.69,13.68,4.00,54.70,95.8,PWM 49%,866400,39.9,218716,-65,MOUNTED,51405.6
2026-08-23 08:35:49,18.25,3.03,55.30,685.91,13.65,3.87,52.81,95.5,PWM 46%,867000,39.8,221104,-63,MOUNTED,49482.0
2026-08-23 08:45:49,18.25,3.03,55.30,695.13,13.65,3.86,52.70,95.3,PWM 46%,867600,40.1,222866,-64,MOUNTED,49735.7
2026-08-23 08:55:49,18.17,2.89,52.51,703.88,13.60,3.67,49.94,95.1,PWM 42%,868200,39.4,216580,-62,MOUNTED,47706.9
2026-08-23 09:05:49,17.84,2.32,41.39,710.78,13.40,2.93,39.28,94.9,PWM 25%,868800,37.0,218399,-66,MOUNTED,38208.4
2026-08-23 09:15:49,17.74,2.15,38.14,717.13,13.34,2.71,36.12,94.7,PWM 20%,869400,36.4,217407,-66,MOUNTED,35209.0
2026-08-23 09:25:49,17.82,2.28,40.63,723.91,13.39,2.86,38.35,94.4,PWM 24%,870000,36.9,225583,-65,MOUNTED,37417.0
2026-08-23 09:35:49,17.48,1.70,29.72,728.86,13.19,2.12,28.00,94.2,PWM 36%,870600,35.7,225552,-63,MOUNTED,28149.9
2026-08-23 09:45:49,17.56,1.83,32.13,734.21,13.23,2.28,30.17,93.9,PWM 40%,871200,35.4,215216,-63,MOUNTED,30352.7
2026-08-23 09:55:49,17.27,1.33,22.97,738.04,13.06,1.65,21.52,93.7,PWM 24%,871800,34.4,212735,-63,MOUNTED,22098.4
2026-08-23 10:05:49,17.16,1.15,19.73,741.33,13.00,1.42,18.43,93.4,PWM 18%,872400,34.3,219840,-62,MOUNTED,18878.9
2026-08-23 10:15:49,17.13,1.09,18.67,744.44,12.98,1.34,17.40,93.2,PWM 16%,873000,34.2,224806,-64,MOUNTED,17945.1
2026-08-23 10:25:49,16.92,0.73,12.35,746.50,12.85,0.89,11.47,92.9,OFF,873600,32.9,217829,-67,MOUNTED,12418.7
2026-08-23 10:35:49,16.83,0.56,9.42,748.07,12.80,0.68,8.73,92.7,OFF,874200,31.6,219976,-64,MOUNTED,9388.4
2026-08-23 10:45:49,16.69,0.34,5.67,749.02,12.72,0.41,5.24,92.4,OFF,874800,31.6,222897,-64,MOUNTED,5665.4
2026-08-23 10:55:49,16.57,0.12,1.99,749.35,12.64,0.14,1.83,92.1,OFF,875400,31.9,221868,-66,MOUNTED,2251.4
2026-08-23 11:05:49,16.50,0.00,0.00,749.35,12.60,0.00,0.00,92.0,OFF,876000,31.7,223220,-63,MOUNTED,132.1
2026-08-23 11:15:49,16.50,0.00,0.00,749.35,12.60,0.00,0.00,92.0,OFF,876600,31.9,223732,-65,MOUNTED,444.5
2026-08-23 11:25:49,16.50,0.00,0.00,749.35,12.60,0.00,0.00,92.0,OFF,877200,32.0,212059,-63,MOUNTED,13.9
2026-08-23 11:35:49,16.50,0.00,0.00,749.35,12.60,0.00,0.00,92.0,OFF,877800,31.9,217043,-62,MOUNTED,187.8
2026-08-23 11:45:49,16.50,0.00,0.00,749.35,12.60,0.00,0.00,92.0,OFF,878400,32.0,225532,-66,MOUNTED,111.8
2026-08-23 11:55:49,16.50,0.00,0.00,749.35,12.60,0.00,0.00,92.0,OFF,879000,30.8,215973,-65,MOUNTED,36.0
2026-08-23 23:05:49,16.56,0.11,1.82,0.30,12.64,0.13,1.68,92.1,OFF,919200,31.2,216532,-65,MOUNTED,1824.8
2026-08-23 23:15:49,16.70,0.34,5.68,1.25,12.72,0.41,5.25,92.4,OFF,919800,31.4,221106,-62,MOUNTED,5875.6
2026-08-23 23:25:49,16.80,0.52,8.74,2.71,12.78,0.63,8.10,92.7,OFF,920400,31.2,224216,-65,MOUNTED,8692.4
2026-08-23 23:35:49,16.91,0.72,12.18,4.74,12.85,0.88,11.32,92.9,OFF,921000,33.9,225877,-62,MOUNTED,12164.3
2026-08-23 23:45:49,17.12,1.07,18.32,7.79,12.97,1.32,17.07,93.2,PWM 16%,921600,33.8,215762,-65,MOUNTED,17809.8
2026-08-23 23:55:49,17.28,1.36,23.50,11.71,13.07,1.68,21.95,93.4,PWM 25%,922200,34.2,224409,-66,MOUNTED,22543.4
2026-08-24 00:05:49,17.29,1.36,23.51,15.62,13.07,1.69,22.03,93.7,PWM 25%,922800,34.8,213209,-62,MOUNTED,22594.5
2026-08-24 00:15:49,17.54,1.80,31.57,20.89,13.22,2.24,29.64,93.9,PWM 39%,923400,35.5,218897,-67,MOUNTED,29795.4
2026-08-24 00:25:49,17.62,1.93,34.01,26.55,13.27,2.41,32.04,94.2,PWM 43%,924000,36.4,221388,-66,MOUNTED,31649.9
2026-08-24 00:35:49,17.59,1.89,33.25,32.10,13.26,2.37,31.39,94.4,PWM 42%,924600,35.9,223175,-66,MOUNTED,31010.0
2026-08-24 00:45:49,17.73,2.13,37.76,38.39,13.34,2.68,35.76,94.7,PWM 19%,925200,36.8,216573,-63,MOUNTED,35208.5
2026-08-24 00:55:49,17.82,2.28,40.63,45.16,13.39,2.88,38.56,94.9,PWM 24%,925800,37.2,224034,-66,MOUNTED,37471.6
2026-08-24 01:05:49,17.98,2.56,46.03,52.83,13.49,3.24,43.77,95.1,PWM 32%,926400,37.7,216163,-66,MOUNTED,42096.9
2026-08-24 01:15:49,18.09,2.75,49.75,61.13,13.55,3.50,47.41,95.3,PWM 38%,927000,38.1,224574,-66,MOUNTED,45053.9
2026-08-24 01:25:49,18.18,2.92,53.09,69.97,13.61,3.73,50.70,95.5,PWM 43%,927600,39.1,216154,-64,MOUNTED,47706.9
2026-08-24 01:35:49,18.53,3.51,65.04,80.81,13.82,4.51,62.31,95.8,PWM 61%,928200,41.5,223106,-62,MOUNTED,57565.7
2026-08-24 01:45:49,18.44,3.37,62.14,91.17,13.77,4.33,59.65,96.0,PWM 57%,928800,39.9,221338,-62,MOUNTED,55053.5
2026-08-24 01:55:49,18.67,3.76,70.20,102.87,13.90,4.85,67.46,96.1,PWM 69%,929400,41.3,221576,-64,MOUNTED,61451.6
2026-08-24 02:05:49,18.53,3.51,65.04,113.71,13.82,4.53,62.63,96.3,PWM 61%,930000,40.8,218671,-67,MOUNTED,57454.4
2026-08-24 02:15:49,18.95,4.25,80.54,127.13,14.07,5.52,77.72,96.5,PWM 85%,930600,43.1,219625,-64,MOUNTED,69734.1
2026-08-24 02:25:49,19.01,4.36,82.88,140.95,14.11,5.68,80.14,96.7,PWM 89%,931200,43.9,218637,-63,MOUNTED,71526.5
2026-08-24 02:35:49,18.78,3.95,74.18,153.31,13.97,5.14,71.81,96.8,PWM 76%,931800,41.4,225737,-66,MOUNTED,64877.4
2026-08-24 02:45:49,18.96,4.27,80.96,166.80,14.08,5.58,78.53,97.0,PWM 86%,932400,43.5,221902,-64,MOUNTED,70189.7
2026-08-24 02:55:49,19.06,4.43,84.44,180.88,14.13,5.80,81.99,97.1,PWM 91%,933000,43.2,215792,-66,MOUNTED,72843.9
2026-08-24 03:05:49,19.14,4.58,87.66,195.49,14.18,6.01,85.29,97.3,PWM 96%,933600,44.4,224084,-62,MOUNTED,75231.4
2026-08-24 03:15:49,19.15,4.59,87.90,210.14,14.19,6.03,85.61,97.4,PWM 97%,934200,44.6,218922,-63,MOUNTED,75240.4
2026-08-24 03:25:49,19.15,4.60,88.09,224.82,14.19,6.05,85.89,97.5,PWM 97%,934800,43.7,220932,-63,MOUNTED,75483.1
2026-08-24 03:35:49,19.12,4.55,87.00,239.32,14.17,5.99,84.91,97.6,PWM 95%,935400,44.0,219674,-66,MOUNTED,74824.0
2026-08-24 03:45:49,19.09,4.49,85.71,253.60,14.15,5.92,83.74,97.7,PWM 93%,936000,43.7,225415,-62,MOUNTED,73831.4
2026-08-24 03:55:49,19.21,4.69,90.09,268.62,14.22,6.20,88.11,97.8,PWM 100%,936600,44.5,214205,-65,MOUNTED,76856.6
2026-08-24 04:05:49,19.29,4.83,93.17,284.15,14.27,6.39,91.12,97.8,PWM 100%,937200,45.3,223566,-66,MOUNTED,79016.7
2026-08-24 04:15:49,19.20,4.68,89.86,299.12,14.22,6.19,87.97,97.9,PWM 100%,937800,43.8,220182,-63,MOUNTED,76538.7
2026-08-24 04:25:49,19.20,4.69,90.05,314.13,14.22,6.20,88.16,97.9,PWM 100%,938400,43.9,221480,-64,MOUNTED,76758.1
2026-08-24 04:35:49,19.67,5.49,107.99,332.13,14.50,7.30,105.83,98.0,PWM 100%,939000,46.4,213480,-67,MOUNTED,90091.1
2026-08-24 04:45:49,19.64,5.44,106.84,349.94,14.48,7.23,104.70,98.0,PWM 100%,939600,47.0,219353,-62,MOUNTED,89122.9
2026-08-24 04:55:49,19.65,5.46,107.29,367.82,14.49,7.26,105.14,98.0,PWM 100%,940200,46.6,218318,-62,MOUNTED,89352.7
2026-08-24 05:05:49,19.72,5.59,110.23,386.19,14.53,7.43,108.03,98.0,PWM 100%,940800,47.9,219920,-64,MOUNTED,91711.9
2026-08-24 05:15:49,19.38,4.99,96.71,402.31,14.33,6.61,94.78,98.0,PWM 100%,941400,45.3,217359,-64,MOUNTED,81805.5
2026-08-24 05:25:49,19.24,4.76,91.58,417.57,14.25,6.30,89.75,98.0,PWM 100%,942000,45.2,221275,-65,MOUNTED,78111.9
2026-08-24 05:35:49,19.47,5.15,100.27,434.28,14.38,6.83,98.16,97.9,PWM 100%,942600,46.2,219902,-62,MOUNTED,84305.3
2026-08-24 05:45:49,19.61,5.39,105.70,451.90,14.47,7.15,103.48,97.9,PWM 100%,943200,47.1,214983,-67,MOUNTED,88173.3
2026-08-24 05:55:49,19.31,4.87,94.04,467.57,14.29,6.44,91.97,97.8,PWM 100%,943800,44.9,221818,-62,MOUNTED,80054.3
2026-08-24 06:05:49,19.33,4.90,94.72,483.36,14.30,6.48,92.64,97.8,PWM 100%,944400,44.8,225010,-62,MOUNTED,80470.4
2026-08-24 06:15:49,19.45,5.11,99.39,499.93,14.37,6.76,97.10,97.7,PWM 100%,945000,45.7,215492,-63,MOUNTED,83549.0
2026-08-24 06:25:49,19.53,5.25,102.53,517.01,14.42,6.94,100.07,97.6,PWM 100%,945600,45.5,222324,-62,MOUNTED,86247.8
2026-08-24 06:35:49,19.49,5.19,101.15,533.87,14.40,6.85,98.62,97.5,PWM 100%,946200,45.4,222040,-64,MOUNTED,84959.8
2026-08-24 06:45:49,19.30,4.86,93.80,549.50,14.28,6.40,91.36,97.4,PWM 100%,946800,45.5,214658,-66,MOUNTED,79630.8
2026-08-24 06:55:49,19.08,4.47,85.29,563.72,14.15,5.87,82.99,97.3,PWM 93%,947400,44.1,221217,-67,MOUNTED,73502.3
2026-08-24 07:05:49,19.03,4.38,83.35,577.61,14.12,5.73,80.93,97.1,PWM 90%,948000,43.3,223251,-64,MOUNTED,71780.7
2026-08-24 07:15:49,19.01,4.35,82.69,591.39,14.11,5.68,80.21,97.0,PWM 89%,948600,43.0,221980,-66,MOUNTED,71513.9
2026-08-24 07:25:49,18.95,4.25,80.54,604.82,14.07,5.54,77.96,96.8,PWM 85%,949200,42.7,219352,-62,MOUNTED,69636.6
2026-08-24 07:35:49,18.86,4.10,77.33,617.70,14.02,5.33,74.78,96.7,PWM 80%,949800,42.6,212978,-62,MOUNTED,67367.2
2026-08-24 07:45:49,18.56,3.57,66.26,628.75,13.84,4.62,63.94,96.5,PWM 63%,950400,40.9,220019,-67,MOUNTED,58682.1
2026-08-24 07:55:49,18.62,3.67,68.34,640.14,13.87,4.74,65.81,96.3,PWM 67%,951000,41.3,219729,-64,MOUNTED,60221.9
2026-08-24 08:05:49,18.43,3.34,61.56,650.40,13.76,4.30,59.16,96.1,PWM 56%,951600,40.5,215026,-66,MOUNTED,55041.3
2026-08-24 08:15:49,18.35,3.21,58.90,660.21,13.71,4.12,56.54,96.0,PWM 52%,952200,39.9,216623,-66,MOUNTED,52948.9
2026-08-24 08:25:49,18.39,3.28,60.32,670.27,13.74,4.21,57.79,95.8,PWM 54%,952800,40.4,215757,-63,MOUNTED,54092.5
2026-08-24 08:35:49,18.10,2.78,50.32,678.65,13.56,3.54,48.06,95.5,PWM 39%,953400,38.3,219755,-65,MOUNTED,45827.8
2026-08-24 08:45:49,18.24,3.02,55.08,687.83,13.65,3.85,52.49,95.3,PWM 46%,954000,39.6,214544,-62,MOUNTED,49835.9
2026-08-24 08:55:49,18.12,2.81,50.92,696.32,13.57,3.57,48.42,95.1,PWM 40%,954600,38.8,215518,-65,MOUNTED,46179.8
2026-08-24 09:05:49,17.97,2.54,45.64,703.93,13.48,3.21,43.31,94.9,PWM 31%,955200,37.9,214681,-67,MOUNTED,41878.5
2026-08-24 09:15:49,17.78,2.22,39.47,710.51,13.37,2.80,37.38,94.7,PWM 22%,955800,37.2,212726,-65,MOUNTED,36750.1
2026-08-24 09:25:49,17.79,2.24,39.85,717.15,13.38,2.81,37.62,94.4,PWM 22%,956400,37.9,219507,-62,MOUNTED,36733.9
2026-08-24 09:35:49,17.57,1.86,32.68,722.59,13.24,2.32,30.78,94.2,PWM 41%,957000,35.7,224607,-67,MOUNTED,30608.7
2026-08-24 09:45:49,17.51,1.76,30.82,727.73,13.21,2.19,28.94,93.9,PWM 38%,957600,36.4,224334,-63,MOUNTED,28834.7
2026-08-24 09:55:49,17.35,1.48,25.68,732.01,13.11,1.84,24.06,93.7,PWM 29%,958200,35.1,223043,-62,MOUNTED,24247.4
2026-08-24 10:05:49,17.26,1.31,22.61,735.78,13.05,1.62,21.12,93.4,PWM 23%,958800,35.1,213365,-64,MOUNTED,21682.3
2026-08-24 10:15:49,17.06,0.97,16.55,738.54,12.93,1.19,15.42,93.2,PWM 13%,959400,34.3,221360,-66,MOUNTED,16117.5
2026-08-24 10:25:49,16.95,0.78,13.22,740.74,12.87,0.95,12.28,92.9,OFF,960000,32.8,216691,-66,MOUNTED,12984.5
2026-08-24 10:35:49,16.81,0.55,9.25,742.28,12.79,0.67,8.57,92.7,OFF,960600,32.1,221147,-67,MOUNTED,9154.9
2026-08-24 10:45:49,16.70,0.35,5.84,743.26,12.72,0.42,5.40,92.4,OFF,961200,32.2,215214,-64,MOUNTED,6146.8
2026-08-24 10:55:49,16.57,0.12,1.99,743.59,12.64,0.14,1.83,92.1,OFF,961800,31.0,222397,-62,MOUNTED,2180.0
2026-08-24 11:05:49,16.50,0.00,0.00,743.59,12.60,0.00,0.00,92.0,OFF,962400,32.2,218183,-67,MOUNTED,98.5
2026-08-24 11:15:49,16.50,0.00,0.00,743.59,12.60,0.00,0.00,92.0,OFF,963000,31.9,223692,-63,MOUNTED,319.4
2026-08-24 11:25:49,16.50,0.00,0.00,743.59,12.60,0.00,0.00,92.0,OFF,963600,31.6,215973,-63,MOUNTED,399.5
2026-08-24 11:35:49,16.50,0.00,0.00,743.59,12.60,0.00,0.00,92.0,OFF,964200,31.4,218032,-64,MOUNTED,163.7
2026-08-24 11:45:49,16.50,0.00,0.00,743.59,12.60,0.00,0.00,92.0,OFF,964800,32.1,224613,-63,MOUNTED,66.1
2026-08-24 11:55:49,16.50,0.00,0.00,743.59,12.60,0.00,0.00,92.0,OFF,965400,32.0,214288,-63,MOUNTED,479.1
2026-08-24 23:05:49,16.56,0.10,1.66,0.28,12.64,0.12,1.53,92.1,OFF,1005600,31.3,225257,-66,MOUNTED,1986.3
2026-08-24 23:15:49,16.71,0.36,6.02,1.28,12.73,0.44,5.56,92.4,OFF,1006200,31.5,212118,-63,MOUNTED,5973.4
2026-08-24 23:25:49,16.81,0.54,9.08,2.79,12.79,0.66,8.42,92.7,OFF,1006800,31.1,216190,-62,MOUNTED,8911.4
2026-08-24 23:35:49,16.99,0.84,14.27,5.17,12.89,1.03,13.26,92.9,OFF,1007400,33.7,217167,-62,MOUNTED,13895.9
2026-08-24 23:45:49,17.07,0.99,16.90,7.99,12.94,1.22,15.75,93.2,PWM 13%,1008000,33.2,218085,-67,MOUNTED,16280.0
2026-08-24 23:55:49,17.28,1.35,23.33,11.88,13.07,1.67,21.79,93.4,PWM 25%,1008600,35.4,220095,-64,MOUNTED,22292.0
2026-08-25 00:05:49,17.28,1.36,23.50,15.79,13.07,1.68,22.02,93.7,PWM 25%,1009200,34.5,214612,-64,MOUNTED,22646.1
2026-08-25 00:15:49,17.38,1.52,26.42,20.20,13.13,1.89,24.81,93.9,PWM 30%,1009800,35.1,217199,-65,MOUNTED,25151.3
2026-08-25 00:25:49,17.59,1.89,33.25,25.74,13.25,2.36,31.32,94.2,PWM 42%,1010400,36.7,214206,-66,MOUNTED,31018.3
2026-08-25 00:35:49,17.61,1.93,33.99,31.40,13.27,2.42,32.09,94.4,PWM 43%,1011000,37.1,215387,-62,MOUNTED,31809.9
2026-08-25 00:45:49,17.84,2.32,41.39,38.30,13.40,2.93,39.20,94.7,PWM 25%,1011600,37.2,218904,-63,MOUNTED,37954.0
2026-08-25 00:55:49,17.86,2.36,42.15,45.33,13.42,2.98,40.00,94.9,PWM 26%,1012200,36.9,215491,-66,MOUNTED,38674.8
2026-08-25 01:05:49,18.15,2.86,51.91,53.98,13.59,3.63,49.37,95.1,PWM 41%,1012800,38.5,216261,-67,MOUNTED,46818.4
2026-08-25 01:15:49,18.20,2.94,53.51,62.90,13.62,3.74,51.00,95.3,PWM 44%,1013400,39.5,216752,-67,MOUNTED,48460.5
2026-08-25 01:25:49,18.22,2.98,54.30,71.95,13.63,3.80,51.86,95.5,PWM 45%,1014000,38.8,219714,-63,MOUNTED,49071.3
2026-08-25 01:35:49,18.56,3.58,66.44,83.02,13.84,4.60,63.65,95.8,PWM 64%,1014600,40.3,215309,-67,MOUNTED,58489.9
2026-08-25 01:45:49,18.53,3.52,65.23,93.89,13.82,4.53,62.62,96.0,PWM 62%,1015200,40.5,224793,-64,MOUNTED,57667.9
2026-08-25 01:55:49,18.51,3.48,64.41,104.63,13.81,4.48,61.90,96.1,PWM 60%,1015800,40.8,218453,-66,MOUNTED,56969.0
2026-08-25 02:05:49,18.64,3.71,69.15,116.15,13.88,4.80,66.59,96.3,PWM 68%,1016400,40.7,218908,-63,MOUNTED,60618.2
2026-08-25 02:15:49,18.84,4.05,76.30,128.87,14.00,5.26,73.63,96.5,PWM 79%,1017000,42.7,220934,-65,MOUNTED,66322.9
2026-08-25 02:25:49,18.88,4.12,77.79,141.83,14.03,5.36,75.22,96.7,PWM 81%,1017600,42.3,221975,-65,MOUNTED,67768.6
2026-08-25 02:35:49,18.91,4.17,78.85,154.98,14.04,5.44,76.33,96.8,PWM 83%,1018200,42.3,218947,-62,MOUNTED,68262.6
2026-08-25 02:45:49,19.20,4.68,89.86,169.95,14.22,6.13,87.16,97.0,PWM 100%,1018800,43.7,214491,-64,MOUNTED,77023.2
2026-08-25 02:55:49,19.23,4.74,91.15,185.14,14.24,6.22,88.51,97.1,PWM 100%,1019400,45.2,217814,-65,MOUNTED,77533.6
2026-08-25 03:05:49,19.03,4.39,83.54,199.07,14.12,5.76,81.28,97.3,PWM 90%,1020000,43.3,220143,-62,MOUNTED,72098.2
2026-08-25 03:15:49,19.33,4.91,94.91,214.89,14.30,6.46,92.44,97.4,PWM 100%,1020600,44.7,220873,-67,MOUNTED,80301.4
2026-08-25 03:25:49,19.39,5.00,96.95,231.04,14.33,6.60,94.53,97.5,PWM 100%,1021200,44.7,219885,-62,MOUNTED,81854.8
2026-08-25 03:35:49,19.51,5.22,101.84,248.02,14.41,6.90,99.40,97.6,PWM 100%,1021800,45.4,220871,-67,MOUNTED,85758.9
2026-08-25 03:45:49,19.54,5.28,103.17,265.21,14.43,6.99,100.80,97.7,PWM 100%,1022400,46.1,216218,-62,MOUNTED,86515.1
2026-08-25 03:55:49,19.29,4.83,93.17,280.74,14.27,6.39,91.12,97.8,PWM 100%,1023000,44.7,223052,-66,MOUNTED,79106.5
2026-08-25 04:05:49,19.45,5.11,99.39,297.31,14.37,6.76,97.20,97.8,PWM 100%,1023600,45.9,223999,-66,MOUNTED,83957.1
2026-08-25 04:15:49,19.52,5.24,102.28,314.35,14.41,6.95,100.13,97.9,PWM 100%,1024200,46.6,220240,-67,MOUNTED,85935.1
2026-08-25 04:25:49,19.74,5.61,110.74,332.81,14.54,7.46,108.41,97.9,PWM 100%,1024800,47.4,225497,-67,MOUNTED,91861.9
2026-08-25 04:35:49,19.50,5.19,101.21,349.68,14.40,6.89,99.19,98.0,PWM 100%,1025400,46.0,215357,-67,MOUNTED,85038.2
2026-08-25 04:45:49,19.75,5.63,111.19,368.21,14.55,7.49,108.97,98.0,PWM 100%,1026000,47.8,216340,-64,MOUNTED,92147.5
2026-08-25 04:55:49,19.24,4.74,91.20,383.41,14.24,6.28,89.38,98.0,PWM 100%,1026600,45.0,225258,-63,MOUNTED,77993.4
2026-08-25 05:05:49,19.75,5.64,111.39,401.97,14.55,7.50,109.16,98.0,PWM 100%,1027200,47.2,221648,-66,MOUNTED,92334.8
2026-08-25 05:15:49,19.62,5.41,106.14,419.66,14.47,7.19,104.02,98.0,PWM 100%,1027800,47.3,215395,-66,MOUNTED,88743.3
2026-08-25 05:25:49,19.69,5.53,108.89,437.81,14.51,7.35,106.71,98.0,PWM 100%,1028400,47.5,219459,-62,MOUNTED,90632.9
2026-08-25 05:35:49,19.61,5.40,105.89,455.46,14.47,7.16,103.67,97.9,PWM 100%,1029000,46.1,221239,-67,MOUNTED,88598.4
2026-08-25 05:45:49,19.42,5.06,98.27,471.84,14.35,6.70,96.21,97.9,PWM 100%,1029600,46.0,224420,-63,MOUNTED,83127.0
2026-08-25 05:55:49,19.56,5.31,103.86,489.15,14.44,7.03,101.58,97.8,PWM 100%,1030200,47.0,213853,-63,MOUNTED,87251.6
2026-08-25 06:05:49,19.51,5.22,101.84,506.12,14.41,6.91,99.60,97.8,PWM 100%,1030800,46.2,224615,-66,MOUNTED,85770.5
2026-08-25 06:15:49,19.38,4.99,96.71,522.24,14.33,6.59,94.49,97.7,PWM 100%,1031400,45.3,213652,-64,MOUNTED,81638.7
2026-08-25 06:25:49,19.45,5.11,99.39,538.81,14.37,6.75,97.00,97.6,PWM 100%,1032000,45.0,218714,-65,MOUNTED,83924.6
2026-08-25 06:35:49,19.01,4.35,82.69,552.59,14.11,5.71,80.62,97.5,PWM 89%,1032600,44.0,219201,-62,MOUNTED,71577.3
2026-08-25 06:45:49,19.44,5.10,99.14,569.11,14.36,6.72,96.56,97.4,PWM 100%,1033200,45.6,224835,-65,MOUNTED,83731.9
2026-08-25 06:55:49,18.94,4.22,79.93,582.43,14.06,5.53,77.77,97.3,PWM 84%,1033800,42.8,220815,-65,MOUNTED,69091.1
2026-08-25 07:05:49,18.85,4.08,76.91,595.25,14.01,5.33,74.68,97.1,PWM 80%,1034400,42.0,221932,-66,MOUNTED,67045.9
2026-08-25 07:15:49,18.83,4.04,76.07,607.93,14.00,5.27,73.79,97.0,PWM 78%,1035000,42.3,223288,-65,MOUNTED,66438.4
2026-08-25 07:25:49,19.03,4.39,83.54,621.85,14.12,5.73,80.87,96.8,PWM 90%,1035600,43.2,219805,-64,MOUNTED,71936.5
2026-08-25 07:35:49,18.82,4.03,75.84,634.49,13.99,5.24,73.34,96.7,PWM 78%,1036200,43.0,220301,-66,MOUNTED,66136.5
2026-08-25 07:45:49,18.66,3.75,69.97,646.15,13.90,4.86,67.52,96.5,PWM 69%,1036800,41.5,218547,-63,MOUNTED,61647.1
2026-08-25 07:55:49,18.47,3.42,63.17,656.68,13.78,4.41,60.83,96.3,PWM 59%,1037400,40.0,223445,-66,MOUNTED,56354.4
2026-08-25 08:05:49,18.78,3.95,74.18,669.04,13.97,5.10,71.29,96.1,PWM 76%,1038000,42.1,225121,-66,MOUNTED,64916.8
2026-08-25 08:15:49,18.44,3.36,61.96,679.37,13.76,4.32,59.48,96.0,PWM 57%,1038600,40.3,216992,-66,MOUNTED,55250.6
2026-08-25 08:25:49,18.20,2.95,53.69,688.32,13.62,3.78,51.44,95.8,PWM 44%,1039200,39.9,225750,-63,MOUNTED,48670.1
2026-08-25 08:35:49,18.32,3.15,57.71,697.94,13.69,4.03,55.11,95.5,PWM 50%,1039800,40.4,224992,-64,MOUNTED,51773.5
2026-08-25 08:45:49,18.16,2.88,52.30,706.66,13.60,3.66,49.84,95.3,PWM 42%,1040400,38.9,214678,-64,MOUNTED,47454.9
2026-08-25 08:55:49,18.12,2.80,50.74,715.11,13.57,3.56,48.25,95.1,PWM 39%,1041000,39.5,219339,-67,MOUNTED,46130.4
2026-08-25 09:05:49,18.00,2.60,46.80,722.91,13.50,3.29,44.41,94.9,PWM 33%,1041600,38.4,215001,-65,MOUNTED,42779.9
2026-08-25 09:15:49,17.93,2.48,44.47,730.32,13.46,3.13,42.11,94.7,PWM 30%,1042200,37.2,220337,-66,MOUNTED,40690.9
2026-08-25 09:25:49,17.60,1.91,33.62,735.93,13.26,2.39,31.74,94.4,PWM 43%,1042800,36.1,215096,-63,MOUNTED,31491.9
2026-08-25 09:35:49,17.48,1.70,29.72,740.88,13.19,2.12,28.00,94.2,PWM 36%,1043400,35.7,222615,-63,MOUNTED,28023.0
2026-08-25 09:45:49,17.39,1.54,26.78,745.34,13.13,1.92,25.15,93.9,PWM 31%,1044000,35.8,213826,-65,MOUNTED,25573.4
2026-08-25 09:55:49,17.26,1.31,22.61,749.11,13.05,1.62,21.19,93.7,PWM 23%,1044600,35.4,224318,-64,MOUNTED,21943.0
2026-08-25 10:05:49,17.20,1.22,20.98,752.61,13.02,1.51,19.60,93.4,PWM 20%,1045200,34.2,218205,-66,MOUNTED,20093.2
2026-08-25 10:15:49,17.09,1.02,17.43,755.51,12.95,1.25,16.24,93.2,PWM 14%,1045800,33.6,223203,-62,MOUNTED,16979.2
2026-08-25 10:25:49,16.99,0.85,14.44,757.92,12.90,1.04,13.41,92.9,OFF,1046400,33.8,224135,-62,MOUNTED,14269.1
2026-08-25 10:35:49,16.80,0.52,8.74,759.38,12.78,0.63,8.10,92.7,OFF,1047000,32.0,218434,-66,MOUNTED,8478.1
2026-08-25 10:45:49,16.69,0.33,5.51,760.30,12.71,0.40,5.09,92.4,OFF,1047600,30.8,220667,-63,MOUNTED,5596.0
2026-08-25 10:55:49,16.57,0.12,1.99,760.63,12.64,0.14,1.83,92.1,OFF,1048200,31.7,225614,-67,MOUNTED,2456.7
2026-08-25 11:05:49,16.50,0.00,0.00,760.63,12.60,0.00,0.00,92.0,OFF,1048800,31.3,219889,-65,MOUNTED,194.6
2026-08-25 11:15:49,16.50,0.00,0.00,760.63,12.60,0.00,0.00,92.0,OFF,1049400,31.3,224061,-65,MOUNTED,347.0
2026-08-25 11:25:49,16.50,0.00,0.00,760.63,12.60,0.00,0.00,92.0,OFF,1050000,31.7,221739,-62,MOUNTED,493.2
2026-08-25 11:35:49,16.50,0.00,0.00,760.63,12.60,0.00,0.00,92.0,OFF,1050600,31.8,216018,-66,MOUNTED,474.5
2026-08-25 11:45:49,16.50,0.00,0.00,760.63,12.60,0.00,0.00,92.0,OFF,1051200,31.9,215883,-65,MOUNTED,259.5
2026-08-25 11:55:49,16.50,0.00,0.00,760.63,12.60,0.00,0.00,92.0,OFF,1051800,31.7,216132,-65,MOUNTED,212.7
2026-08-25 23:05:49,16.56,0.11,1.82,0.30,12.64,0.13,1.68,92.1,OFF,1092000,32.0,223847,-64,MOUNTED,2029.0
2026-08-25 23:15:49,16.68,0.32,5.34,1.19,12.71,0.39,4.93,92.4,OFF,1092600,31.4,223924,-66,MOUNTED,5243.7
2026-08-25 23:25:49,16.82,0.55,9.25,2.73,12.79,0.67,8.57,92.7,OFF,1093200,31.8,217838,-67,MOUNTED,9198.7
2026-08-25 23:35:49,16.96,0.79,13.40,4.97,12.87,0.97,12.45,92.9,OFF,1093800,33.8,218712,-66,MOUNTED,13270.8
2026-08-25 23:45:49,17.13,1.09,18.67,8.08,12.98,1.34,17.40,93.2,PWM 16%,1094400,33.6,216317,-62,MOUNTED,18223.6
2026-08-25 23:55:49,17.23,1.27,21.88,11.73,13.04,1.57,20.44,93.4,PWM 22%,1095000,34.3,220922,-62,MOUNTED,21136.9
2026-08-26 00:05:49,17.41,1.57,27.33,16.28,13.14,1.95,25.61,93.7,PWM 32%,1095600,35.5,213606,-67,MOUNTED,25866.9
2026-08-26 00:15:49,17.38,1.53,26.59,20.71,13.13,1.90,24.97,93.9,PWM 30%,1096200,34.9,212871,-63,MOUNTED,25386.7
2026-08-26 00:25:49,17.52,1.78,31.19,25.91,13.21,2.22,29.38,94.2,PWM 38%,1096800,35.9,220594,-62,MOUNTED,29377.4
2026-08-26 00:35:49,17.62,1.94,34.18,31.61,13.27,2.43,32.27,94.4,PWM 44%,1097400,36.3,213571,-64,MOUNTED,31955.7
2026-08-26 00:45:49,17.85,2.34,41.77,38.57,13.41,2.95,39.56,94.7,PWM 25%,1098000,37.4,221425,-62,MOUNTED,38578.5
2026-08-26 00:55:49,17.84,2.32,41.39,45.47,13.40,2.93,39.28,94.9,PWM 25%,1098600,37.2,220886,-64,MOUNTED,38082.9
2026-08-26 01:05:49,18.18,2.91,52.90,54.28,13.61,3.70,50.31,95.1,PWM 43%,1099200,39.1,214862,-64,MOUNTED,47803.0
2026-08-26 01:15:49,18.09,2.76,49.93,62.61,13.56,3.51,47.58,95.3,PWM 38%,1099800,39.3,225437,-65,MOUNTED,45482.5
2026-08-26 01:25:49,18.33,3.18,58.29,72.32,13.70,4.06,55.67,95.5,PWM 51%,1100400,39.5,217078,-65,MOUNTED,52270.3
2026-08-26 01:35:49,18.37,3.23,59.34,82.21,13.72,4.14,56.85,95.8,PWM 53%,1101000,39.6,213292,-63,MOUNTED,53245.8
2026-08-26 01:45:49,18.56,3.57,66.26,93.25,13.84,4.60,63.61,96.0,PWM 63%,1101600,41.0,215019,-62,MOUNTED,58460.1
2026-08-26 01:55:49,18.38,3.26,59.92,103.24,13.73,4.19,57.58,96.1,PWM 54%,1102200,40.4,218955,-67,MOUNTED,53518.3
2026-08-26 02:05:49,18.81,4.00,75.24,115.78,13.98,5.18,72.46,96.3,PWM 77%,1102800,41.5,215903,-66,MOUNTED,65726.2
2026-08-26 02:15:49,18.53,3.53,65.41,126.68,13.82,4.57,63.12,96.5,PWM 62%,1103400,41.2,216163,-63,MOUNTED,58070.0
2026-08-26 02:25:49,18.94,4.22,79.93,140.00,14.06,5.50,77.29,96.7,PWM 84%,1104000,42.3,222983,-63,MOUNTED,69297.5
2026-08-26 02:35:49,18.83,4.04,76.07,152.68,14.00,5.26,73.64,96.8,PWM 78%,1104600,42.7,219400,-66,MOUNTED,66422.4
2026-08-26 02:45:49,19.06,4.44,84.63,166.79,14.14,5.81,82.09,97.0,PWM 92%,1105200,44.1,223127,-63,MOUNTED,72592.7
2026-08-26 02:55:49,18.96,4.27,80.96,180.28,14.08,5.58,78.61,97.1,PWM 86%,1105800,43.0,222460,-66,MOUNTED,69870.6
2026-08-26 03:05:49,19.09,4.48,85.52,194.53,14.15,5.88,83.21,97.3,PWM 93%,1106400,43.3,216272,-64,MOUNTED,73522.5
2026-08-26 03:15:49,19.17,4.63,88.76,209.33,14.20,6.09,86.45,97.4,PWM 98%,1107000,44.3,222352,-62,MOUNTED,75701.8
2026-08-26 03:25:49,19.43,5.07,98.51,225.75,14.36,6.69,96.05,97.5,PWM 100%,1107600,45.5,212599,-67,MOUNTED,82941.0
2026-08-26 03:35:49,19.42,5.06,98.27,242.12,14.35,6.68,95.91,97.6,PWM 100%,1108200,45.7,222925,-64,MOUNTED,82750.1
2026-08-26 03:45:49,19.08,4.47,85.29,256.34,14.15,5.89,83.33,97.7,PWM 93%,1108800,44.0,216847,-66,MOUNTED,73207.0
2026-08-26 03:55:49,19.60,5.37,105.25,273.88,14.46,7.12,102.93,97.8,PWM 100%,1109400,45.9,220659,-65,MOUNTED,87926.8
2026-08-26 04:05:49,19.39,5.01,97.14,290.07,14.33,6.63,95.00,97.8,PWM 100%,1110000,46.0,217387,-66,MOUNTED,82198.7
2026-08-26 04:15:49,19.57,5.31,103.92,307.39,14.44,7.05,101.74,97.9,PWM 100%,1110600,46.0,212789,-67,MOUNTED,86943.8
2026-08-26 04:25:49,19.47,5.15,100.27,324.10,14.38,6.83,98.16,97.9,PWM 100%,1111200,46.4,225221,-64,MOUNTED,84615.0
2026-08-26 04:35:49,19.53,5.24,102.34,341.16,14.42,6.95,100.29,98.0,PWM 100%,1111800,45.6,225186,-62,MOUNTED,85824.5
2026-08-26 04:45:49,19.71,5.57,109.78,359.46,14.53,7.40,107.58,98.0,PWM 100%,1112400,46.8,214281,-65,MOUNTED,91374.7
2026-08-26 04:55:49,19.74,5.62,110.94,377.95,14.54,7.48,108.72,98.0,PWM 100%,1113000,47.2,221424,-63,MOUNTED,92257.9
2026-08-26 05:05:49,19.75,5.64,111.39,396.51,14.55,7.50,109.16,98.0,PWM 100%,1113600,47.9,222684,-65,MOUNTED,92672.0
2026-08-26 05:15:49,19.69,5.53,108.89,414.66,14.51,7.35,106.71,98.0,PWM 100%,1114200,46.4,224886,-64,MOUNTED,90750.7
2026-08-26 05:25:49,19.61,5.39,105.70,432.28,14.46,7.16,103.59,98.0,PWM 100%,1114800,46.7,219324,-66,MOUNTED,88515.5
2026-08-26 05:35:49,19.72,5.59,110.23,450.65,14.53,7.43,107.92,97.9,PWM 100%,1115400,47.7,222980,-64,MOUNTED,91578.2
2026-08-26 05:45:49,19.21,4.70,90.29,465.70,14.23,6.21,88.39,97.9,PWM 100%,1116000,44.5,216663,-62,MOUNTED,76861.8
2026-08-26 05:55:49,19.60,5.37,105.25,483.24,14.46,7.12,102.93,97.8,PWM 100%,1116600,46.1,221273,-64,MOUNTED,87999.0
2026-08-26 06:05:49,19.24,4.76,91.58,498.50,14.25,6.29,89.57,97.8,PWM 100%,1117200,44.4,218369,-64,MOUNTED,77989.5
2026-08-26 06:15:49,19.38,4.99,96.71,514.62,14.33,6.59,94.49,97.7,PWM 100%,1117800,46.0,213515,-65,MOUNTED,81626.9
2026-08-26 06:25:49,19.36,4.96,96.03,530.63,14.32,6.55,93.73,97.6,PWM 100%,1118400,45.3,225663,-63,MOUNTED,81426.6
2026-08-26 06:35:49,19.09,4.49,85.71,544.91,14.15,5.91,83.57,97.5,PWM 93%,1119000,44.4,212508,-63,MOUNTED,73744.5
2026-08-26 06:45:49,19.45,5.11,99.39,561.47,14.37,6.74,96.81,97.4,PWM 100%,1119600,45.9,223198,-67,MOUNTED,83900.9
2026-08-26 06:55:49,18.88,4.12,77.79,574.44,14.03,5.39,75.69,97.3,PWM 81%,1120200,43.1,218835,-66,MOUNTED,67546.4
2026-08-26 07:05:49,19.27,4.81,92.69,589.89,14.26,6.31,90.00,97.1,PWM 100%,1120800,44.2,223764,-65,MOUNTED,78958.4
2026-08-26 07:15:49,19.14,4.58,87.66,604.50,14.18,6.00,85.03,97.0,PWM 96%,1121400,43.9,212492,-65,MOUNTED,75238.1
2026-08-26 07:25:49,18.94,4.23,80.12,617.85,14.07,5.51,77.56,96.8,PWM 85%,1122000,42.8,223791,-67,MOUNTED,69424.6
2026-08-26 07:35:49,18.94,4.23,80.12,631.21,14.06,5.51,77.48,96.7,PWM 85%,1122600,42.6,215552,-65,MOUNTED,69435.4
2026-08-26 07:45:49,18.66,3.74,69.79,642.84,13.90,4.85,67.35,96.5,PWM 69%,1123200,41.2,222367,-62,MOUNTED,61384.6
2026-08-26 07:55:49,18.74,3.87,72.52,654.92,13.94,5.01,69.84,96.3,PWM 73%,1123800,42.1,224795,-65,MOUNTED,63637.9
2026-08-26 08:05:49,18.67,3.75,70.01,666.59,13.90,4.84,67.28,96.1,PWM 69%,1124400,41.4,223963,-63,MOUNTED,61454.2
2026-08-26 08:15:49,18.36,3.23,59.30,676.48,13.72,4.15,56.93,96.0,PWM 53%,1125000,39.9,223424,-64,MOUNTED,52813.2
2026-08-26 08:25:49,18.21,2.97,54.08,685.49,13.63,3.80,51.81,95.8,PWM 44%,1125600,39.9,225164,-66,MOUNTED,48636.9
2026-08-26 08:35:49,18.33,3.17,58.11,695.17,13.70,4.05,55.50,95.5,PWM 51%,1126200,40.3,220601,-63,MOUNTED,51804.6
2026-08-26 08:45:49,18.09,2.76,49.93,703.50,13.55,3.51,47.58,95.3,PWM 38%,1126800,38.2,222220,-67,MOUNTED,45426.2
2026-08-26 08:55:49,18.11,2.79,50.53,711.92,13.57,3.54,48.05,95.1,PWM 39%,1127400,38.5,224664,-67,MOUNTED,45897.4
2026-08-26 09:05:49,17.83,2.30,41.01,718.75,13.40,2.90,38.92,94.9,PWM 24%,1128000,37.1,224081,-62,MOUNTED,37830.8
2026-08-26 09:15:49,17.89,2.41,43.11,725.94,13.43,3.04,40.83,94.7,PWM 28%,1128600,37.9,221559,-67,MOUNTED,39325.4
2026-08-26 09:25:49,17.63,1.96,34.55,731.69,13.28,2.46,32.62,94.4,PWM 44%,1129200,36.6,216264,-67,MOUNTED,32109.1
2026-08-26 09:35:49,17.61,1.93,33.99,737.36,13.27,2.41,32.02,94.2,PWM 43%,1129800,36.5,214313,-66,MOUNTED,31948.8
2026-08-26 09:45:49,17.46,1.67,29.16,742.22,13.18,2.08,27.38,93.9,PWM 35%,1130400,35.6,212936,-64,MOUNTED,27488.2
2026-08-26 09:55:49,17.41,1.57,27.33,746.77,13.15,1.95,25.61,93.7,PWM 32%,1131000,35.1,218432,-66,MOUNTED,26188.6
2026-08-26 10:05:49,17.15,1.12,19.21,749.98,12.99,1.38,17.94,93.4,PWM 17%,1131600,33.6,217503,-67,MOUNTED,18745.3
2026-08-26 10:15:49,17.05,0.95,16.20,752.68,12.93,1.17,15.10,93.2,PWM 12%,1132200,33.4,216145,-66,MOUNTED,15878.3
2026-08-26 10:25:49,16.99,0.84,14.27,755.05,12.89,1.03,13.26,92.9,OFF,1132800,33.4,216641,-62,MOUNTED,14104.8
2026-08-26 10:35:49,16.84,0.60,10.10,756.74,12.81,0.73,9.36,92.7,OFF,1133400,33.0,217394,-62,MOUNTED,10142.1
2026-08-26 10:45:49,16.71,0.36,6.02,757.74,12.73,0.44,5.56,92.4,OFF,1134000,30.9,221303,-62,MOUNTED,6397.9
2026-08-26 10:55:49,16.57,0.12,1.99,758.07,12.64,0.14,1.83,92.1,OFF,1134600,31.5,224219,-62,MOUNTED,2168.0
2026-08-26 11:05:49,16.50,0.00,0.00,758.07,12.60,0.00,0.00,92.0,OFF,1135200,31.7,224092,-65,MOUNTED,356.3
2026-08-26 11:15:49,16.50,0.00,0.00,758.07,12.60,0.00,0.00,92.0,OFF,1135800,31.6,221205,-64,MOUNTED,96.7
2026-08-26 11:25:49,16.50,0.00,0.00,758.07,12.60,0.00,0.00,92.0,OFF,1136400,30.9,217638,-64,MOUNTED,458.5
2026-08-26 11:35:49,16.50,0.00,0.00,758.07,12.60,0.00,0.00,92.0,OFF,1137000,31.0,221435,-65,MOUNTED,484.9
2026-08-26 11:45:49,16.50,0.00,0.00,758.07,12.60,0.00,0.00,92.0,OFF,1137600,30.9,215305,-64,MOUNTED,442.7
2026-08-26 11:55:49,16.50,0.00,0.00,758.07,12.60,0.00,0.00,92.0,OFF,1138200,31.6,225773,-63,MOUNTED,166.8
2026-08-26 23:05:49,16.56,0.10,1.66,0.28,12.64,0.12,1.53,92.1,OFF,1178400,32.2,217293,-62,MOUNTED,1751.5
2026-08-26 23:15:49,16.70,0.34,5.68,1.22,12.72,0.41,5.25,92.4,OFF,1179000,30.9,224413,-64,MOUNTED,5753.9
2026-08-26 23:25:49,16.83,0.56,9.42,2.79,12.80,0.68,8.73,92.7,OFF,1179600,32.0,219397,-64,MOUNTED,9392.0
2026-08-26 23:35:49,16.97,0.81,13.75,5.08,12.88,0.99,12.77,92.9,OFF,1180200,34.0,213000,-62,MOUNTED,13435.1
2026-08-26 23:45:49,17.14,1.11,19.03,8.26,12.98,1.37,17.74,93.2,PWM 17%,1180800,34.8,215110,-64,MOUNTED,18591.9
2026-08-26 23:55:49,17.21,1.22,21.00,11.76,13.02,1.51,19.61,93.4,PWM 21%,1181400,35.1,224376,-65,MOUNTED,20345.3
2026-08-27 00:05:49,17.38,1.53,26.59,16.19,13.13,1.90,24.91,93.7,PWM 30%,1182000,35.6,223766,-65,MOUNTED,25294.1
2026-08-27 00:15:49,17.55,1.82,31.94,21.51,13.23,2.27,29.99,93.9,PWM 40%,1182600,36.0,213327,-67,MOUNTED,29887.7
2026-08-27 00:25:49,17.53,1.78,31.20,26.71,13.22,2.22,29.39,94.2,PWM 38%,1183200,35.8,221101,-67,MOUNTED,29248.1
2026-08-27 00:35:49,17.74,2.15,38.14,33.07,13.34,2.70,36.00,94.4,PWM 20%,1183800,37.0,214864,-62,MOUNTED,35434.1
2026-08-27 00:45:49,17.71,2.10,37.19,39.27,13.33,2.64,35.22,94.7,PWM 18%,1184400,36.2,224225,-66,MOUNTED,34320.8
2026-08-27 00:55:49,17.92,2.47,44.26,46.64,13.45,3.12,42.00,94.9,PWM 29%,1185000,37.2,217589,-67,MOUNTED,40752.6
2026-08-27 01:05:49,18.09,2.76,49.93,54.96,13.55,3.50,47.48,95.1,PWM 38%,1185600,38.5,214287,-64,MOUNTED,45289.8
2026-08-27 01:15:49,18.06,2.70,48.76,63.09,13.53,3.43,46.47,95.3,PWM 36%,1186200,37.8,216725,-67,MOUNTED,44279.2
2026-08-27 01:25:49,18.37,3.25,59.70,73.04,13.72,4.16,57.01,95.5,PWM 53%,1186800,40.0,219798,-67,MOUNTED,53344.8
2026-08-27 01:35:49,18.40,3.29,60.54,83.13,13.74,4.22,58.00,95.8,PWM 54%,1187400,40.7,220271,-62,MOUNTED,53985.1
2026-08-27 01:45:49,18.55,3.55,65.85,94.11,13.83,4.57,63.22,96.0,PWM 63%,1188000,40.2,217648,-66,MOUNTED,58426.3
2026-08-27 01:55:49,18.51,3.48,64.41,104.84,13.81,4.48,61.90,96.1,PWM 60%,1188600,40.6,224667,-63,MOUNTED,57301.8
2026-08-27 02:05:49,18.50,3.47,64.20,115.54,13.80,4.48,61.82,96.3,PWM 60%,1189200,40.3,217934,-67,MOUNTED,57090.6
2026-08-27 02:15:49,18.86,4.09,77.14,128.40,14.02,5.31,74.44,96.5,PWM 80%,1189800,42.1,222622,-65,MOUNTED,67387.3
2026-08-27 02:25:49,18.94,4.23,80.12,141.75,14.06,5.51,77.48,96.7,PWM 85%,1190400,43.2,213595,-62,MOUNTED,69222.6
2026-08-27 02:35:49,18.94,4.23,80.12,155.10,14.06,5.52,77.56,96.8,PWM 85%,1191000,42.6,220484,-62,MOUNTED,69658.9
2026-08-27 02:45:49,19.01,4.34,82.50,168.85,14.10,5.68,80.02,97.0,PWM 88%,1191600,43.3,212884,-64,MOUNTED,71166.7
2026-08-27 02:55:49,19.03,4.38,83.35,182.75,14.12,5.73,80.93,97.1,PWM 90%,1192200,42.8,221558,-67,MOUNTED,71734.6
2026-08-27 03:05:49,19.08,4.48,85.48,196.99,14.15,5.88,83.17,97.3,PWM 93%,1192800,43.0,217089,-62,MOUNTED,73581.0
2026-08-27 03:15:49,19.16,4.61,88.33,211.71,14.20,6.06,86.03,97.4,PWM 97%,1193400,44.8,221616,-67,MOUNTED,75562.7
2026-08-27 03:25:49,19.20,4.68,89.86,226.69,14.22,6.16,87.61,97.5,PWM 100%,1194000,43.9,217764,-63,MOUNTED,76917.2
2026-08-27 03:35:49,19.13,4.56,87.23,241.23,14.18,6.00,85.14,97.6,PWM 96%,1194600,44.1,217094,-66,MOUNTED,74622.4
2026-08-27 03:45:49,19.53,5.25,102.53,258.32,14.42,6.95,100.17,97.7,PWM 100%,1195200,45.7,216475,-64,MOUNTED,86181.0
2026-08-27 03:55:49,19.62,5.41,106.14,276.01,14.47,7.17,103.80,97.8,PWM 100%,1195800,46.2,224765,-62,MOUNTED,88538.2
2026-08-27 04:05:49,19.14,4.57,87.47,290.59,14.18,6.03,85.55,97.8,PWM 96%,1196400,44.4,219559,-65,MOUNTED,74975.2
2026-08-27 04:15:49,19.36,4.95,95.83,306.56,14.31,6.56,93.82,97.9,PWM 100%,1197000,44.4,218732,-66,MOUNTED,81054.6
2026-08-27 04:25:49,19.36,4.95,95.83,322.53,14.32,6.55,93.82,97.9,PWM 100%,1197600,44.8,220961,-63,MOUNTED,81273.7
2026-08-27 04:35:49,19.59,5.36,105.00,340.03,14.45,7.12,102.90,98.0,PWM 100%,1198200,46.4,225424,-64,MOUNTED,87961.5
2026-08-27 04:45:49,19.34,4.93,95.35,355.92,14.31,6.53,93.44,98.0,PWM 100%,1198800,44.8,213523,-62,MOUNTED,81023.8
2026-08-27 04:55:49,19.40,5.02,97.39,372.15,14.34,6.66,95.44,98.0,PWM 100%,1199400,46.2,225430,-65,MOUNTED,82435.9
2026-08-27 05:05:49,19.77,5.66,111.90,390.80,14.56,7.53,109.66,98.0,PWM 100%,1200000,47.0,225412,-66,MOUNTED,93033.9
2026-08-27 05:15:49,19.20,4.68,89.86,405.78,14.22,6.19,88.06,98.0,PWM 100%,1200600,43.9,224305,-67,MOUNTED,76951.0
2026-08-27 05:25:49,19.31,4.87,94.04,421.45,14.29,6.45,92.16,98.0,PWM 100%,1201200,44.4,218031,-64,MOUNTED,79647.8
2026-08-27 05:35:49,19.35,4.94,95.59,437.38,14.31,6.54,93.58,97.9,PWM 100%,1201800,44.7,217214,-62,MOUNTED,80787.3
2026-08-27 05:45:49,19.38,5.00,96.90,453.53,14.33,6.62,94.87,97.9,PWM 100%,1202400,45.7,225777,-63,MOUNTED,81861.0
2026-08-27 05:55:49,19.59,5.35,104.81,471.00,14.45,7.09,102.50,97.8,PWM 100%,1203000,46.5,212838,-64,MOUNTED,87710.1
2026-08-27 06:05:49,19.10,4.51,86.14,485.36,14.16,5.95,84.24,97.8,PWM 94%,1203600,43.8,219135,-62,MOUNTED,73804.5
2026-08-27 06:15:49,19.46,5.13,99.83,502.00,14.38,6.78,97.53,97.7,PWM 100%,1204200,45.1,217663,-67,MOUNTED,84236.3
2026-08-27 06:25:49,19.54,5.26,102.78,519.13,14.42,6.96,100.31,97.6,PWM 100%,1204800,46.5,224703,-64,MOUNTED,86172.0
2026-08-27 06:35:49,19.08,4.47,85.29,533.34,14.15,5.88,83.16,97.5,PWM 93%,1205400,43.5,217716,-64,MOUNTED,73207.2
2026-08-27 06:45:49,19.08,4.48,85.48,547.59,14.15,5.88,83.26,97.4,PWM 93%,1206000,43.7,218850,-67,MOUNTED,73423.8
2026-08-27 06:55:49,19.07,4.45,84.86,561.73,14.14,5.84,82.57,97.3,PWM 92%,1206600,44.0,225447,-62,MOUNTED,73179.1
2026-08-27 07:05:49,19.01,4.35,82.69,575.51,14.11,5.69,80.29,97.1,PWM 89%,1207200,43.4,217252,-63,MOUNTED,71158.2
2026-08-27 07:15:49,18.81,4.00,75.24,588.05,13.98,5.22,72.98,97.0,PWM 77%,1207800,42.4,222470,-66,MOUNTED,65734.4
2026-08-27 07:25:49,19.09,4.50,85.91,602.37,14.16,5.87,83.16,96.8,PWM 94%,1208400,43.1,222469,-64,MOUNTED,73489.2
2026-08-27 07:35:49,18.66,3.75,69.97,614.03,13.90,4.87,67.66,96.7,PWM 69%,1209000,41.3,215019,-67,MOUNTED,61420.8
2026-08-27 07:45:49,18.73,3.87,72.49,626.12,13.94,5.02,69.95,96.5,PWM 73%,1209600,41.5,215633,-66,MOUNTED,63572.4
2026-08-27 07:55:49,18.61,3.66,68.11,637.47,13.87,4.73,65.59,96.3,PWM 66%,1210200,42.0,213841,-66,MOUNTED,59885.3
2026-08-27 08:05:49,18.45,3.38,62.36,647.86,13.77,4.35,59.93,96.1,PWM 57%,1210800,40.3,218915,-66,MOUNTED,55357.6
2026-08-27 08:15:49,18.50,3.46,64.01,658.53,13.80,4.45,61.45,96.0,PWM 60%,1211400,40.7,219902,-66,MOUNTED,56705.4
2026-08-27 08:25:49,18.36,3.23,59.30,668.41,13.72,4.14,56.81,95.8,PWM 53%,1212000,40.2,219733,-63,MOUNTED,52814.3
2026-08-27 08:35:49,18.16,2.88,52.30,677.13,13.60,3.67,49.95,95.5,PWM 42%,1212600,38.6,221241,-63,MOUNTED,47296.4
2026-08-27 08:45:49,18.23,3.00,54.69,686.25,13.64,3.82,52.12,95.3,PWM 45%,1213200,39.2,212002,-66,MOUNTED,49278.8
2026-08-27 08:55:49,18.03,2.66,47.96,694.24,13.52,3.37,45.61,95.1,PWM 35%,1213800,37.8,213888,-64,MOUNTED,43833.7
2026-08-27 09:05:49,17.99,2.58,46.41,701.97,13.49,3.26,44.04,94.9,PWM 33%,1214400,38.4,214920,-63,MOUNTED,42578.9
2026-08-27 09:15:49,17.81,2.28,40.61,708.74,13.39,2.87,38.46,94.7,PWM 24%,1215000,37.2,224328,-63,MOUNTED,37429.7
2026-08-27 09:25:49,17.67,2.03,35.87,714.72,13.30,2.55,33.86,94.4,PWM 16%,1215600,36.9,213478,-67,MOUNTED,33551.0
2026-08-27 09:35:49,17.51,1.76,30.82,719.86,13.21,2.20,29.03,94.2,PWM 38%,1216200,35.6,223242,-65,MOUNTED,28893.4
2026-08-27 09:45:49,17.40,1.57,27.32,724.41,13.14,1.95,25.65,93.9,PWM 32%,1216800,35.7,215085,-67,MOUNTED,25860.8
2026-08-27 09:55:49,17.42,1.60,27.87,729.05,13.15,1.99,26.11,93.7,PWM 33%,1217400,35.7,223441,-66,MOUNTED,26369.0
2026-08-27 10:05:49,17.17,1.17,20.09,732.40,13.00,1.44,18.76,93.4,PWM 19%,1218000,34.4,223577,-64,MOUNTED,19241.8
2026-08-27 10:15:49,17.03,0.93,15.84,735.04,12.92,1.14,14.76,93.2,PWM 11%,1218600,34.2,219144,-66,MOUNTED,15592.9
2026-08-27 10:25:49,16.94,0.77,13.04,737.22,12.87,0.94,12.11,92.9,OFF,1219200,33.3,219397,-62,MOUNTED,12716.3
2026-08-27 10:35:49,16.83,0.57,9.59,738.81,12.80,0.69,8.89,92.7,OFF,1219800,32.1,217544,-62,MOUNTED,9542.9
2026-08-27 10:45:49,16.68,0.32,5.34,739.70,12.71,0.39,4.93,92.4,OFF,1220400,30.9,217028,-64,MOUNTED,5445.7
2026-08-27 10:55:49,16.56,0.11,1.82,740.01,12.64,0.13,1.68,92.1,OFF,1221000,31.0,217505,-66,MOUNTED,2197.9
2026-08-27 11:05:49,16.50,0.00,0.00,740.01,12.60,0.00,0.00,92.0,OFF,1221600,31.1,218834,-67,MOUNTED,484.1
2026-08-27 11:15:49,16.50,0.00,0.00,740.01,12.60,0.00,0.00,92.0,OFF,1222200,31.1,214454,-66,MOUNTED,208.3
2026-08-27 11:25:49,16.50,0.00,0.00,740.01,12.60,0.00,0.00,92.0,OFF,1222800,31.0,222347,-64,MOUNTED,466.6
2026-08-27 11:35:49,16.50,0.00,0.00,740.01,12.60,0.00,0.00,92.0,OFF,1223400,31.2,223983,-63,MOUNTED,39.8
2026-08-27 11:45:49,16.50,0.00,0.00,740.01,12.60,0.00,0.00,92.0,OFF,1224000,31.6,223934,-63,MOUNTED,98.2
2026-08-27 11:55:49,16.50,0.00,0.00,740.01,12.60,0.00,0.00,92.0,OFF,1224600,32.0,219504,-67,MOUNTED,465.4
2026-08-27 23:05:49,16.57,0.12,1.99,0.33,12.64,0.14,1.83,92.1,OFF,1264800,30.9,213144,-66,MOUNTED,2218.1
2026-08-27 23:15:49,16.71,0.36,6.02,1.33,12.72,0.44,5.56,92.4,OFF,1265400,31.9,212921,-62,MOUNTED,5884.5
2026-08-27 23:25:49,16.85,0.61,10.28,3.05,12.81,0.74,9.53,92.7,OFF,1266000,33.1,216581,-63,MOUNTED,9976.2
2026-08-27 23:35:49,16.97,0.82,13.92,5.37,12.88,1.00,12.93,92.9,OFF,1266600,33.3,223907,-63,MOUNTED,13530.3
2026-08-27 23:45:49,17.12,1.08,18.49,8.45,12.97,1.33,17.23,93.2,PWM 16%,1267200,34.2,212131,-62,MOUNTED,17680.0
2026-08-27 23:55:49,17.22,1.25,21.52,12.04,13.03,1.54,20.10,93.4,PWM 21%,1267800,34.1,223157,-63,MOUNTED,20874.5
2026-08-28 00:05:49,17.38,1.53,26.59,16.47,13.13,1.90,24.91,93.7,PWM 30%,1268400,35.6,225909,-67,MOUNTED,25059.0
2026-08-28 00:15:49,17.51,1.74,30.47,21.55,13.20,2.17,28.61,93.9,PWM 37%,1269000,36.0,220280,-62,MOUNTED,28582.2
2026-08-28 00:25:49,17.54,1.79,31.40,26.78,13.22,2.24,29.58,94.2,PWM 39%,1269600,35.5,219830,-63,MOUNTED,29505.6
2026-08-28 00:35:49,17.74,2.15,38.14,33.14,13.34,2.70,36.00,94.4,PWM 20%,1270200,37.3,225834,-66,MOUNTED,35212.1
2026-08-28 00:45:49,17.88,2.39,42.73,40.26,13.43,3.01,40.47,94.7,PWM 27%,1270800,37.4,213177,-66,MOUNTED,39486.3
2026-08-28 00:55:49,17.99,2.59,46.59,48.02,13.50,3.27,44.21,94.9,PWM 33%,1271400,38.1,213266,-65,MOUNTED,42555.0
2026-08-28 01:05:49,18.08,2.73,49.36,56.25,13.55,3.46,46.94,95.1,PWM 37%,1272000,39.1,213620,-62,MOUNTED,45153.8
2026-08-28 01:15:49,18.04,2.67,48.17,64.28,13.52,3.40,45.91,95.3,PWM 35%,1272600,37.8,224835,-64,MOUNTED,43889.7
2026-08-28 01:25:49,18.21,2.97,54.08,73.29,13.63,3.79,51.65,95.5,PWM 44%,1273200,38.8,218669,-67,MOUNTED,48740.7
2026-08-28 01:35:49,18.23,3.00,54.69,82.41,13.64,3.84,52.39,95.8,PWM 45%,1273800,38.7,218673,-64,MOUNTED,49562.3
2026-08-28 01:45:49,18.31,3.14,57.49,91.99,13.69,4.03,55.19,96.0,PWM 50%,1274400,39.1,214899,-64,MOUNTED,51659.4
2026-08-28 01:55:49,18.68,3.77,70.42,103.72,13.91,4.86,67.67,96.1,PWM 70%,1275000,41.6,212968,-67,MOUNTED,61942.1
2026-08-28 02:05:49,18.75,3.90,73.13,115.91,13.95,5.05,70.42,96.3,PWM 74%,1275600,42.6,219845,-66,MOUNTED,64093.4
2026-08-28 02:15:49,18.84,4.05,76.30,128.63,14.00,5.26,73.63,96.5,PWM 79%,1276200,42.8,216914,-66,MOUNTED,66423.2
2026-08-28 02:25:49,18.75,3.90,73.13,140.82,13.95,5.07,70.72,96.7,PWM 74%,1276800,42.4,216660,-62,MOUNTED,64104.3
2026-08-28 02:35:49,18.84,4.05,76.30,153.53,14.00,5.28,73.86,96.8,PWM 79%,1277400,41.9,223574,-66,MOUNTED,66264.6
2026-08-28 02:45:49,19.23,4.73,90.96,168.69,14.24,6.20,88.23,97.0,PWM 100%,1278000,43.9,221658,-64,MOUNTED,77674.0
2026-08-28 02:55:49,18.99,4.31,81.85,182.34,14.09,5.64,79.48,97.1,PWM 87%,1278600,43.5,221824,-63,MOUNTED,70565.6
2026-08-28 03:05:49,18.94,4.24,80.31,195.72,14.07,5.55,78.14,97.3,PWM 85%,1279200,43.0,221777,-63,MOUNTED,69732.3
2026-08-28 03:15:49,19.09,4.50,85.91,210.04,14.16,5.91,83.68,97.4,PWM 94%,1279800,44.0,218650,-63,MOUNTED,73973.4
2026-08-28 03:25:49,19.48,5.16,100.52,226.79,14.39,6.81,98.01,97.5,PWM 100%,1280400,45.3,220650,-62,MOUNTED,84630.9
2026-08-28 03:35:49,19.07,4.46,85.05,240.97,14.14,5.87,83.01,97.6,PWM 92%,1281000,43.7,222640,-62,MOUNTED,73000.8
2026-08-28 03:45:49,19.45,5.12,99.58,257.56,14.37,6.77,97.29,97.7,PWM 100%,1281600,45.1,219049,-64,MOUNTED,83722.9
2026-08-28 03:55:49,19.19,4.66,89.43,272.47,14.21,6.15,87.46,97.8,PWM 99%,1282200,43.8,213364,-66,MOUNTED,76214.6
2026-08-28 04:05:49,19.50,5.20,101.40,289.37,14.40,6.89,99.17,97.8,PWM 100%,1282800,45.6,217748,-64,MOUNTED,85128.0
2026-08-28 04:15:49,19.45,5.11,99.39,305.93,14.37,6.77,97.30,97.9,PWM 100%,1283400,45.8,225920,-62,MOUNTED,83725.1
2026-08-28 04:25:49,19.67,5.50,108.19,323.97,14.50,7.30,105.92,97.9,PWM 100%,1284000,47.3,215532,-67,MOUNTED,90324.3
2026-08-28 04:35:49,19.61,5.39,105.70,341.58,14.46,7.16,103.59,98.0,PWM 100%,1284600,47.3,213631,-67,MOUNTED,88173.1
2026-08-28 04:45:49,19.38,4.99,96.71,357.70,14.33,6.61,94.78,98.0,PWM 100%,1285200,45.5,221862,-62,MOUNTED,81665.9
2026-08-28 04:55:49,19.36,4.96,96.03,373.71,14.32,6.57,94.11,98.0,PWM 100%,1285800,45.8,219854,-64,MOUNTED,81173.2
2026-08-28 05:05:49,19.56,5.31,103.86,391.02,14.44,7.05,101.78,98.0,PWM 100%,1286400,46.4,223916,-65,MOUNTED,86901.2
2026-08-28 05:15:49,19.48,5.17,100.71,407.80,14.39,6.86,98.70,98.0,PWM 100%,1287000,46.0,212448,-64,MOUNTED,84722.7
2026-08-28 05:25:49,19.59,5.35,104.81,425.27,14.45,7.11,102.71,98.0,PWM 100%,1287600,46.7,219902,-67,MOUNTED,87745.3
2026-08-28 05:35:49,19.69,5.53,108.89,443.42,14.52,7.34,106.60,97.9,PWM 100%,1288200,47.5,213699,-63,MOUNTED,90774.3
2026-08-28 05:45:49,19.55,5.29,103.42,460.65,14.43,7.02,101.25,97.9,PWM 100%,1288800,46.9,221750,-62,MOUNTED,86642.9
2026-08-28 05:55:49,19.41,5.04,97.83,476.96,14.35,6.67,95.68,97.8,PWM 100%,1289400,45.8,212158,-67,MOUNTED,82766.0
2026-08-28 06:05:49,19.23,4.73,90.96,492.12,14.24,6.25,88.96,97.8,PWM 100%,1290000,44.0,214302,-62,MOUNTED,77577.9
2026-08-28 06:15:49,19.37,4.97,96.27,508.17,14.32,6.57,94.06,97.7,PWM 100%,1290600,45.7,222627,-62,MOUNTED,81527.9
2026-08-28 06:25:49,19.15,4.59,87.90,522.82,14.19,6.05,85.79,97.6,PWM 97%,1291200,43.3,212616,-63,MOUNTED,75245.0
2026-08-28 06:35:49,19.47,5.14,100.08,539.50,14.38,6.79,97.58,97.5,PWM 100%,1291800,46.3,225332,-62,MOUNTED,84478.1
2026-08-28 06:45:49,18.98,4.29,81.42,553.07,14.09,5.63,79.30,97.4,PWM 87%,1292400,42.6,220535,-64,MOUNTED,70640.8
2026-08-28 06:55:49,18.94,4.23,80.12,566.42,14.06,5.54,77.96,97.3,PWM 85%,1293000,43.4,213624,-65,MOUNTED,69421.4
2026-08-28 07:05:49,19.20,4.68,89.86,581.40,14.22,6.14,87.25,97.1,PWM 100%,1293600,43.6,216638,-64,MOUNTED,76898.5
2026-08-28 07:15:49,18.83,4.04,76.07,594.07,14.00,5.27,73.79,97.0,PWM 78%,1294200,42.5,223979,-63,MOUNTED,66187.0
2026-08-28 07:25:49,19.02,4.36,82.93,607.90,14.11,5.69,80.28,96.8,PWM 89%,1294800,42.6,223959,-67,MOUNTED,71602.6
2026-08-28 07:35:49,18.68,3.78,70.61,619.66,13.91,4.91,68.28,96.7,PWM 70%,1295400,42.2,216555,-67,MOUNTED,61818.3
2026-08-28 07:45:49,18.85,4.08,76.91,632.48,14.01,5.30,74.22,96.5,PWM 80%,1296000,41.8,213359,-65,MOUNTED,67072.1
2026-08-28 07:55:49,18.61,3.66,68.11,643.83,13.87,4.73,65.59,96.3,PWM 66%,1296600,41.4,216265,-64,MOUNTED,60051.8
2026-08-28 08:05:49,18.63,3.69,68.74,655.29,13.88,4.76,66.06,96.1,PWM 67%,1297200,41.7,225177,-65,MOUNTED,60464.1
2026-08-28 08:15:49,18.36,3.22,59.12,665.14,13.71,4.14,56.76,96.0,PWM 52%,1297800,39.5,223067,-67,MOUNTED,52987.3
2026-08-28 08:25:49,18.26,3.05,55.69,674.43,13.65,3.91,53.35,95.8,PWM 47%,1298400,39.1,221941,-62,MOUNTED,50100.7
2026-08-28 08:35:49,18.42,3.33,61.34,684.65,13.75,4.26,58.58,95.5,PWM 56%,1299000,40.7,216910,-62,MOUNTED,54650.5
2026-08-28 08:45:49,18.19,2.93,53.30,693.53,13.61,3.73,50.79,95.3,PWM 43%,1299600,38.7,222984,-65,MOUNTED,47928.8
2026-08-28 08:55:49,18.12,2.80,50.74,701.99,13.57,3.56,48.25,95.1,PWM 39%,1300200,39.0,223784,-64,MOUNTED,45811.3
2026-08-28 09:05:49,17.99,2.58,46.41,709.72,13.49,3.26,44.04,94.9,PWM 33%,1300800,38.0,222699,-67,MOUNTED,42298.4
2026-08-28 09:15:49,17.92,2.45,43.90,717.04,13.45,3.09,41.57,94.7,PWM 29%,1301400,38.0,215204,-67,MOUNTED,40420.8
2026-08-28 09:25:49,17.65,1.99,35.12,722.89,13.29,2.49,33.15,94.4,PWM 15%,1302000,36.3,217307,-67,MOUNTED,32992.0
2026-08-28 09:35:49,17.53,1.78,31.20,728.09,13.22,2.22,29.39,94.2,PWM 38%,1302600,35.8,216196,-65,MOUNTED,29484.6
2026-08-28 09:45:49,17.49,1.72,30.08,733.11,13.19,2.14,28.25,93.9,PWM 36%,1303200,35.6,217926,-62,MOUNTED,28542.4
2026-08-28 09:55:49,17.28,1.35,23.33,737.00,13.07,1.67,21.86,93.7,PWM 25%,1303800,34.8,222587,-66,MOUNTED,22474.5
2026-08-28 10:05:49,17.21,1.23,21.17,740.52,13.03,1.52,19.77,93.4,PWM 21%,1304400,33.8,219094,-63,MOUNTED,20516.6
2026-08-28 10:15:49,17.14,1.11,19.03,743.70,12.98,1.37,17.74,93.2,PWM 17%,1305000,35.0,224145,-65,MOUNTED,18193.0
2026-08-28 10:25:49,16.96,0.80,13.57,745.96,12.88,0.98,12.61,92.9,OFF,1305600,33.3,217362,-64,MOUNTED,13094.9
2026-08-28 10:35:49,16.82,0.56,9.42,747.53,12.79,0.68,8.73,92.7,OFF,1306200,32.0,212680,-66,MOUNTED,9602.0
2026-08-28 10:45:49,16.68,0.31,5.17,748.39,12.71,0.38,4.78,92.4,OFF,1306800,31.5,218778,-65,MOUNTED,5536.6
2026-08-28 10:55:49,16.56,0.11,1.82,748.69,12.64,0.13,1.68,92.1,OFF,1307400,31.5,218180,-62,MOUNTED,2221.4
2026-08-28 11:05:49,16.50,0.00,0.00,748.69,12.60,0.00,0.00,92.0,OFF,1308000,31.5,213576,-65,MOUNTED,215.9
2026-08-28 11:15:49,16.50,0.00,0.00,748.69,12.60,0.00,0.00,92.0,OFF,1308600,31.3,221032,-66,MOUNTED,449.2
2026-08-28 11:25:49,16.50,0.00,0.00,748.69,12.60,0.00,0.00,92.0,OFF,1309200,31.2,215862,-63,MOUNTED,428.6
2026-08-28 11:35:49,16.50,0.00,0.00,748.69,12.60,0.00,0.00,92.0,OFF,1309800,32.2,224767,-63,MOUNTED,26.8
2026-08-28 11:45:49,16.50,0.00,0.00,748.69,12.60,0.00,0.00,92.0,OFF,1310400,32.1,225288,-62,MOUNTED,166.0
2026-08-28 11:55:49,16.50,0.00,0.00,748.69,12.60,0.00,0.00,92.0,OFF,1311000,31.1,221367,-62,MOUNTED,298.4
2026-08-28 23:05:49,16.57,0.12,1.99,0.33,12.64,0.14,1.83,92.1,OFF,1351200,32.1,214959,-65,MOUNTED,2308.8
2026-08-28 23:15:49,16.69,0.32,5.34,1.22,12.71,0.39,4.93,92.4,OFF,1351800,31.6,225449,-67,MOUNTED,5449.8
2026-08-28 23:25:49,16.80,0.52,8.74,2.68,12.78,0.63,8.10,92.7,OFF,1352400,31.9,218667,-66,MOUNTED,8789.6
2026-08-28 23:35:49,16.95,0.78,13.22,4.88,12.87,0.95,12.28,92.9,OFF,1353000,32.9,222709,-62,MOUNTED,12819.5
2026-08-28 23:45:49,17.10,1.05,17.96,7.87,12.96,1.29,16.74,93.2,PWM 15%,1353600,33.9,217186,-63,MOUNTED,17205.8
2026-08-28 23:55:49,17.20,1.21,20.81,11.34,13.02,1.49,19.44,93.4,PWM 20%,1354200,34.6,216301,-66,MOUNTED,19872.6
2026-08-29 00:05:49,17.36,1.49,25.87,15.65,13.12,1.85,24.24,93.7,PWM 29%,1354800,35.6,217110,-63,MOUNTED,24712.6
2026-08-29 00:15:49,17.49,1.71,29.91,20.64,13.19,2.13,28.09,93.9,PWM 36%,1355400,36.0,225840,-67,MOUNTED,28189.3
2026-08-29 00:25:49,17.62,1.95,34.36,26.37,13.27,2.44,32.37,94.2,PWM 44%,1356000,35.9,212922,-62,MOUNTED,32085.4
2026-08-29 00:35:49,17.80,2.26,40.23,33.07,13.38,2.84,37.98,94.4,PWM 23%,1356600,37.9,217777,-64,MOUNTED,36966.7
2026-08-29 00:45:49,17.71,2.09,37.01,39.24,13.32,2.63,35.05,94.7,PWM 18%,1357200,36.3,219069,-65,MOUNTED,34549.7
2026-08-29 00:55:49,18.03,2.65,47.78,47.20,13.52,3.35,45.34,94.9,PWM 35%,1357800,38.3,216552,-64,MOUNTED,43407.6
2026-08-29 01:05:49,18.14,2.83,51.34,55.76,13.58,3.59,48.82,95.1,PWM 40%,1358400,38.8,221932,-63,MOUNTED,46339.5
2026-08-29 01:15:49,18.15,2.86,51.91,64.41,13.59,3.64,49.47,95.3,PWM 41%,1359000,38.2,224283,-66,MOUNTED,46823.0
2026-08-29 01:25:49,18.29,3.11,56.88,73.89,13.68,3.97,54.32,95.5,PWM 49%,1359600,39.0,225456,-63,MOUNTED,50955.2
2026-08-29 01:35:49,18.21,2.97,54.08,82.91,13.63,3.80,51.81,95.8,PWM 44%,1360200,39.1,215859,-63,MOUNTED,48784.3
2026-08-29 01:45:49,18.54,3.54,65.63,93.84,13.82,4.56,63.00,96.0,PWM 62%,1360800,41.1,212037,-65,MOUNTED,58046.8
2026-08-29 01:55:49,18.77,3.93,73.77,106.14,13.96,5.08,70.89,96.1,PWM 75%,1361400,41.8,223673,-64,MOUNTED,64277.6
2026-08-29 02:05:49,18.74,3.88,72.71,118.26,13.94,5.02,70.02,96.3,PWM 73%,1362000,41.6,221791,-64,MOUNTED,63892.8
2026-08-29 02:15:49,18.80,3.99,75.01,130.76,13.98,5.18,72.38,96.5,PWM 77%,1362600,42.5,215173,-65,MOUNTED,65698.8
2026-08-29 02:25:49,18.89,4.15,78.39,143.82,14.04,5.40,75.80,96.7,PWM 82%,1363200,42.6,223114,-64,MOUNTED,67871.9
2026-08-29 02:35:49,18.75,3.91,73.31,156.04,13.95,5.09,70.96,96.8,PWM 74%,1363800,42.2,215640,-62,MOUNTED,64274.2
2026-08-29 02:45:49,18.80,3.99,75.01,168.54,13.98,5.20,72.76,97.0,PWM 77%,1364400,42.5,223225,-63,MOUNTED,65666.7
2026-08-29 02:55:49,19.13,4.56,87.23,183.08,14.18,5.97,84.70,97.1,PWM 96%,1365000,43.8,222270,-63,MOUNTED,75066.7
2026-08-29 03:05:49,19.09,4.48,85.52,197.33,14.15,5.88,83.21,97.3,PWM 93%,1365600,43.3,213411,-64,MOUNTED,73535.5
2026-08-29 03:15:49,19.32,4.88,94.28,213.05,14.29,6.43,91.83,97.4,PWM 100%,1366200,45.0,213779,-67,MOUNTED,79975.6
2026-08-29 03:25:49,19.05,4.42,84.20,227.08,14.13,5.81,82.09,97.5,PWM 91%,1366800,44.1,224331,-66,MOUNTED,72478.1
2026-08-29 03:35:49,19.20,4.68,89.86,242.06,14.22,6.17,87.70,97.6,PWM 100%,1367400,43.9,224862,-63,MOUNTED,77041.1
2026-08-29 03:45:49,19.38,5.00,96.90,258.21,14.33,6.61,94.67,97.7,PWM 100%,1368000,45.1,214908,-67,MOUNTED,81796.7
2026-08-29 03:55:49,19.15,4.60,88.09,272.89,14.19,6.07,86.15,97.8,PWM 97%,1368600,44.2,221564,-64,MOUNTED,75560.3
2026-08-29 04:05:49,19.51,5.22,101.84,289.86,14.41,6.91,99.60,97.8,PWM 100%,1369200,46.3,222123,-66,MOUNTED,85555.3
2026-08-29 04:15:49,19.27,4.80,92.50,305.28,14.26,6.35,90.56,97.9,PWM 100%,1369800,44.5,225398,-67,MOUNTED,78872.1
2026-08-29 04:25:49,19.70,5.55,109.33,323.50,14.52,7.37,107.03,97.9,PWM 100%,1370400,47.4,216163,-62,MOUNTED,90958.2
2026-08-29 04:35:49,19.51,5.23,102.04,340.51,14.41,6.94,100.00,98.0,PWM 100%,1371000,45.8,218131,-62,MOUNTED,85447.4
2026-08-29 04:45:49,19.47,5.14,100.08,357.19,14.38,6.82,98.08,98.0,PWM 100%,1371600,45.7,222765,-63,MOUNTED,84355.4
2026-08-29 04:55:49,19.57,5.32,104.11,374.54,14.44,7.07,102.03,98.0,PWM 100%,1372200,46.9,222081,-66,MOUNTED,87105.4
2026-08-29 05:05:49,19.58,5.34,104.56,391.97,14.45,7.09,102.47,98.0,PWM 100%,1372800,46.3,218926,-66,MOUNTED,87434.6
2026-08-29 05:15:49,19.68,5.51,108.44,410.04,14.51,7.32,106.27,98.0,PWM 100%,1373400,46.8,220705,-62,MOUNTED,90464.2
2026-08-29 05:25:49,19.52,5.23,102.09,427.06,14.41,6.94,100.05,98.0,PWM 100%,1374000,45.6,225646,-62,MOUNTED,85808.3
2026-08-29 05:35:49,19.75,5.63,111.19,445.59,14.55,7.48,108.86,97.9,PWM 100%,1374600,47.8,225710,-63,MOUNTED,92358.3
2026-08-29 05:45:49,19.69,5.52,108.69,463.70,14.51,7.33,106.41,97.9,PWM 100%,1375200,47.2,218820,-63,MOUNTED,90574.5
2026-08-29 05:55:49,19.41,5.04,97.83,480.01,14.34,6.67,95.68,97.8,PWM 100%,1375800,45.6,222084,-67,MOUNTED,82736.3
2026-08-29 06:05:49,19.09,4.50,85.91,494.33,14.16,5.93,84.02,97.8,PWM 94%,1376400,44.3,223212,-65,MOUNTED,73657.1
2026-08-29 06:15:49,19.58,5.34,104.56,511.75,14.45,7.07,102.16,97.7,PWM 100%,1377000,46.7,217874,-66,MOUNTED,87727.1
2026-08-29 06:25:49,19.30,4.85,93.60,527.35,14.28,6.40,91.35,97.6,PWM 100%,1377600,45.4,224232,-63,MOUNTED,79387.4
2026-08-29 06:35:49,19.42,5.06,98.27,543.73,14.35,6.68,95.81,97.5,PWM 100%,1378200,45.3,219159,-65,MOUNTED,83145.0
2026-08-29 06:45:49,19.01,4.35,82.69,557.51,14.11,5.71,80.54,97.4,PWM 89%,1378800,43.8,220290,-65,MOUNTED,71331.5
2026-08-29 06:55:49,19.05,4.42,84.20,571.54,14.13,5.80,81.93,97.3,PWM 91%,1379400,42.9,213310,-65,MOUNTED,72368.5
2026-08-29 07:05:49,19.12,4.54,86.80,586.01,14.17,5.95,84.28,97.1,PWM 95%,1380000,44.1,218136,-66,MOUNTED,74589.7
2026-08-29 07:15:49,18.81,4.01,75.43,598.58,13.99,5.23,73.17,97.0,PWM 77%,1380600,42.0,224105,-63,MOUNTED,65810.8
2026-08-29 07:25:49,18.85,4.07,76.72,611.37,14.01,5.30,74.26,96.8,PWM 79%,1381200,42.1,223082,-65,MOUNTED,66972.2
2026-08-29 07:35:49,18.84,4.06,76.49,624.12,14.00,5.28,73.97,96.7,PWM 79%,1381800,41.9,224961,-63,MOUNTED,66506.1
2026-08-29 07:45:49,18.82,4.02,75.66,636.73,13.99,5.22,73.01,96.5,PWM 78%,1382400,41.7,217955,-62,MOUNTED,66103.2
2026-08-29 07:55:49,18.81,4.00,75.24,649.27,13.98,5.18,72.46,96.3,PWM 77%,1383000,42.5,223422,-65,MOUNTED,65473.2
2026-08-29 08:05:49,18.56,3.56,66.07,660.28,13.83,4.59,63.49,96.1,PWM 63%,1383600,40.9,220299,-66,MOUNTED,58728.5
2026-08-29 08:15:49,18.35,3.21,58.90,670.10,13.71,4.12,56.54,96.0,PWM 52%,1384200,40.3,223416,-65,MOUNTED,52639.4
2026-08-29 08:25:49,18.19,2.93,53.30,678.98,13.62,3.75,51.06,95.8,PWM 43%,1384800,39.4,218273,-64,MOUNTED,48335.0
2026-08-29 08:35:49,18.14,2.84,51.52,687.57,13.58,3.62,49.20,95.5,PWM 41%,1385400,39.5,220265,-63,MOUNTED,46711.1
2026-08-29 08:45:49,18.15,2.86,51.91,696.22,13.59,3.64,49.47,95.3,PWM 41%,1386000,39.4,222994,-64,MOUNTED,46755.5
2026-08-29 08:55:49,17.99,2.59,46.59,703.98,13.50,3.28,44.31,95.1,PWM 33%,1386600,38.8,222847,-62,MOUNTED,42347.3
2026-08-29 09:05:49,17.81,2.28,40.61,710.75,13.39,2.88,38.54,94.9,PWM 24%,1387200,37.9,215881,-62,MOUNTED,37528.0
2026-08-29 09:15:49,17.71,2.09,37.01,716.92,13.32,2.63,35.05,94.7,PWM 18%,1387800,36.1,217818,-65,MOUNTED,34668.5
2026-08-29 09:25:49,17.65,2.00,35.30,722.80,13.29,2.51,33.32,94.4,PWM 15%,1388400,36.2,220815,-64,MOUNTED,33061.3
2026-08-29 09:35:49,17.56,1.84,32.31,728.19,13.24,2.30,30.44,94.2,PWM 40%,1389000,36.5,218230,-67,MOUNTED,30320.5
2026-08-29 09:45:49,17.40,1.57,27.32,732.74,13.14,1.95,25.65,93.9,PWM 32%,1389600,35.2,214971,-63,MOUNTED,25979.9
2026-08-29 09:55:49,17.41,1.58,27.51,737.33,13.15,1.96,25.78,93.7,PWM 32%,1390200,35.2,220807,-66,MOUNTED,25762.3
2026-08-29 10:05:49,17.19,1.19,20.46,740.74,13.01,1.47,19.11,93.4,PWM 20%,1390800,34.6,217589,-66,MOUNTED,19479.1
2026-08-29 10:15:49,17.04,0.94,16.02,743.41,12.93,1.15,14.93,93.2,PWM 12%,1391400,34.3,218998,-67,MOUNTED,15879.9
2026-08-29 10:25:49,16.95,0.77,13.05,745.58,12.87,0.94,12.12,92.9,OFF,1392000,33.3,218917,-62,MOUNTED,12679.4
2026-08-29 10:35:49,16.79,0.51,8.56,747.01,12.78,0.62,7.94,92.7,OFF,1392600,32.1,218143,-62,MOUNTED,8549.9
2026-08-29 10:45:49,16.68,0.31,5.17,747.87,12.71,0.38,4.78,92.4,OFF,1393200,31.9,212101,-64,MOUNTED,5147.0
2026-08-29 10:55:49,16.57,0.12,1.99,748.20,12.64,0.14,1.83,92.1,OFF,1393800,31.3,213690,-66,MOUNTED,1902.5
2026-08-29 11:05:49,16.50,0.00,0.00,748.20,12.60,0.00,0.00,92.0,OFF,1394400,31.7,225285,-67,MOUNTED,151.4
2026-08-29 11:15:49,16.50,0.00,0.00,748.20,12.60,0.00,0.00,92.0,OFF,1395000,31.0,215244,-62,MOUNTED,297.6
2026-08-29 11:25:49,16.50,0.00,0.00,748.20,12.60,0.00,0.00,92.0,OFF,1395600,31.6,225163,-66,MOUNTED,1.4
2026-08-29 11:35:49,16.50,0.00,0.00,748.20,12.60,0.00,0.00,92.0,OFF,1396200,31.4,214367,-65,MOUNTED,116.1
2026-08-29 11:45:49,16.50,0.00,0.00,748.20,12.60,0.00,0.00,92.0,OFF,1396800,31.0,221142,-62,MOUNTED,319.4
2026-08-29 11:55:49,16.50,0.00,0.00,748.20,12.60,0.00,0.00,92.0,OFF,1397400,31.2,213082,-62,MOUNTED,425.5
2026-08-29 23:05:49,16.56,0.10,1.66,0.28,12.64,0.12,1.53,92.1,OFF,1437600,31.8,212579,-63,MOUNTED,1843.9
2026-08-29 23:15:49,16.70,0.34,5.68,1.22,12.72,0.41,5.25,92.4,OFF,1438200,31.3,220143,-64,MOUNTED,5822.2
2026-08-29 23:25:49,16.84,0.59,9.94,2.88,12.81,0.72,9.21,92.7,OFF,1438800,31.6,220667,-62,MOUNTED,9861.7
2026-08-29 23:35:49,16.95,0.78,13.22,5.08,12.87,0.95,12.28,92.9,OFF,1439400,33.8,213179,-63,MOUNTED,13062.1
2026-08-29 23:45:49,17.14,1.10,18.85,8.22,12.98,1.35,17.57,93.2,PWM 17%,1440000,34.8,223593,-62,MOUNTED,18278.5
2026-08-29 23:55:49,17.15,1.12,19.21,11.43,12.99,1.38,17.94,93.4,PWM 17%,1440600,34.1,213637,-66,MOUNTED,18411.8
2026-08-30 00:05:49,17.37,1.50,26.05,15.77,13.12,1.86,24.41,93.7,PWM 29%,1441200,35.1,221170,-66,MOUNTED,24740.7
2026-08-30 00:15:49,17.39,1.54,26.78,20.23,13.13,1.92,25.15,93.9,PWM 31%,1441800,35.2,223695,-64,MOUNTED,25225.6
2026-08-30 00:25:49,17.56,1.84,32.31,25.62,13.24,2.30,30.44,94.2,PWM 40%,1442400,36.8,224052,-67,MOUNTED,30364.9
2026-08-30 00:35:49,17.67,2.03,35.87,31.59,13.30,2.55,33.86,94.4,PWM 16%,1443000,36.1,219207,-65,MOUNTED,33337.3
2026-08-30 00:45:49,17.73,2.13,37.76,37.89,13.34,2.68,35.76,94.7,PWM 19%,1443600,36.2,217183,-62,MOUNTED,35281.0
2026-08-30 00:55:49,17.82,2.29,40.81,44.69,13.39,2.89,38.73,94.9,PWM 24%,1444200,37.2,215612,-63,MOUNTED,37947.4
2026-08-30 01:05:49,18.02,2.63,47.39,52.59,13.51,3.34,45.07,95.1,PWM 34%,1444800,38.0,218920,-67,MOUNTED,43157.1
2026-08-30 01:15:49,18.24,3.02,55.08,61.77,13.64,3.85,52.49,95.3,PWM 46%,1445400,39.7,221992,-67,MOUNTED,49710.0
2026-08-30 01:25:49,18.42,3.33,61.34,71.99,13.75,4.26,58.58,95.5,PWM 56%,1446000,40.7,224378,-64,MOUNTED,54493.0
2026-08-30 01:35:49,18.45,3.38,62.36,82.39,13.77,4.34,59.74,95.8,PWM 57%,1446600,40.1,212975,-62,MOUNTED,55443.2
2026-08-30 01:45:49,18.62,3.67,68.34,93.78,13.87,4.73,65.61,96.0,PWM 67%,1447200,41.5,221496,-62,MOUNTED,60123.1
2026-08-30 01:55:49,18.57,3.59,66.67,104.89,13.84,4.63,64.07,96.1,PWM 64%,1447800,40.7,223023,-64,MOUNTED,59045.0
2026-08-30 02:05:49,18.78,3.95,74.18,117.25,13.97,5.11,71.44,96.3,PWM 76%,1448400,42.6,221033,-63,MOUNTED,64584.9
2026-08-30 02:15:49,18.62,3.68,68.52,128.67,13.87,4.77,66.12,96.5,PWM 67%,1449000,40.9,222833,-64,MOUNTED,60555.6
2026-08-30 02:25:49,19.05,4.42,84.20,142.70,14.13,5.76,81.42,96.7,PWM 91%,1449600,44.0,217462,-63,MOUNTED,72645.4
2026-08-30 02:35:49,18.69,3.80,71.02,154.54,13.92,4.94,68.75,96.8,PWM 71%,1450200,41.6,224036,-63,MOUNTED,62483.8
2026-08-30 02:45:49,19.01,4.35,82.69,168.32,14.10,5.69,80.21,97.0,PWM 89%,1450800,43.4,220871,-62,MOUNTED,71179.9
2026-08-30 02:55:49,19.15,4.60,88.09,183.00,14.19,6.03,85.54,97.1,PWM 97%,1451400,43.5,222569,-63,MOUNTED,75512.2
2026-08-30 03:05:49,18.93,4.21,79.70,196.29,14.06,5.52,77.55,97.3,PWM 84%,1452000,42.5,224281,-66,MOUNTED,69113.2
2026-08-30 03:15:49,19.09,4.49,85.71,210.57,14.16,5.90,83.48,97.4,PWM 93%,1452600,43.0,218203,-64,MOUNTED,73879.3
2026-08-30 03:25:49,19.22,4.71,90.53,225.66,14.23,6.20,88.27,97.5,PWM 100%,1453200,44.4,212698,-62,MOUNTED,77274.1
2026-08-30 03:35:49,19.55,5.29,103.42,242.90,14.43,7.00,100.94,97.6,PWM 100%,1453800,46.8,219679,-63,MOUNTED,86643.5
2026-08-30 03:45:49,19.56,5.30,103.67,260.17,14.44,7.01,101.29,97.7,PWM 100%,1454400,46.7,223098,-65,MOUNTED,87051.6
2026-08-30 03:55:49,19.23,4.73,90.96,275.33,14.24,6.25,88.96,97.8,PWM 100%,1455000,43.9,222946,-63,MOUNTED,77875.8
2026-08-30 04:05:49,19.62,5.40,105.95,292.99,14.47,7.16,103.62,97.8,PWM 100%,1455600,46.7,213388,-66,MOUNTED,88828.0
2026-08-30 04:15:49,19.25,4.77,91.82,308.30,14.25,6.31,89.89,97.9,PWM 100%,1456200,45.2,224527,-64,MOUNTED,78210.7
2026-08-30 04:25:49,19.69,5.52,108.69,326.41,14.51,7.33,106.41,97.9,PWM 100%,1456800,46.4,223955,-66,MOUNTED,90402.2
2026-08-30 04:35:49,19.60,5.37,105.25,343.95,14.46,7.13,103.14,98.0,PWM 100%,1457400,47.1,219394,-66,MOUNTED,87799.2
2026-08-30 04:45:49,19.20,4.67,89.66,358.90,14.22,6.18,87.87,98.0,PWM 99%,1458000,45.0,218629,-65,MOUNTED,76777.4
2026-08-30 04:55:49,19.28,4.82,92.93,374.39,14.27,6.38,91.07,98.0,PWM 100%,1458600,45.4,216166,-66,MOUNTED,79222.8
2026-08-30 05:05:49,19.77,5.67,112.10,393.07,14.56,7.55,109.86,98.0,PWM 100%,1459200,47.2,218902,-65,MOUNTED,92813.2
2026-08-30 05:15:49,19.52,5.23,102.09,410.08,14.41,6.94,100.05,98.0,PWM 100%,1459800,46.2,220997,-67,MOUNTED,85973.8
2026-08-30 05:25:49,19.34,4.93,95.35,425.98,14.31,6.53,93.44,98.0,PWM 100%,1460400,44.9,216509,-67,MOUNTED,80747.8
2026-08-30 05:35:49,19.44,5.10,99.14,442.50,14.37,6.75,97.06,97.9,PWM 100%,1461000,46.4,221887,-62,MOUNTED,83697.5
2026-08-30 05:45:49,19.72,5.58,110.04,460.84,14.53,7.41,107.73,97.9,PWM 100%,1461600,47.3,224536,-65,MOUNTED,91469.9
2026-08-30 05:55:49,19.47,5.16,100.47,477.58,14.38,6.83,98.26,97.8,PWM 100%,1462200,46.4,212170,-63,MOUNTED,84783.3
2026-08-30 06:05:49,19.51,5.22,101.84,494.56,14.41,6.91,99.60,97.8,PWM 100%,1462800,46.2,218812,-66,MOUNTED,85309.2
2026-08-30 06:15:49,19.19,4.65,89.23,509.43,14.21,6.14,87.18,97.7,PWM 99%,1463400,44.7,218994,-66,MOUNTED,76353.5
2026-08-30 06:25:49,19.44,5.09,98.95,525.92,14.36,6.73,96.58,97.6,PWM 100%,1464000,45.4,216307,-63,MOUNTED,83636.4
2026-08-30 06:35:49,19.20,4.68,89.86,540.90,14.22,6.16,87.61,97.5,PWM 100%,1464600,44.9,222085,-64,MOUNTED,76811.7
2026-08-30 06:45:49,18.96,4.27,80.96,554.39,14.08,5.60,78.86,97.4,PWM 86%,1465200,43.1,222610,-63,MOUNTED,69758.0
2026-08-30 06:55:49,19.31,4.87,94.04,570.06,14.29,6.40,91.50,97.3,PWM 100%,1465800,44.4,212953,-63,MOUNTED,79998.8
2026-08-30 07:05:49,18.84,4.06,76.49,582.81,14.01,5.30,74.27,97.1,PWM 79%,1466400,42.9,216371,-65,MOUNTED,66472.5
2026-08-30 07:15:49,19.08,4.46,85.10,596.99,14.15,5.83,82.55,97.0,PWM 92%,1467000,43.9,213299,-66,MOUNTED,72974.8
2026-08-30 07:25:49,19.00,4.33,82.27,610.71,14.10,5.65,79.64,96.8,PWM 88%,1467600,43.6,217866,-65,MOUNTED,71241.3
2026-08-30 07:35:49,18.67,3.76,70.20,622.41,13.90,4.88,67.88,96.7,PWM 69%,1468200,40.8,215850,-67,MOUNTED,61534.1
2026-08-30 07:45:49,18.68,3.78,70.61,634.17,13.91,4.90,68.14,96.5,PWM 70%,1468800,41.5,216469,-62,MOUNTED,61994.2
2026-08-30 07:55:49,18.72,3.85,72.07,646.19,13.93,4.98,69.40,96.3,PWM 72%,1469400,41.6,213526,-63,MOUNTED,63296.0
2026-08-30 08:05:49,18.74,3.89,72.90,658.34,13.95,5.02,70.06,96.1,PWM 74%,1470000,41.3,220373,-64,MOUNTED,64032.3
2026-08-30 08:15:49,18.32,3.15,57.71,667.95,13.69,4.05,55.40,96.0,PWM 50%,1470600,40.3,214406,-65,MOUNTED,51739.9
2026-08-30 08:25:49,18.23,3.01,54.87,677.10,13.64,3.85,52.57,95.8,PWM 46%,1471200,39.9,221009,-65,MOUNTED,49429.8
2026-08-30 08:35:49,18.35,3.21,58.90,686.92,13.71,4.10,56.25,95.5,PWM 52%,1471800,40.1,224967,-65,MOUNTED,52631.3
2026-08-30 08:45:49,18.04,2.67,48.17,694.94,13.53,3.39,45.91,95.3,PWM 35%,1472400,38.8,219323,-65,MOUNTED,43854.8
2026-08-30 08:55:49,17.94,2.50,44.85,702.42,13.46,3.17,42.65,95.1,PWM 30%,1473000,37.6,224641,-64,MOUNTED,41108.2
2026-08-30 09:05:49,17.87,2.37,42.35,709.48,13.42,2.99,40.19,94.9,PWM 26%,1473600,38.2,224543,-65,MOUNTED,38981.1
2026-08-30 09:15:49,17.70,2.08,36.82,715.61,13.32,2.62,34.87,94.7,PWM 18%,1474200,37.5,222168,-67,MOUNTED,34073.7
2026-08-30 09:25:49,17.68,2.04,36.07,721.63,13.31,2.56,34.05,94.4,PWM 17%,1474800,36.4,222752,-63,MOUNTED,33631.7
2026-08-30 09:35:49,17.60,1.90,33.44,727.20,13.26,2.38,31.50,94.2,PWM 42%,1475400,36.0,214287,-66,MOUNTED,31160.4
2026-08-30 09:45:49,17.37,1.51,26.23,731.57,13.12,1.88,24.63,93.9,PWM 30%,1476000,34.6,220145,-64,MOUNTED,25006.4
2026-08-30 09:55:49,17.26,1.31,22.61,735.34,13.05,1.62,21.19,93.7,PWM 23%,1476600,34.7,222831,-65,MOUNTED,21685.3
2026-08-30 10:05:49,17.18,1.18,20.27,738.72,13.01,1.46,18.93,93.4,PWM 19%,1477200,33.7,217199,-67,MOUNTED,19372.9
2026-08-30 10:15:49,17.09,1.02,17.43,741.62,12.95,1.25,16.24,93.2,PWM 14%,1477800,34.4,222144,-65,MOUNTED,17050.6
2026-08-30 10:25:49,16.99,0.85,14.44,744.03,12.90,1.04,13.41,92.9,OFF,1478400,33.7,217786,-62,MOUNTED,14158.5
2026-08-30 10:35:49,16.81,0.54,9.08,745.54,12.79,0.66,8.42,92.7,OFF,1479000,32.2,220490,-66,MOUNTED,9088.8
2026-08-30 10:45:49,16.70,0.34,5.68,746.49,12.72,0.41,5.25,92.4,OFF,1479600,32.0,217248,-62,MOUNTED,5685.8
2026-08-30 10:55:49,16.56,0.11,1.82,746.79,12.64,0.13,1.68,92.1,OFF,1480200,32.0,224784,-67,MOUNTED,1875.9
2026-08-30 11:05:49,16.50,0.00,0.00,746.79,12.60,0.00,0.00,92.0,OFF,1480800,30.9,219793,-67,MOUNTED,116.5
2026-08-30 11:15:49,16.50,0.00,0.00,746.79,12.60,0.00,0.00,92.0,OFF,1481400,30.8,217589,-64,MOUNTED,192.8
2026-08-30 11:25:49,16.50,0.00,0.00,746.79,12.60,0.00,0.00,92.0,OFF,1482000,31.5,217923,-65,MOUNTED,113.1
2026-08-30 11:35:49,16.50,0.00,0.00,746.79,12.60,0.00,0.00,92.0,OFF,1482600,31.1,218137,-67,MOUNTED,248.4
2026-08-30 11:45:49,16.50,0.00,0.00,746.79,12.60,0.00,0.00,92.0,OFF,1483200,30.8,223964,-67,MOUNTED,153.2
2026-08-30 11:55:49,16.50,0.00,0.00,746.79,12.60,0.00,0.00,92.0,OFF,1483800,31.4,220574,-66,MOUNTED,41.1
2026-08-30 23:05:49,16.56,0.11,1.82,0.30,12.64,0.13,1.68,92.1,OFF,1524000,31.4,222512,-67,MOUNTED,2229.4
2026-08-30 23:15:49,16.70,0.34,5.68,1.25,12.72,0.41,5.25,92.4,OFF,1524600,31.4,225474,-63,MOUNTED,5978.3
2026-08-30 23:25:49,16.83,0.57,9.59,2.85,12.80,0.69,8.89,92.7,OFF,1525200,31.3,222395,-65,MOUNTED,9501.0
2026-08-30 23:35:49,16.92,0.73,12.35,4.91,12.85,0.89,11.47,92.9,OFF,1525800,33.0,215582,-65,MOUNTED,12056.6
2026-08-30 23:45:49,17.09,1.02,17.43,7.81,12.95,1.25,16.24,93.2,PWM 14%,1526400,33.9,220084,-62,MOUNTED,17074.9
2026-08-30 23:55:49,17.26,1.31,22.61,11.58,13.05,1.62,21.12,93.4,PWM 23%,1527000,35.3,218760,-66,MOUNTED,21430.1
2026-08-31 00:05:49,17.26,1.33,22.96,15.41,13.06,1.65,21.51,93.7,PWM 24%,1527600,35.2,222464,-62,MOUNTED,21878.0
2026-08-31 00:15:49,17.37,1.52,26.40,19.81,13.12,1.89,24.79,93.9,PWM 30%,1528200,35.0,213136,-64,MOUNTED,24864.2
2026-08-31 00:25:49,17.69,2.06,36.44,25.88,13.31,2.58,34.33,94.2,PWM 17%,1528800,37.3,221371,-62,MOUNTED,34158.7
2026-08-31 00:35:49,17.60,1.90,33.44,31.45,13.26,2.38,31.57,94.4,PWM 42%,1529400,36.4,214501,-67,MOUNTED,31390.7
2026-08-31 00:45:49,17.85,2.34,41.77,38.41,13.41,2.95,39.56,94.7,PWM 25%,1530000,37.8,215532,-65,MOUNTED,38429.3
2026-08-31 00:55:49,17.88,2.39,42.73,45.54,13.43,3.02,40.55,94.9,PWM 27%,1530600,37.7,214480,-64,MOUNTED,39047.8
2026-08-31 01:05:49,18.18,2.91,52.90,54.35,13.61,3.70,50.31,95.1,PWM 43%,1531200,38.8,213450,-64,MOUNTED,47942.9
2026-08-31 01:15:49,18.01,2.63,47.37,62.25,13.51,3.34,45.14,95.3,PWM 34%,1531800,37.8,221995,-63,MOUNTED,43164.1
2026-08-31 01:25:49,18.12,2.81,50.92,70.73,13.57,3.58,48.63,95.5,PWM 40%,1532400,39.2,224544,-66,MOUNTED,46385.2
2026-08-31 01:35:49,18.55,3.55,65.85,81.71,13.83,4.56,63.08,95.8,PWM 63%,1533000,41.0,217666,-64,MOUNTED,58162.5
2026-08-31 01:45:49,18.39,3.27,60.14,91.73,13.73,4.20,57.73,96.0,PWM 54%,1533600,39.5,212003,-64,MOUNTED,53872.0
2026-08-31 01:55:49,18.56,3.57,66.26,102.78,13.84,4.60,63.68,96.1,PWM 63%,1534200,41.5,217783,-63,MOUNTED,58782.4
2026-08-31 02:05:49,18.66,3.74,69.79,114.41,13.89,4.84,67.21,96.3,PWM 69%,1534800,41.5,216973,-66,MOUNTED,61508.9
2026-08-31 02:15:49,18.92,4.19,79.27,127.62,14.05,5.44,76.50,96.5,PWM 83%,1535400,42.3,218127,-65,MOUNTED,68542.3
2026-08-31 02:25:49,19.02,4.36,82.93,141.44,14.11,5.68,80.19,96.7,PWM 89%,1536000,42.9,219826,-67,MOUNTED,71529.6
2026-08-31 02:35:49,18.73,3.86,72.30,153.49,13.94,5.02,69.99,96.8,PWM 73%,1536600,41.6,218182,-63,MOUNTED,63226.0
2026-08-31 02:45:49,19.11,4.53,86.57,167.92,14.17,5.93,83.97,97.0,PWM 95%,1537200,43.6,220063,-63,MOUNTED,74270.1
2026-08-31 02:55:49,19.20,4.68,89.86,182.90,14.22,6.14,87.25,97.1,PWM 100%,1537800,44.5,220213,-67,MOUNTED,76641.5
2026-08-31 03:05:49,19.38,5.00,96.90,199.05,14.33,6.58,94.28,97.3,PWM 100%,1538400,45.7,218160,-63,MOUNTED,82112.6
2026-08-31 03:15:49,18.98,4.31,81.80,212.68,14.09,5.65,79.67,97.4,PWM 87%,1539000,42.5,219455,-67,MOUNTED,70783.7
2026-08-31 03:25:49,19.26,4.78,92.06,228.02,14.25,6.30,89.76,97.5,PWM 100%,1539600,45.1,213166,-67,MOUNTED,78351.7
2026-08-31 03:35:49,19.29,4.84,93.36,243.58,14.28,6.38,91.12,97.6,PWM 100%,1540200,44.9,222022,-62,MOUNTED,79547.0
2026-08-31 03:45:49,19.57,5.32,104.11,260.94,14.44,7.04,101.72,97.7,PWM 100%,1540800,46.6,217646,-67,MOUNTED,87075.0
2026-08-31 03:55:49,19.44,5.09,98.95,277.43,14.36,6.74,96.77,97.8,PWM 100%,1541400,45.5,220949,-67,MOUNTED,83512.7
2026-08-31 04:05:49,19.57,5.33,104.31,294.81,14.44,7.07,102.02,97.8,PWM 100%,1542000,45.8,225793,-62,MOUNTED,87163.1
2026-08-31 04:15:49,19.23,4.74,91.15,310.00,14.24,6.27,89.24,97.9,PWM 100%,1542600,44.5,215465,-63,MOUNTED,77520.2
2026-08-31 04:25:49,19.53,5.25,102.53,327.09,14.42,6.96,100.38,97.9,PWM 100%,1543200,46.1,212175,-65,MOUNTED,86293.9
2026-08-31 04:35:49,19.65,5.45,107.09,344.94,14.49,7.24,104.95,98.0,PWM 100%,1543800,46.7,222913,-62,MOUNTED,89557.4
2026-08-31 04:45:49,19.60,5.38,105.45,362.51,14.46,7.15,103.34,98.0,PWM 100%,1544400,46.4,215228,-64,MOUNTED,87976.5
2026-08-31 04:55:49,19.24,4.76,91.58,377.78,14.25,6.30,89.75,98.0,PWM 100%,1545000,43.9,224391,-67,MOUNTED,78096.5
2026-08-31 05:05:49,19.69,5.52,108.69,395.89,14.51,7.34,106.52,98.0,PWM 100%,1545600,47.3,224493,-67,MOUNTED,90713.5
2026-08-31 05:15:49,19.45,5.11,99.39,412.46,14.37,6.78,97.40,98.0,PWM 100%,1546200,45.2,217217,-66,MOUNTED,83907.7
2026-08-31 05:25:49,19.47,5.15,100.27,429.17,14.38,6.83,98.26,98.0,PWM 100%,1546800,46.2,220484,-64,MOUNTED,84215.3
2026-08-31 05:35:49,19.42,5.06,98.27,445.55,14.35,6.70,96.21,97.9,PWM 100%,1547400,46.0,214382,-63,MOUNTED,83193.8
2026-08-31 05:45:49,19.40,5.02,97.39,461.78,14.34,6.65,95.34,97.9,PWM 100%,1548000,45.1,220634,-64,MOUNTED,82372.5
2026-08-31 05:55:49,19.40,5.03,97.58,478.04,14.34,6.65,95.43,97.8,PWM 100%,1548600,45.3,218613,-67,MOUNTED,82246.0
2026-08-31 06:05:49,19.47,5.14,100.08,494.72,14.38,6.81,97.88,97.8,PWM 100%,1549200,45.2,217852,-66,MOUNTED,84529.1
2026-08-31 06:15:49,19.21,4.70,90.29,509.77,14.23,6.20,88.21,97.7,PWM 100%,1549800,44.7,223909,-66,MOUNTED,77006.9
2026-08-31 06:25:49,19.03,4.38,83.35,523.66,14.12,5.76,81.35,97.6,PWM 90%,1550400,43.9,215159,-62,MOUNTED,71624.0
2026-08-31 06:35:49,19.18,4.64,89.00,538.50,14.21,6.11,86.77,97.5,PWM 98%,1551000,44.4,215271,-67,MOUNTED,76086.6
2026-08-31 06:45:49,19.37,4.98,96.46,554.57,14.32,6.56,93.95,97.4,PWM 100%,1551600,46.0,217386,-62,MOUNTED,81764.9
2026-08-31 06:55:49,19.08,4.47,85.29,568.79,14.15,5.87,82.99,97.3,PWM 93%,1552200,43.2,220560,-66,MOUNTED,73170.0
2026-08-31 07:05:49,18.93,4.21,79.70,582.07,14.06,5.50,77.39,97.1,PWM 84%,1552800,43.3,220353,-64,MOUNTED,69372.1
2026-08-31 07:15:49,18.91,4.19,79.23,595.28,14.05,5.47,76.85,97.0,PWM 83%,1553400,43.2,225980,-63,MOUNTED,68531.4
2026-08-31 07:25:49,19.00,4.33,82.27,608.99,14.10,5.65,79.64,96.8,PWM 88%,1554000,43.8,213460,-63,MOUNTED,71196.2
2026-08-31 07:35:49,18.63,3.68,68.56,620.42,13.88,4.78,66.30,96.7,PWM 67%,1554600,42.0,212725,-66,MOUNTED,60696.2
2026-08-31 07:45:49,18.70,3.82,71.43,632.32,13.92,4.95,68.93,96.5,PWM 71%,1555200,42.3,216402,-67,MOUNTED,62702.8
2026-08-31 07:55:49,18.51,3.49,64.60,643.09,13.81,4.50,62.21,96.3,PWM 61%,1555800,40.7,220428,-65,MOUNTED,57159.4
2026-08-31 08:05:49,18.56,3.56,66.07,654.10,13.83,4.59,63.49,96.1,PWM 63%,1556400,41.6,212894,-63,MOUNTED,58499.2
2026-08-31 08:15:49,18.54,3.53,65.45,665.01,13.82,4.55,62.83,96.0,PWM 62%,1557000,41.6,219459,-63,MOUNTED,57977.1
2026-08-31 08:25:49,18.20,2.94,53.51,673.92,13.62,3.76,51.26,95.8,PWM 44%,1557600,39.8,220617,-64,MOUNTED,48277.3
2026-08-31 08:35:49,18.32,3.16,57.89,683.57,13.69,4.04,55.28,95.5,PWM 50%,1558200,39.2,221331,-67,MOUNTED,51784.3
2026-08-31 08:45:49,18.23,2.99,54.51,692.66,13.64,3.81,51.95,95.3,PWM 45%,1558800,39.9,224184,-63,MOUNTED,49071.4
2026-08-31 08:55:49,18.19,2.93,53.30,701.54,13.62,3.72,50.69,95.1,PWM 43%,1559400,39.4,214699,-63,MOUNTED,48383.7
2026-08-31 09:05:49,18.06,2.70,48.76,709.67,13.54,3.42,46.27,94.9,PWM 36%,1560000,38.4,212303,-62,MOUNTED,44324.8
2026-08-31 09:15:49,17.85,2.34,41.77,716.63,13.41,2.95,39.56,94.7,PWM 25%,1560600,37.9,213977,-62,MOUNTED,38534.9
2026-08-31 09:25:49,17.61,1.92,33.81,722.26,13.27,2.41,31.92,94.4,PWM 43%,1561200,36.4,224163,-63,MOUNTED,31906.4
2026-08-31 09:35:49,17.69,2.06,36.44,728.34,13.31,2.58,34.33,94.2,PWM 17%,1561800,37.0,220745,-65,MOUNTED,33998.0
2026-08-31 09:45:49,17.41,1.57,27.33,732.89,13.14,1.95,25.66,93.9,PWM 32%,1562400,35.2,220818,-65,MOUNTED,25970.2
2026-08-31 09:55:49,17.40,1.56,27.14,737.42,13.14,1.94,25.43,93.7,PWM 31%,1563000,34.7,225012,-65,MOUNTED,25591.5
2026-08-31 10:05:49,17.17,1.16,19.92,740.74,13.00,1.43,18.61,93.4,PWM 19%,1563600,35.0,222897,-62,MOUNTED,19289.0
2026-08-31 10:15:49,17.10,1.05,17.96,743.73,12.96,1.29,16.74,93.2,PWM 15%,1564200,34.1,224052,-64,MOUNTED,17208.1
2026-08-31 10:25:49,16.98,0.83,14.09,746.08,12.89,1.02,13.09,92.9,OFF,1564800,34.0,219660,-62,MOUNTED,13621.2
2026-08-31 10:35:49,16.83,0.57,9.59,747.68,12.80,0.69,8.89,92.7,OFF,1565400,31.1,217638,-62,MOUNTED,9421.3
2026-08-31 10:45:49,16.69,0.33,5.51,748.60,12.71,0.40,5.09,92.4,OFF,1566000,32.0,219961,-63,MOUNTED,5512.5
2026-08-31 10:55:49,16.56,0.10,1.66,748.87,12.64,0.12,1.53,92.1,OFF,1566600,31.4,220177,-64,MOUNTED,1773.3
2026-08-31 11:05:49,16.50,0.00,0.00,748.87,12.60,0.00,0.00,92.0,OFF,1567200,31.9,219783,-63,MOUNTED,237.4
2026-08-31 11:15:49,16.50,0.00,0.00,748.87,12.60,0.00,0.00,92.0,OFF,1567800,31.2,215360,-65,MOUNTED,191.4
2026-08-31 11:25:49,16.50,0.00,0.00,748.87,12.60,0.00,0.00,92.0,OFF,1568400,31.8,212475,-66,MOUNTED,179.6
2026-08-31 11:35:49,16.50,0.00,0.00,748.87,12.60,0.00,0.00,92.0,OFF,1569000,31.5,219517,-64,MOUNTED,391.7
2026-08-31 11:45:49,16.50,0.00,0.00,748.87,12.60,0.00,0.00,92.0,OFF,1569600,30.9,213168,-63,MOUNTED,442.8
2026-08-31 11:55:49,16.50,0.00,0.00,748.87,12.60,0.00,0.00,92.0,OFF,1570200,31.9,216166,-66,MOUNTED,108.1
2026-08-31 23:05:49,16.56,0.11,1.82,0.30,12.64,0.13,1.68,92.1,OFF,1610400,31.4,212982,-65,MOUNTED,2135.1
2026-08-31 23:15:49,16.68,0.31,5.17,1.17,12.71,0.38,4.78,92.4,OFF,1611000,31.6,218539,-66,MOUNTED,5467.1
2026-08-31 23:25:49,16.81,0.54,9.08,2.68,12.79,0.66,8.42,92.7,OFF,1611600,32.2,222723,-65,MOUNTED,8837.7
2026-08-31 23:35:49,16.93,0.74,12.53,4.77,12.86,0.91,11.64,92.9,OFF,1612200,33.5,224161,-64,MOUNTED,12342.7
2026-08-31 23:45:49,17.14,1.11,19.03,7.94,12.98,1.37,17.74,93.2,PWM 17%,1612800,34.5,219678,-65,MOUNTED,18217.6
2026-08-31 23:55:49,17.28,1.35,23.33,11.83,13.07,1.67,21.79,93.4,PWM 25%,1613400,35.2,215920,-65,MOUNTED,22460.6
2026-09-01 00:05:49,17.41,1.58,27.51,16.41,13.15,1.96,25.78,93.7,PWM 32%,1614000,35.6,219810,-65,MOUNTED,25946.3
2026-09-01 00:15:49,17.53,1.78,31.20,21.61,13.22,2.22,29.30,93.9,PWM 38%,1614600,36.0,213815,-63,MOUNTED,29590.4
2026-09-01 00:25:49,17.52,1.76,30.84,26.75,13.21,2.20,29.05,94.2,PWM 38%,1615200,36.5,224752,-66,MOUNTED,29272.8
2026-09-01 00:35:49,17.71,2.10,37.19,32.95,13.33,2.63,35.11,94.4,PWM 18%,1615800,37.6,223683,-67,MOUNTED,34635.9
2026-09-01 00:45:49,17.72,2.11,37.39,39.18,13.33,2.66,35.41,94.7,PWM 19%,1616400,37.6,213792,-63,MOUNTED,34665.4
2026-09-01 00:55:49,18.00,2.60,46.80,46.98,13.50,3.29,44.41,94.9,PWM 33%,1617000,37.9,214111,-65,MOUNTED,42736.5
2026-09-01 01:05:49,18.07,2.71,48.97,55.14,13.54,3.44,46.57,95.1,PWM 37%,1617600,38.2,219084,-66,MOUNTED,44832.4
2026-09-01 01:15:49,18.25,3.04,55.48,64.39,13.65,3.87,52.87,95.3,PWM 47%,1618200,39.1,218748,-63,MOUNTED,49938.4
2026-09-01 01:25:49,18.25,3.03,55.30,73.61,13.65,3.87,52.81,95.5,PWM 46%,1618800,39.5,214496,-64,MOUNTED,49698.1
2026-09-01 01:35:49,18.54,3.53,65.45,84.52,13.82,4.54,62.70,95.8,PWM 62%,1619400,41.2,213328,-66,MOUNTED,58154.1
2026-09-01 01:45:49,18.57,3.59,66.67,95.63,13.84,4.62,64.00,96.0,PWM 64%,1620000,40.4,219175,-67,MOUNTED,59021.5
2026-09-01 01:55:49,18.54,3.54,65.63,106.56,13.82,4.56,63.07,96.1,PWM 62%,1620600,40.8,217899,-65,MOUNTED,57911.5
2026-09-01 02:05:49,18.70,3.82,71.43,118.47,13.92,4.94,68.79,96.3,PWM 71%,1621200,42.1,216839,-62,MOUNTED,62721.7
2026-09-01 02:15:49,18.67,3.76,70.20,130.17,13.90,4.87,67.74,96.5,PWM 69%,1621800,41.3,220487,-66,MOUNTED,61749.7
2026-09-01 02:25:49,19.01,4.35,82.69,143.95,14.11,5.67,79.96,96.7,PWM 89%,1622400,42.6,215966,-64,MOUNTED,71343.2
2026-09-01 02:35:49,18.98,4.30,81.61,157.55,14.09,5.61,79.00,96.8,PWM 87%,1623000,43.6,212354,-66,MOUNTED,70684.8
2026-09-01 02:45:49,19.19,4.67,89.62,172.49,14.22,6.11,86.93,97.0,PWM 99%,1623600,44.8,215584,-63,MOUNTED,76521.5
2026-09-01 02:55:49,18.99,4.31,81.85,186.13,14.09,5.64,79.48,97.1,PWM 87%,1624200,42.9,216735,-67,MOUNTED,70739.5
2026-09-01 03:05:49,19.26,4.78,92.06,201.47,14.25,6.29,89.57,97.3,PWM 100%,1624800,45.0,222941,-66,MOUNTED,78301.8
2026-09-01 03:15:49,18.99,4.32,82.04,215.15,14.09,5.67,79.91,97.4,PWM 88%,1625400,43.9,215061,-64,MOUNTED,70704.1
2026-09-01 03:25:49,19.44,5.09,98.95,231.64,14.36,6.72,96.48,97.5,PWM 100%,1626000,46.0,219413,-67,MOUNTED,83556.1
2026-09-01 03:35:49,19.14,4.57,87.47,246.22,14.18,6.02,85.37,97.6,PWM 96%,1626600,43.3,225846,-64,MOUNTED,75135.5
2026-09-01 03:45:49,19.39,5.01,97.14,262.41,14.34,6.62,94.91,97.7,PWM 100%,1627200,44.7,222888,-62,MOUNTED,81991.6
2026-09-01 03:55:49,19.39,5.01,97.14,278.60,14.33,6.63,95.00,97.8,PWM 100%,1627800,45.2,219842,-63,MOUNTED,81920.9
2026-09-01 04:05:49,19.38,5.00,96.90,294.75,14.33,6.61,94.77,97.8,PWM 100%,1628400,45.9,222272,-66,MOUNTED,81932.5
2026-09-01 04:15:49,19.26,4.79,92.26,310.13,14.26,6.33,90.32,97.9,PWM 100%,1629000,44.1,217157,-64,MOUNTED,78387.2
2026-09-01 04:25:49,19.71,5.57,109.78,328.42,14.53,7.40,107.47,97.9,PWM 100%,1629600,46.8,225761,-62,MOUNTED,91277.7
2026-09-01 04:35:49,19.38,4.99,96.71,344.54,14.33,6.61,94.78,98.0,PWM 100%,1630200,45.7,220393,-64,MOUNTED,81773.6
2026-09-01 04:45:49,19.63,5.42,106.39,362.27,14.48,7.20,104.26,98.0,PWM 100%,1630800,47.0,213417,-67,MOUNTED,88960.4
2026-09-01 04:55:49,19.42,5.06,98.27,378.65,14.35,6.71,96.30,98.0,PWM 100%,1631400,46.2,215757,-62,MOUNTED,82773.0
2026-09-01 05:05:49,19.54,5.26,102.78,395.78,14.42,6.98,100.72,98.0,PWM 100%,1632000,46.9,222064,-62,MOUNTED,86221.3
2026-09-01 05:15:49,19.30,4.85,93.60,411.38,14.28,6.42,91.73,98.0,PWM 100%,1632600,44.9,220608,-63,MOUNTED,79390.7
2026-09-01 05:25:49,19.65,5.47,107.49,429.30,14.49,7.27,105.34,98.0,PWM 100%,1633200,47.5,216557,-65,MOUNTED,89699.4
2026-09-01 05:35:49,19.74,5.61,110.74,447.75,14.54,7.46,108.41,97.9,PWM 100%,1633800,47.0,219146,-67,MOUNTED,91866.3
2026-09-01 05:45:49,19.73,5.60,110.49,466.17,14.54,7.44,108.17,97.9,PWM 100%,1634400,47.1,221065,-64,MOUNTED,91810.3
2026-09-01 05:55:49,19.53,5.26,102.73,483.29,14.42,6.97,100.47,97.8,PWM 100%,1635000,45.5,216964,-64,MOUNTED,86222.7
2026-09-01 06:05:49,19.15,4.60,88.09,497.97,14.19,6.07,86.15,97.8,PWM 97%,1635600,43.7,225088,-66,MOUNTED,75601.5
2026-09-01 06:15:49,19.33,4.91,94.91,513.79,14.30,6.48,92.73,97.7,PWM 100%,1636200,45.7,212370,-67,MOUNTED,80453.5
2026-09-01 06:25:49,19.08,4.46,85.10,527.97,14.15,5.87,83.06,97.6,PWM 92%,1636800,44.2,224130,-67,MOUNTED,73125.1
2026-09-01 06:35:49,18.99,4.31,81.85,541.61,14.09,5.66,79.80,97.5,PWM 87%,1637400,43.1,219073,-63,MOUNTED,70558.9
2026-09-01 06:45:49,19.39,5.01,97.14,557.80,14.33,6.60,94.61,97.4,PWM 100%,1638000,45.3,222677,-66,MOUNTED,81929.8
2026-09-01 06:55:49,18.90,4.16,78.62,570.91,14.04,5.45,76.50,97.3,PWM 82%,1638600,42.6,219180,-62,MOUNTED,68522.3
2026-09-01 07:05:49,19.12,4.53,86.61,585.34,14.17,5.94,84.10,97.1,PWM 95%,1639200,44.4,212597,-62,MOUNTED,74236.9
2026-09-01 07:15:49,18.83,4.05,76.26,598.05,14.00,5.28,73.97,97.0,PWM 79%,1639800,42.6,213982,-67,MOUNTED,66481.7
2026-09-01 07:25:49,19.05,4.41,84.01,612.05,14.13,5.76,81.32,96.8,PWM 91%,1640400,43.1,219754,-65,MOUNTED,72317.1
2026-09-01 07:35:49,19.07,4.46,85.05,626.23,14.14,5.82,82.24,96.7,PWM 92%,1641000,43.0,221409,-67,MOUNTED,73335.4
2026-09-01 07:45:49,18.78,3.95,74.18,638.59,13.97,5.12,71.58,96.5,PWM 76%,1641600,41.8,217249,-65,MOUNTED,64671.4
2026-09-01 07:55:49,18.77,3.94,73.95,650.92,13.96,5.10,71.21,96.3,PWM 75%,1642200,42.8,217245,-64,MOUNTED,64563.9
2026-09-01 08:05:49,18.75,3.90,73.13,663.11,13.95,5.04,70.28,96.1,PWM 74%,1642800,41.7,224208,-63,MOUNTED,64003.0
2026-09-01 08:15:49,18.44,3.36,61.96,673.43,13.76,4.32,59.48,96.0,PWM 57%,1643400,41.1,217043,-65,MOUNTED,54901.4
2026-09-01 08:25:49,18.28,3.08,56.30,682.82,13.67,3.95,53.94,95.8,PWM 48%,1644000,39.8,218235,-63,MOUNTED,50336.4
2026-09-01 08:35:49,18.24,3.02,55.08,692.00,13.64,3.86,52.60,95.5,PWM 46%,1644600,38.9,218235,-67,MOUNTED,49528.9
2026-09-01 08:45:49,18.26,3.05,55.69,701.28,13.65,3.89,53.07,95.3,PWM 47%,1645200,39.5,214119,-65,MOUNTED,50130.4
2026-09-01 08:55:49,17.96,2.54,45.62,708.88,13.48,3.22,43.38,95.1,PWM 31%,1645800,38.2,224224,-67,MOUNTED,41958.1
2026-09-01 09:05:49,18.03,2.66,47.96,716.87,13.52,3.37,45.51,94.9,PWM 35%,1646400,38.0,225079,-67,MOUNTED,43650.9
2026-09-01 09:15:49,17.71,2.10,37.19,723.07,13.33,2.64,35.22,94.7,PWM 18%,1647000,36.1,218005,-67,MOUNTED,34688.6
2026-09-01 09:25:49,17.77,2.21,39.27,729.62,13.36,2.77,37.07,94.4,PWM 22%,1647600,36.5,212370,-67,MOUNTED,36552.2
2026-09-01 09:35:49,17.56,1.85,32.49,735.03,13.24,2.31,30.61,94.2,PWM 41%,1648200,35.6,222672,-62,MOUNTED,30583.0
2026-09-01 09:45:49,17.48,1.70,29.72,739.99,13.19,2.12,27.91,93.9,PWM 36%,1648800,35.3,213836,-65,MOUNTED,28023.6
2026-09-01 09:55:49,17.36,1.50,26.04,744.33,13.12,1.86,24.40,93.7,PWM 29%,1649400,35.7,215023,-63,MOUNTED,24909.7
2026-09-01 10:05:49,17.23,1.26,21.71,747.94,13.04,1.56,20.28,93.4,PWM 22%,1650000,35.1,223401,-64,MOUNTED,20779.6
2026-09-01 10:15:49,17.07,0.99,16.90,750.76,12.94,1.22,15.75,93.2,PWM 13%,1650600,34.4,216742,-66,MOUNTED,16232.0
2026-09-01 10:25:49,16.97,0.82,13.92,753.08,12.88,1.00,12.93,92.9,OFF,1651200,33.3,225599,-64,MOUNTED,13490.1
2026-09-01 10:35:49,16.85,0.61,10.28,754.79,12.81,0.74,9.53,92.7,OFF,1651800,33.6,213873,-67,MOUNTED,10081.3
2026-09-01 10:45:49,16.71,0.36,6.02,755.80,12.73,0.44,5.56,92.4,OFF,1652400,31.9,218929,-65,MOUNTED,6243.8
2026-09-01 10:55:49,16.56,0.11,1.82,756.10,12.64,0.13,1.68,92.1,OFF,1653000,31.5,219274,-62,MOUNTED,2044.5
2026-09-01 11:05:49,16.50,0.00,0.00,756.10,12.60,0.00,0.00,92.0,OFF,1653600,32.0,224287,-67,MOUNTED,279.4
2026-09-01 11:15:49,16.50,0.00,0.00,756.10,12.60,0.00,0.00,92.0,OFF,1654200,31.8,221645,-66,MOUNTED,126.9
2026-09-01 11:25:49,16.50,0.00,0.00,756.10,12.60,0.00,0.00,92.0,OFF,1654800,31.8,223711,-66,MOUNTED,320.0
2026-09-01 11:35:49,16.50,0.00,0.00,756.10,12.60,0.00,0.00,92.0,OFF,1655400,30.8,215632,-64,MOUNTED,472.6
2026-09-01 11:45:49,16.50,0.00,0.00,756.10,12.60,0.00,0.00,92.0,OFF,1656000,31.2,225203,-62,MOUNTED,286.8
2026-09-01 11:55:49,16.50,0.00,0.00,756.10,12.60,0.00,0.00,92.0,OFF,1656600,30.9,213243,-67,MOUNTED,246.2
2026-09-01 23:05:49,16.56,0.11,1.82,0.30,12.64,0.13,1.68,92.1,OFF,1696800,31.7,224701,-62,MOUNTED,1844.6
2026-09-01 23:15:49,16.70,0.35,5.84,1.28,12.72,0.42,5.40,92.4,OFF,1697400,31.6,212431,-67,MOUNTED,6188.8
2026-09-01 23:25:49,16.82,0.55,9.25,2.82,12.79,0.67,8.57,92.7,OFF,1698000,31.9,216558,-66,MOUNTED,9094.9
2026-09-01 23:35:49,16.91,0.72,12.18,4.85,12.85,0.88,11.32,92.9,OFF,1698600,32.8,217106,-63,MOUNTED,11998.8
2026-09-01 23:45:49,17.06,0.98,16.72,7.63,12.94,1.20,15.58,93.2,PWM 13%,1699200,33.4,220980,-62,MOUNTED,16038.1
2026-09-01 23:55:49,17.20,1.22,20.98,11.13,13.02,1.51,19.60,93.4,PWM 20%,1699800,35.0,216336,-63,MOUNTED,20354.6
2026-09-02 00:05:49,17.36,1.49,25.87,15.44,13.12,1.85,24.24,93.7,PWM 29%,1700400,35.0,224537,-63,MOUNTED,24689.7
2026-09-02 00:15:49,17.49,1.71,29.91,20.43,13.19,2.13,28.09,93.9,PWM 36%,1701000,35.2,217099,-64,MOUNTED,28444.5
2026-09-02 00:25:49,17.63,1.96,34.55,26.19,13.28,2.45,32.55,94.2,PWM 44%,1701600,36.1,217576,-62,MOUNTED,32148.0
2026-09-02 00:35:49,17.68,2.04,36.07,32.20,13.31,2.56,34.05,94.4,PWM 17%,1702200,37.1,221727,-65,MOUNTED,33498.9
2026-09-02 00:45:49,17.72,2.12,37.57,38.46,13.33,2.67,35.58,94.7,PWM 19%,1702800,36.6,221164,-65,MOUNTED,34940.7
2026-09-02 00:55:49,18.07,2.73,49.33,46.68,13.54,3.46,46.81,94.9,PWM 37%,1703400,38.5,216476,-64,MOUNTED,44648.5
2026-09-02 01:05:49,18.09,2.76,49.93,55.00,13.55,3.50,47.48,95.1,PWM 38%,1704000,38.5,223546,-63,MOUNTED,45389.4
2026-09-02 01:15:49,18.25,3.04,55.48,64.25,13.65,3.87,52.87,95.3,PWM 47%,1704600,39.7,225055,-63,MOUNTED,50165.9
2026-09-02 01:25:49,18.11,2.79,50.53,72.67,13.56,3.56,48.26,95.5,PWM 39%,1705200,38.2,223908,-65,MOUNTED,45597.4
2026-09-02 01:35:49,18.56,3.58,66.44,83.74,13.84,4.60,63.65,95.8,PWM 64%,1705800,41.7,223916,-62,MOUNTED,58966.5
2026-09-02 01:45:49,18.54,3.54,65.63,94.68,13.82,4.56,63.00,96.0,PWM 62%,1706400,40.5,221873,-67,MOUNTED,57987.1
2026-09-02 01:55:49,18.45,3.39,62.55,105.11,13.77,4.37,60.11,96.1,PWM 58%,1707000,40.0,224410,-63,MOUNTED,55865.0
2026-09-02 02:05:49,18.85,4.08,76.91,117.93,14.01,5.29,74.06,96.3,PWM 80%,1707600,42.2,224219,-63,MOUNTED,66703.8
2026-09-02 02:15:49,18.78,3.95,74.18,130.29,13.97,5.12,71.58,96.5,PWM 76%,1708200,41.4,216351,-64,MOUNTED,64852.0
2026-09-02 02:25:49,18.95,4.24,80.35,143.68,14.07,5.52,77.70,96.7,PWM 85%,1708800,43.5,219971,-62,MOUNTED,69673.2
2026-09-02 02:35:49,18.94,4.22,79.93,157.00,14.06,5.50,77.37,96.8,PWM 84%,1709400,43.4,219091,-65,MOUNTED,69419.5
2026-09-02 02:45:49,18.98,4.29,81.42,170.57,14.09,5.61,78.98,97.0,PWM 87%,1710000,43.4,224539,-62,MOUNTED,70509.2
2026-09-02 02:55:49,19.17,4.63,88.76,185.37,14.20,6.07,86.19,97.1,PWM 98%,1710600,44.6,225128,-66,MOUNTED,75996.2
2026-09-02 03:05:49,19.18,4.65,89.19,200.23,14.21,6.11,86.78,97.3,PWM 99%,1711200,44.4,222408,-66,MOUNTED,76372.4
2026-09-02 03:15:49,19.25,4.77,91.82,215.53,14.25,6.28,89.43,97.4,PWM 100%,1711800,44.0,215207,-67,MOUNTED,78214.4
2026-09-02 03:25:49,19.43,5.08,98.70,231.98,14.36,6.70,96.23,97.5,PWM 100%,1712400,45.5,219824,-62,MOUNTED,83288.2
2026-09-02 03:35:49,19.47,5.16,100.47,248.73,14.38,6.82,98.06,97.6,PWM 100%,1713000,45.5,216540,-63,MOUNTED,84588.2
2026-09-02 03:45:49,19.55,5.28,103.22,265.93,14.43,6.99,100.85,97.7,PWM 100%,1713600,46.2,223658,-67,MOUNTED,86706.1
2026-09-02 03:55:49,19.64,5.44,106.84,283.74,14.48,7.22,104.49,97.8,PWM 100%,1714200,46.5,215882,-65,MOUNTED,89177.3
2026-09-02 04:05:49,19.23,4.74,91.15,298.93,14.24,6.26,89.14,97.8,PWM 100%,1714800,44.5,223197,-66,MOUNTED,77869.7
2026-09-02 04:15:49,19.30,4.85,93.60,314.53,14.28,6.42,91.63,97.9,PWM 100%,1715400,44.1,225436,-63,MOUNTED,79516.8
2026-09-02 04:25:49,19.33,4.90,94.72,330.32,14.30,6.48,92.73,97.9,PWM 100%,1716000,45.5,220639,-67,MOUNTED,80279.4
2026-09-02 04:35:49,19.77,5.67,112.10,349.00,14.56,7.55,109.86,98.0,PWM 100%,1716600,48.2,219849,-64,MOUNTED,92887.6
2026-09-02 04:45:49,19.56,5.30,103.67,366.28,14.43,7.04,101.60,98.0,PWM 100%,1717200,45.6,212690,-65,MOUNTED,86809.4
2026-09-02 04:55:49,19.55,5.29,103.42,383.52,14.43,7.02,101.35,98.0,PWM 100%,1717800,46.8,218199,-62,MOUNTED,86872.8
2026-09-02 05:05:49,19.78,5.69,112.55,402.28,14.57,7.57,110.30,98.0,PWM 100%,1718400,47.0,220388,-65,MOUNTED,93460.3
2026-09-02 05:15:49,19.43,5.08,98.70,418.73,14.36,6.74,96.73,98.0,PWM 100%,1719000,45.2,215008,-63,MOUNTED,83500.6
2026-09-02 05:25:49,19.70,5.55,109.33,436.95,14.52,7.38,107.14,98.0,PWM 100%,1719600,46.4,219420,-66,MOUNTED,91022.6
2026-09-02 05:35:49,19.42,5.06,98.27,453.33,14.35,6.70,96.21,97.9,PWM 100%,1720200,45.5,213505,-65,MOUNTED,82886.5
2026-09-02 05:45:49,19.28,4.82,92.93,468.81,14.27,6.38,90.98,97.9,PWM 100%,1720800,44.7,213003,-63,MOUNTED,78941.5
2026-09-02 05:55:49,19.20,4.68,89.86,483.79,14.22,6.18,87.88,97.8,PWM 100%,1721400,45.0,219759,-67,MOUNTED,76673.9
2026-09-02 06:05:49,19.40,5.02,97.39,500.02,14.34,6.64,95.25,97.8,PWM 100%,1722000,45.9,217021,-63,MOUNTED,82256.5
2026-09-02 06:15:49,19.42,5.07,98.46,516.43,14.35,6.70,96.20,97.7,PWM 100%,1722600,46.0,224558,-66,MOUNTED,83232.3
2026-09-02 06:25:49,19.16,4.61,88.33,531.15,14.19,6.08,86.21,97.6,PWM 97%,1723200,44.4,221261,-67,MOUNTED,75650.4
2026-09-02 06:35:49,19.29,4.84,93.36,546.71,14.28,6.37,91.03,97.5,PWM 100%,1723800,44.1,224541,-67,MOUNTED,79573.6
2026-09-02 06:45:49,19.22,4.71,90.53,561.80,14.23,6.20,88.18,97.4,PWM 100%,1724400,44.9,224347,-66,MOUNTED,77173.5
2026-09-02 06:55:49,19.06,4.44,84.63,575.91,14.14,5.82,82.34,97.3,PWM 92%,1725000,43.8,223841,-62,MOUNTED,72681.9
2026-09-02 07:05:49,19.32,4.89,94.47,591.65,14.29,6.42,91.73,97.1,PWM 100%,1725600,45.6,212612,-65,MOUNTED,80165.3
2026-09-02 07:15:49,18.79,3.96,74.41,604.05,13.97,5.17,72.18,97.0,PWM 76%,1726200,41.8,224809,-67,MOUNTED,65183.5
2026-09-02 07:25:49,18.93,4.21,79.70,617.34,14.06,5.49,77.15,96.8,PWM 84%,1726800,42.7,213588,-67,MOUNTED,68914.6
2026-09-02 07:35:49,18.93,4.21,79.70,630.62,14.06,5.48,77.07,96.7,PWM 84%,1727400,42.5,219016,-62,MOUNTED,69219.1
2026-09-02 07:45:49,18.80,3.98,74.82,643.09,13.98,5.16,72.20,96.5,PWM 77%,1728000,41.9,218516,-66,MOUNTED,65497.5
2026-09-02 07:55:49,18.48,3.44,63.57,653.69,13.79,4.44,61.22,96.3,PWM 59%,1728600,40.4,214913,-62,MOUNTED,56618.8
2026-09-02 08:05:49,18.66,3.74,69.79,665.32,13.90,4.83,67.07,96.1,PWM 69%,1729200,42.2,212728,-63,MOUNTED,61479.8
2026-09-02 08:15:49,18.30,3.11,56.91,674.80,13.68,3.99,54.63,96.0,PWM 49%,1729800,39.5,213599,-64,MOUNTED,51020.2
2026-09-02 08:25:49,18.22,2.99,54.48,683.88,13.63,3.83,52.19,95.8,PWM 45%,1730400,39.4,224437,-66,MOUNTED,48972.9
2026-09-02 08:35:49,18.22,2.99,54.48,692.96,13.63,3.82,52.03,95.5,PWM 45%,1731000,40.0,220878,-65,MOUNTED,48861.4
2026-09-02 08:45:49,18.29,3.10,56.70,702.41,13.67,3.95,54.04,95.3,PWM 49%,1731600,39.6,216626,-65,MOUNTED,50979.6
2026-09-02 08:55:49,17.98,2.56,46.03,710.08,13.49,3.24,43.77,95.1,PWM 32%,1732200,38.7,213384,-62,MOUNTED,42280.2
2026-09-02 09:05:49,17.87,2.38,42.53,717.17,13.42,3.01,40.36,94.9,PWM 27%,1732800,37.2,215409,-65,MOUNTED,39119.7
2026-09-02 09:15:49,17.94,2.50,44.85,724.65,13.47,3.15,42.47,94.7,PWM 30%,1733400,38.1,222596,-63,MOUNTED,41227.2
2026-09-02 09:25:49,17.75,2.17,38.52,731.07,13.35,2.72,36.36,94.4,PWM 20%,1734000,37.0,221709,-64,MOUNTED,35753.7
2026-09-02 09:35:49,17.58,1.88,33.05,736.58,13.25,2.35,31.13,94.2,PWM 42%,1734600,36.3,217414,-63,MOUNTED,31040.3
2026-09-02 09:45:49,17.50,1.74,30.45,741.65,13.20,2.17,28.59,93.9,PWM 37%,1735200,36.3,217550,-65,MOUNTED,28572.4
2026-09-02 09:55:49,17.30,1.39,24.05,745.66,13.08,1.72,22.53,93.7,PWM 26%,1735800,35.3,216151,-65,MOUNTED,22831.0
2026-09-02 10:05:49,17.24,1.28,22.07,749.34,13.04,1.58,20.61,93.4,PWM 22%,1736400,34.7,212921,-62,MOUNTED,20907.4
2026-09-02 10:15:49,17.13,1.09,18.67,752.45,12.98,1.34,17.40,93.2,PWM 16%,1737000,34.0,212177,-65,MOUNTED,18144.4
2026-09-02 10:25:49,16.99,0.84,14.27,754.83,12.89,1.03,13.26,92.9,OFF,1737600,34.1,213451,-66,MOUNTED,14196.1
2026-09-02 10:35:49,16.80,0.51,8.57,756.26,12.78,0.62,7.94,92.7,OFF,1738200,30.9,212719,-63,MOUNTED,8766.4
2026-09-02 10:45:49,16.69,0.33,5.51,757.17,12.72,0.40,5.09,92.4,OFF,1738800,31.9,218132,-62,MOUNTED,5582.5
2026-09-02 10:55:49,16.56,0.11,1.82,757.48,12.64,0.13,1.68,92.1,OFF,1739400,30.8,212401,-62,MOUNTED,1826.1
2026-09-02 11:05:49,16.50,0.00,0.00,757.48,12.60,0.00,0.00,92.0,OFF,1740000,31.3,221597,-66,MOUNTED,332.1
2026-09-02 11:15:49,16.50,0.00,0.00,757.48,12.60,0.00,0.00,92.0,OFF,1740600,31.4,217367,-67,MOUNTED,201.2
2026-09-02 11:25:49,16.50,0.00,0.00,757.48,12.60,0.00,0.00,92.0,OFF,1741200,32.0,219519,-66,MOUNTED,189.3
2026-09-02 11:35:49,16.50,0.00,0.00,757.48,12.60,0.00,0.00,92.0,OFF,1741800,31.6,223562,-64,MOUNTED,24.3
2026-09-02 11:45:49,16.50,0.00,0.00,757.48,12.60,0.00,0.00,92.0,OFF,1742400,32.1,219572,-63,MOUNTED,183.0
2026-09-02 11:55:49,16.50,0.00,0.00,757.48,12.60,0.00,0.00,92.0,OFF,1743000,31.3,213759,-62,MOUNTED,203.2
2026-09-02 23:05:49,16.56,0.11,1.82,0.30,12.64,0.13,1.68,92.1,OFF,1783200,31.8,213872,-62,MOUNTED,2226.4
2026-09-02 23:15:49,16.68,0.31,5.17,1.17,12.71,0.38,4.78,92.4,OFF,1783800,31.1,212635,-66,MOUNTED,5194.9
2026-09-02 23:25:49,16.85,0.61,10.28,2.88,12.81,0.74,9.53,92.7,OFF,1784400,33.1,217306,-64,MOUNTED,10184.1
2026-09-02 23:35:49,16.94,0.76,12.87,5.02,12.86,0.93,11.96,92.9,OFF,1785000,33.1,217089,-64,MOUNTED,12607.8
2026-09-02 23:45:49,17.09,1.02,17.43,7.93,12.95,1.25,16.24,93.2,PWM 14%,1785600,34.7,221158,-63,MOUNTED,17125.5
2026-09-02 23:55:49,17.18,1.18,20.27,11.31,13.01,1.46,18.93,93.4,PWM 19%,1786200,35.0,216063,-65,MOUNTED,19603.6
2026-09-03 00:05:49,17.38,1.53,26.59,15.74,13.13,1.90,24.91,93.7,PWM 30%,1786800,35.5,220037,-62,MOUNTED,25064.1
2026-09-03 00:15:49,17.48,1.70,29.72,20.69,13.19,2.12,27.91,93.9,PWM 36%,1787400,35.6,225922,-64,MOUNTED,28161.7
2026-09-03 00:25:49,17.60,1.90,33.44,26.26,13.26,2.38,31.50,94.2,PWM 42%,1788000,36.6,217253,-65,MOUNTED,31333.2
2026-09-03 00:35:49,17.80,2.25,40.05,32.94,13.38,2.83,37.81,94.4,PWM 23%,1788600,36.8,222951,-63,MOUNTED,37218.0
2026-09-03 00:45:49,17.88,2.39,42.73,40.06,13.43,3.01,40.47,94.7,PWM 27%,1789200,38.1,218314,-67,MOUNTED,39240.4
2026-09-03 00:55:49,17.97,2.54,45.64,47.67,13.48,3.21,43.31,94.9,PWM 31%,1789800,37.4,213167,-66,MOUNTED,41686.2
2026-09-03 01:05:49,18.20,2.94,53.51,56.59,13.62,3.74,50.89,95.1,PWM 44%,1790400,39.1,217631,-67,MOUNTED,48488.1
2026-09-03 01:15:49,18.24,3.01,54.90,65.74,13.64,3.84,52.32,95.3,PWM 46%,1791000,39.8,220332,-64,MOUNTED,49415.9
2026-09-03 01:25:49,18.21,2.97,54.08,74.75,13.63,3.79,51.65,95.5,PWM 44%,1791600,38.5,219785,-67,MOUNTED,48831.1
2026-09-03 01:35:49,18.49,3.44,63.61,85.35,13.79,4.42,60.94,95.8,PWM 59%,1792200,40.7,218662,-65,MOUNTED,56705.7
2026-09-03 01:45:49,18.31,3.13,57.31,94.90,13.68,4.02,55.02,96.0,PWM 49%,1792800,39.6,225547,-63,MOUNTED,51543.6
2026-09-03 01:55:49,18.45,3.38,62.36,105.30,13.77,4.35,59.93,96.1,PWM 57%,1793400,40.2,219583,-62,MOUNTED,55362.3
2026-09-03 02:05:49,18.75,3.89,72.94,117.45,13.95,5.04,70.24,96.3,PWM 74%,1794000,42.1,216908,-63,MOUNTED,63664.3
2026-09-03 02:15:49,18.85,4.08,76.91,130.27,14.01,5.30,74.22,96.5,PWM 80%,1794600,43.1,219807,-67,MOUNTED,67132.0
2026-09-03 02:25:49,18.97,4.29,81.38,143.83,14.08,5.59,78.69,96.7,PWM 87%,1795200,43.3,215421,-66,MOUNTED,70535.1
2026-09-03 02:35:49,18.91,4.17,78.85,156.98,14.04,5.44,76.33,96.8,PWM 83%,1795800,43.4,224584,-65,MOUNTED,68514.2
2026-09-03 02:45:49,18.87,4.10,77.37,169.87,14.02,5.35,75.05,97.0,PWM 80%,1796400,42.1,213769,-66,MOUNTED,67563.1
2026-09-03 02:55:49,19.15,4.59,87.90,184.52,14.19,6.01,85.35,97.1,PWM 97%,1797000,43.8,213802,-65,MOUNTED,75317.5
2026-09-03 03:05:49,19.17,4.63,88.76,199.31,14.20,6.08,86.36,97.3,PWM 98%,1797600,43.6,222904,-67,MOUNTED,76249.6
2026-09-03 03:15:49,18.93,4.21,79.70,212.60,14.06,5.52,77.63,97.4,PWM 84%,1798200,43.4,217589,-64,MOUNTED,69257.8
2026-09-03 03:25:49,19.16,4.61,88.33,227.32,14.20,6.06,86.12,97.5,PWM 97%,1798800,44.3,221399,-63,MOUNTED,75467.3
2026-09-03 03:35:49,19.20,4.68,89.86,242.30,14.22,6.17,87.70,97.6,PWM 100%,1799400,44.1,212932,-65,MOUNTED,76515.8
2026-09-03 03:45:49,19.30,4.85,93.60,257.90,14.28,6.40,91.45,97.7,PWM 100%,1800000,44.4,220228,-64,MOUNTED,79335.2
2026-09-03 03:55:49,19.09,4.50,85.91,272.21,14.16,5.93,84.02,97.8,PWM 94%,1800600,43.8,220156,-63,MOUNTED,73676.8
2026-09-03 04:05:49,19.48,5.17,100.71,289.00,14.39,6.84,98.49,97.8,PWM 100%,1801200,45.3,212906,-62,MOUNTED,84928.5
2026-09-03 04:15:49,19.28,4.82,92.93,304.49,14.27,6.38,90.98,97.9,PWM 100%,1801800,45.5,222289,-67,MOUNTED,79213.7
2026-09-03 04:25:49,19.17,4.64,88.95,319.31,14.20,6.13,87.08,97.9,PWM 98%,1802400,44.5,215865,-63,MOUNTED,75790.5
2026-09-03 04:35:49,19.47,5.14,100.08,335.99,14.38,6.82,98.08,98.0,PWM 100%,1803000,45.5,222062,-63,MOUNTED,84239.0
2026-09-03 04:45:49,19.49,5.18,100.96,352.82,14.39,6.88,98.94,98.0,PWM 100%,1803600,45.8,212702,-67,MOUNTED,84908.3
2026-09-03 04:55:49,19.30,4.85,93.60,368.42,14.28,6.42,91.73,98.0,PWM 100%,1804200,44.6,224264,-63,MOUNTED,79360.5
2026-09-03 05:05:49,19.61,5.39,105.70,386.04,14.47,7.16,103.59,98.0,PWM 100%,1804800,47.0,215319,-66,MOUNTED,88287.3
2026-09-03 05:15:49,19.28,4.82,92.93,401.53,14.27,6.38,91.07,98.0,PWM 100%,1805400,44.9,216343,-63,MOUNTED,79210.3
2026-09-03 05:25:49,19.29,4.84,93.36,417.09,14.28,6.41,91.49,98.0,PWM 100%,1806000,44.6,214528,-64,MOUNTED,79152.6
2026-09-03 05:35:49,19.24,4.75,91.39,432.32,14.24,6.28,89.47,97.9,PWM 100%,1806600,44.2,216737,-65,MOUNTED,77821.0
2026-09-03 05:45:49,19.71,5.56,109.59,450.58,14.52,7.39,107.29,97.9,PWM 100%,1807200,47.1,215742,-65,MOUNTED,90998.9
2026-09-03 05:55:49,19.17,4.63,88.76,465.38,14.20,6.11,86.81,97.8,PWM 98%,1807800,43.5,219871,-66,MOUNTED,76198.3
2026-09-03 06:05:49,19.37,4.97,96.27,481.42,14.32,6.57,94.15,97.8,PWM 100%,1808400,44.9,218701,-65,MOUNTED,81516.3
2026-09-03 06:15:49,19.55,5.28,103.22,498.62,14.43,6.99,100.85,97.7,PWM 100%,1809000,45.6,223062,-62,MOUNTED,86698.9
2026-09-03 06:25:49,19.57,5.32,104.11,515.98,14.44,7.04,101.61,97.6,PWM 100%,1809600,45.9,219464,-65,MOUNTED,87320.1
2026-09-03 06:35:49,19.02,4.38,83.31,529.86,14.11,5.76,81.23,97.5,PWM 90%,1810200,43.2,225823,-62,MOUNTED,71893.8
2026-09-03 06:45:49,19.05,4.42,84.20,543.89,14.13,5.80,82.01,97.4,PWM 91%,1810800,43.6,223449,-65,MOUNTED,72579.5
2026-09-03 06:55:49,19.28,4.83,93.12,559.41,14.27,6.35,90.61,97.3,PWM 100%,1811400,44.5,221323,-62,MOUNTED,79255.7
2026-09-03 07:05:49,18.97,4.29,81.38,572.98,14.08,5.61,79.02,97.1,PWM 87%,1812000,43.2,222095,-64,MOUNTED,70560.3
2026-09-03 07:15:49,19.19,4.66,89.43,587.88,14.21,6.10,86.75,97.0,PWM 99%,1812600,45.0,212130,-66,MOUNTED,76264.9
2026-09-03 07:25:49,18.83,4.03,75.88,600.53,14.00,5.25,73.45,96.8,PWM 78%,1813200,42.8,221411,-64,MOUNTED,66187.2
2026-09-03 07:35:49,18.78,3.95,74.18,612.89,13.97,5.13,71.73,96.7,PWM 76%,1813800,41.9,215736,-62,MOUNTED,64788.1
2026-09-03 07:45:49,18.56,3.57,66.26,623.93,13.83,4.62,63.94,96.5,PWM 63%,1814400,40.6,224956,-67,MOUNTED,58398.2
2026-09-03 07:55:49,18.53,3.51,65.04,634.77,13.82,4.53,62.63,96.3,PWM 61%,1815000,41.0,224937,-64,MOUNTED,57708.5
2026-09-03 08:05:49,18.76,3.92,73.54,647.03,13.96,5.06,70.67,96.1,PWM 75%,1815600,41.8,217028,-66,MOUNTED,64343.4
2026-09-03 08:15:49,18.60,3.64,67.70,658.31,13.86,4.69,64.99,96.0,PWM 66%,1816200,41.9,224792,-63,MOUNTED,59641.2
2026-09-03 08:25:49,18.41,3.31,60.94,668.47,13.74,4.25,58.38,95.8,PWM 55%,1816800,40.7,214663,-66,MOUNTED,54114.7
2026-09-03 08:35:49,18.44,3.37,62.14,678.83,13.77,4.31,59.34,95.5,PWM 57%,1817400,41.0,214236,-66,MOUNTED,55435.4
2026-09-03 08:45:49,18.21,2.97,54.08,687.84,13.63,3.78,51.54,95.3,PWM 44%,1818000,38.8,223638,-62,MOUNTED,49025.6
2026-09-03 08:55:49,18.05,2.69,48.55,695.93,13.53,3.41,46.17,95.1,PWM 36%,1818600,38.3,217473,-63,MOUNTED,43997.7
2026-09-03 09:05:49,18.08,2.73,49.36,704.16,13.55,3.46,46.84,94.9,PWM 37%,1819200,38.8,214790,-66,MOUNTED,44913.7
2026-09-03 09:15:49,17.82,2.29,40.81,710.96,13.39,2.89,38.65,94.7,PWM 24%,1819800,37.0,215007,-66,MOUNTED,37745.1
2026-09-03 09:25:49,17.60,1.91,33.62,716.56,13.26,2.39,31.74,94.4,PWM 43%,1820400,35.6,213900,-66,MOUNTED,31621.7
2026-09-03 09:35:49,17.51,1.75,30.64,721.67,13.21,2.18,28.86,94.2,PWM 37%,1821000,35.5,212625,-62,MOUNTED,28697.2
2026-09-03 09:45:49,17.39,1.53,26.61,726.11,13.13,1.90,24.99,93.9,PWM 30%,1821600,35.2,220686,-64,MOUNTED,25412.9
2026-09-03 09:55:49,17.39,1.54,26.78,730.57,13.13,1.91,25.09,93.7,PWM 31%,1822200,35.1,217450,-66,MOUNTED,25512.4
2026-09-03 10:05:49,17.20,1.22,20.98,734.07,13.02,1.51,19.60,93.4,PWM 20%,1822800,35.0,224981,-65,MOUNTED,20145.5
2026-09-03 10:15:49,17.13,1.10,18.84,737.21,12.98,1.35,17.56,93.2,PWM 17%,1823400,33.6,215097,-62,MOUNTED,18313.3
2026-09-03 10:25:49,16.93,0.74,12.53,739.29,12.86,0.91,11.64,92.9,OFF,1824000,33.5,215743,-64,MOUNTED,12234.4
2026-09-03 10:35:49,16.85,0.60,10.11,740.98,12.81,0.73,9.37,92.7,OFF,1824600,33.0,213529,-67,MOUNTED,10228.9
2026-09-03 10:45:49,16.71,0.37,6.18,742.01,12.73,0.45,5.71,92.4,OFF,1825200,31.4,225121,-66,MOUNTED,6399.1
2026-09-03 10:55:49,16.56,0.11,1.82,742.31,12.64,0.13,1.68,92.1,OFF,1825800,31.1,221779,-62,MOUNTED,1889.8
2026-09-03 11:05:49,16.50,0.00,0.00,742.31,12.60,0.00,0.00,92.0,OFF,1826400,31.4,218425,-67,MOUNTED,41.3
2026-09-03 11:15:49,16.50,0.00,0.00,742.31,12.60,0.00,0.00,92.0,OFF,1827000,32.0,212927,-63,MOUNTED,255.2
2026-09-03 11:25:49,16.50,0.00,0.00,742.31,12.60,0.00,0.00,92.0,OFF,1827600,31.7,214994,-66,MOUNTED,154.7
2026-09-03 11:35:49,16.50,0.00,0.00,742.31,12.60,0.00,0.00,92.0,OFF,1828200,31.4,219411,-64,MOUNTED,493.8
2026-09-03 11:45:49,16.50,0.00,0.00,742.31,12.60,0.00,0.00,92.0,OFF,1828800,31.8,219981,-63,MOUNTED,353.4
2026-09-03 11:55:49,16.50,0.00,0.00,742.31,12.60,0.00,0.00,92.0,OFF,1829400,32.1,219460,-65,MOUNTED,361.6
2026-09-03 23:05:49,16.57,0.12,1.99,0.33,12.64,0.14,1.83,92.1,OFF,1869600,31.2,219148,-67,MOUNTED,2056.7
2026-09-03 23:15:49,16.69,0.33,5.51,1.25,12.71,0.40,5.09,92.4,OFF,1870200,31.3,220716,-62,MOUNTED,5821.6
2026-09-03 23:25:49,16.83,0.57,9.59,2.85,12.80,0.69,8.89,92.7,OFF,1870800,30.9,224317,-63,MOUNTED,9280.8
2026-09-03 23:35:49,16.98,0.83,14.09,5.20,12.89,1.02,13.09,92.9,OFF,1871400,33.5,223124,-62,MOUNTED,13596.3
2026-09-03 23:45:49,17.08,1.01,17.25,8.07,12.95,1.24,16.08,93.2,PWM 14%,1872000,34.0,221391,-62,MOUNTED,16967.2
2026-09-03 23:55:49,17.17,1.16,19.92,11.39,13.00,1.43,18.61,93.4,PWM 19%,1872600,34.9,213590,-67,MOUNTED,19262.9
2026-09-04 00:05:49,17.41,1.57,27.33,15.95,13.14,1.95,25.61,93.7,PWM 32%,1873200,35.5,212185,-62,MOUNTED,26093.0
2026-09-04 00:15:49,17.48,1.69,29.54,20.87,13.19,2.10,27.74,93.9,PWM 35%,1873800,36.1,218064,-67,MOUNTED,27889.7
2026-09-04 00:25:49,17.53,1.78,31.20,26.07,13.22,2.22,29.39,94.2,PWM 38%,1874400,35.6,220879,-67,MOUNTED,29160.4
2026-09-04 00:35:49,17.78,2.23,39.65,32.68,13.37,2.80,37.43,94.4,PWM 22%,1875000,36.5,217312,-63,MOUNTED,36797.3
2026-09-04 00:45:49,17.91,2.44,43.70,39.96,13.44,3.08,41.38,94.7,PWM 28%,1875600,38.4,225193,-63,MOUNTED,39858.1
2026-09-04 00:55:49,17.98,2.56,46.03,47.63,13.49,3.24,43.68,94.9,PWM 32%,1876200,38.5,218963,-66,MOUNTED,42090.6
2026-09-04 01:05:49,18.12,2.81,50.92,56.12,13.57,3.57,48.42,95.1,PWM 40%,1876800,38.9,221532,-62,MOUNTED,46195.4
2026-09-04 01:15:49,18.21,2.96,53.90,65.10,13.63,3.77,51.37,95.3,PWM 44%,1877400,39.1,215835,-66,MOUNTED,48845.8
2026-09-04 01:25:49,18.44,3.36,61.96,75.43,13.76,4.30,59.17,95.5,PWM 57%,1878000,39.7,222648,-62,MOUNTED,55286.4
2026-09-04 01:35:49,18.52,3.50,64.82,86.23,13.81,4.50,62.10,95.8,PWM 61%,1878600,41.4,212730,-64,MOUNTED,57629.4
2026-09-04 01:45:49,18.64,3.72,69.34,97.79,13.89,4.79,66.57,96.0,PWM 68%,1879200,41.8,212908,-62,MOUNTED,60822.3
2026-09-04 01:55:49,18.43,3.34,61.56,108.05,13.76,4.30,59.16,96.1,PWM 56%,1879800,40.7,217067,-65,MOUNTED,55101.1
2026-09-04 02:05:49,18.55,3.55,65.85,119.02,13.83,4.58,63.41,96.3,PWM 63%,1880400,41.0,219574,-63,MOUNTED,58128.1
2026-09-04 02:15:49,18.84,4.06,76.49,131.77,14.00,5.27,73.81,96.5,PWM 79%,1881000,41.7,216463,-65,MOUNTED,66534.9
2026-09-04 02:25:49,18.84,4.05,76.30,144.49,14.00,5.27,73.78,96.7,PWM 79%,1881600,42.5,220401,-65,MOUNTED,66552.9
2026-09-04 02:35:49,18.85,4.07,76.72,157.28,14.01,5.30,74.26,96.8,PWM 79%,1882200,41.7,224189,-62,MOUNTED,66920.5
2026-09-04 02:45:49,19.14,4.57,87.47,171.85,14.18,5.98,84.85,97.0,PWM 96%,1882800,43.7,225129,-65,MOUNTED,74819.4
2026-09-04 02:55:49,19.13,4.56,87.23,186.39,14.18,5.97,84.70,97.1,PWM 96%,1883400,43.4,224222,-62,MOUNTED,74852.6
2026-09-04 03:05:49,18.87,4.11,77.56,199.32,14.02,5.38,75.47,97.3,PWM 81%,1884000,42.5,212212,-63,MOUNTED,67575.2
2026-09-04 03:15:49,19.38,4.99,96.71,215.44,14.33,6.57,94.20,97.4,PWM 100%,1884600,44.9,224336,-65,MOUNTED,81916.3
2026-09-04 03:25:49,19.37,4.97,96.27,231.48,14.32,6.55,93.86,97.5,PWM 100%,1885200,45.3,219433,-65,MOUNTED,81625.5
2026-09-04 03:35:49,19.40,5.02,97.39,247.71,14.34,6.63,95.05,97.6,PWM 100%,1885800,45.0,218338,-63,MOUNTED,82475.7
2026-09-04 03:45:49,19.28,4.82,92.93,263.20,14.27,6.36,90.79,97.7,PWM 100%,1886400,44.6,219051,-62,MOUNTED,79024.1
2026-09-04 03:55:49,19.36,4.96,96.03,279.21,14.32,6.56,93.92,97.8,PWM 100%,1887000,44.6,217740,-63,MOUNTED,81319.8
2026-09-04 04:05:49,19.21,4.69,90.09,294.22,14.22,6.20,88.11,97.8,PWM 100%,1887600,43.9,222241,-66,MOUNTED,77020.8
2026-09-04 04:15:49,19.39,5.01,97.14,310.41,14.33,6.64,95.10,97.9,PWM 100%,1888200,44.7,214032,-63,MOUNTED,82007.9
2026-09-04 04:25:49,19.35,4.94,95.59,326.34,14.31,6.54,93.58,97.9,PWM 100%,1888800,44.7,215042,-65,MOUNTED,80850.0
2026-09-04 04:35:49,19.68,5.52,108.63,344.45,14.51,7.34,106.46,98.0,PWM 100%,1889400,47.2,219249,-66,MOUNTED,90272.8
2026-09-04 04:45:49,19.55,5.29,103.42,361.69,14.43,7.02,101.35,98.0,PWM 100%,1890000,45.9,223072,-65,MOUNTED,86849.1
2026-09-04 04:55:49,19.21,4.70,90.29,376.73,14.23,6.22,88.48,98.0,PWM 100%,1890600,43.8,215645,-62,MOUNTED,77142.3
2026-09-04 05:05:49,19.30,4.85,93.60,392.33,14.28,6.42,91.73,98.0,PWM 100%,1891200,44.9,215840,-65,MOUNTED,79419.0
2026-09-04 05:15:49,19.21,4.69,90.09,407.35,14.22,6.21,88.29,98.0,PWM 100%,1891800,44.5,219628,-62,MOUNTED,76926.1
2026-09-04 05:25:49,19.74,5.61,110.74,425.81,14.54,7.46,108.53,98.0,PWM 100%,1892400,47.3,213898,-67,MOUNTED,91771.9
2026-09-04 05:35:49,19.60,5.38,105.45,443.38,14.46,7.14,103.24,97.9,PWM 100%,1893000,47.2,222306,-62,MOUNTED,87962.0
2026-09-04 05:45:49,19.36,4.96,96.03,459.39,14.32,6.56,94.01,97.9,PWM 100%,1893600,45.8,214934,-63,MOUNTED,81341.6
2026-09-04 05:55:49,19.57,5.32,104.11,476.74,14.44,7.05,101.82,97.8,PWM 100%,1894200,46.2,219461,-64,MOUNTED,87177.4
2026-09-04 06:05:49,19.52,5.23,102.09,493.75,14.41,6.93,99.84,97.8,PWM 100%,1894800,46.3,219366,-65,MOUNTED,85754.6
2026-09-04 06:15:49,19.59,5.36,105.00,511.25,14.46,7.09,102.58,97.7,PWM 100%,1895400,46.0,225231,-64,MOUNTED,87947.2
2026-09-04 06:25:49,19.54,5.27,102.98,528.42,14.42,6.97,100.51,97.6,PWM 100%,1896000,45.9,217507,-65,MOUNTED,86132.3
2026-09-04 06:35:49,19.33,4.90,94.72,544.20,14.30,6.46,92.35,97.5,PWM 100%,1896600,44.8,212561,-65,MOUNTED,80429.3
2026-09-04 06:45:49,19.15,4.59,87.90,558.85,14.19,6.03,85.61,97.4,PWM 97%,1897200,43.8,214377,-65,MOUNTED,75384.7
2026-09-04 06:55:49,19.26,4.78,92.06,574.20,14.25,6.29,89.57,97.3,PWM 100%,1897800,45.1,219334,-63,MOUNTED,78567.6
2026-09-04 07:05:49,19.06,4.44,84.63,588.30,14.14,5.81,82.18,97.1,PWM 92%,1898400,43.5,212787,-64,MOUNTED,72588.5
2026-09-04 07:15:49,19.21,4.69,90.09,603.32,14.22,6.15,87.39,97.0,PWM 100%,1899000,43.8,217920,-64,MOUNTED,76831.7
2026-09-04 07:25:49,19.08,4.48,85.48,617.56,14.15,5.85,82.74,96.8,PWM 93%,1899600,43.8,216831,-67,MOUNTED,73419.3
2026-09-04 07:35:49,18.67,3.76,70.20,629.26,13.90,4.88,67.88,96.7,PWM 69%,1900200,42.2,214114,-67,MOUNTED,61726.0
2026-09-04 07:45:49,18.73,3.87,72.49,641.35,13.94,5.02,69.95,96.5,PWM 73%,1900800,42.4,212733,-62,MOUNTED,63372.7
2026-09-04 07:55:49,18.67,3.77,70.39,653.08,13.90,4.88,67.79,96.3,PWM 70%,1901400,41.2,216920,-63,MOUNTED,62102.7
2026-09-04 08:05:49,18.71,3.82,71.47,664.99,13.92,4.93,68.68,96.1,PWM 71%,1902000,41.7,215368,-65,MOUNTED,62726.5
2026-09-04 08:15:49,18.41,3.31,60.94,675.14,13.75,4.25,58.50,96.0,PWM 55%,1902600,39.7,222924,-64,MOUNTED,54135.1
2026-09-04 08:25:49,18.41,3.31,60.94,685.30,13.74,4.25,58.38,95.8,PWM 55%,1903200,40.3,212852,-62,MOUNTED,54209.9
2026-09-04 08:35:49,18.43,3.35,61.74,695.59,13.76,4.28,58.96,95.5,PWM 56%,1903800,40.0,216925,-64,MOUNTED,55105.6
2026-09-04 08:45:49,18.02,2.64,47.57,703.52,13.51,3.36,45.33,95.3,PWM 34%,1904400,38.9,218291,-63,MOUNTED,43540.6
2026-09-04 08:55:49,18.11,2.78,50.35,711.91,13.56,3.53,47.88,95.1,PWM 39%,1905000,38.0,220657,-66,MOUNTED,45874.0
2026-09-04 09:05:49,18.05,2.68,48.37,719.97,13.53,3.39,45.90,94.9,PWM 36%,1905600,37.7,220772,-66,MOUNTED,44245.6
2026-09-04 09:15:49,17.78,2.22,39.47,726.55,13.37,2.80,37.38,94.7,PWM 22%,1906200,37.3,215047,-67,MOUNTED,36586.9
2026-09-04 09:25:49,17.74,2.15,38.14,732.91,13.34,2.70,36.00,94.4,PWM 20%,1906800,36.4,218521,-66,MOUNTED,35436.7
2026-09-04 09:35:49,17.54,1.81,31.75,738.20,13.23,2.26,29.91,94.2,PWM 39%,1907400,36.4,224453,-62,MOUNTED,29914.3
2026-09-04 09:45:49,17.56,1.83,32.13,743.55,13.23,2.28,30.17,93.9,PWM 40%,1908000,35.7,224525,-62,MOUNTED,30311.1
2026-09-04 09:55:49,17.35,1.47,25.50,747.80,13.11,1.82,23.89,93.7,PWM 28%,1908600,35.2,215360,-62,MOUNTED,24253.8
2026-09-04 10:05:49,17.26,1.32,22.78,751.60,13.06,1.63,21.28,93.4,PWM 24%,1909200,34.4,215617,-64,MOUNTED,21859.5
2026-09-04 10:15:49,17.11,1.07,18.31,754.65,12.97,1.32,17.06,93.2,PWM 16%,1909800,34.1,218232,-66,MOUNTED,17455.7
2026-09-04 10:25:49,16.95,0.79,13.39,756.88,12.87,0.97,12.44,92.9,OFF,1910400,33.0,219214,-63,MOUNTED,12882.3
2026-09-04 10:35:49,16.82,0.55,9.25,758.43,12.79,0.67,8.57,92.7,OFF,1911000,31.8,217981,-65,MOUNTED,9006.9
2026-09-04 10:45:49,16.69,0.34,5.67,759.37,12.72,0.41,5.24,92.4,OFF,1911600,32.1,212506,-64,MOUNTED,5695.0
2026-09-04 10:55:49,16.57,0.12,1.99,759.70,12.64,0.14,1.83,92.1,OFF,1912200,31.8,225936,-64,MOUNTED,2041.2
2026-09-04 11:05:49,16.50,0.00,0.00,759.70,12.60,0.00,0.00,92.0,OFF,1912800,32.0,216143,-63,MOUNTED,384.3
2026-09-04 11:15:49,16.50,0.00,0.00,759.70,12.60,0.00,0.00,92.0,OFF,1913400,30.9,212403,-67,MOUNTED,151.9
2026-09-04 11:25:49,16.50,0.00,0.00,759.70,12.60,0.00,0.00,92.0,OFF,1914000,31.8,219086,-65,MOUNTED,17.1
2026-09-04 11:35:49,16.50,0.00,0.00,759.70,12.60,0.00,0.00,92.0,OFF,1914600,31.3,215253,-64,MOUNTED,346.6
2026-09-04 11:45:49,16.50,0.00,0.00,759.70,12.60,0.00,0.00,92.0,OFF,1915200,31.5,215330,-62,MOUNTED,168.6
2026-09-04 11:55:49,16.50,0.00,0.00,759.70,12.60,0.00,0.00,92.0,OFF,1915800,32.0,217058,-67,MOUNTED,105.1
2026-09-04 23:05:49,16.57,0.11,1.82,0.30,12.64,0.13,1.68,92.1,OFF,1956000,31.4,220394,-64,MOUNTED,2197.1
2026-09-04 23:15:49,16.68,0.32,5.34,1.19,12.71,0.39,4.93,92.4,OFF,1956600,31.6,215976,-62,MOUNTED,5336.3
2026-09-04 23:25:49,16.82,0.55,9.25,2.73,12.79,0.67,8.57,92.7,OFF,1957200,31.0,221065,-63,MOUNTED,9401.3
2026-09-04 23:35:49,16.94,0.76,12.87,4.88,12.86,0.93,11.96,92.9,OFF,1957800,32.9,225992,-66,MOUNTED,12614.2
2026-09-04 23:45:49,17.07,0.98,16.73,7.67,12.94,1.20,15.59,93.2,PWM 13%,1958400,33.2,214740,-67,MOUNTED,16363.7
2026-09-04 23:55:49,17.23,1.26,21.71,11.29,13.04,1.56,20.28,93.4,PWM 22%,1959000,35.3,220324,-66,MOUNTED,20905.4
2026-09-05 00:05:49,17.31,1.40,24.23,15.32,13.09,1.73,22.70,93.7,PWM 26%,1959600,34.5,212291,-66,MOUNTED,23133.1
2026-09-05 00:15:49,17.49,1.72,30.08,20.34,13.20,2.14,28.25,93.9,PWM 36%,1960200,35.3,224997,-66,MOUNTED,28414.9
2026-09-05 00:25:49,17.64,1.98,34.93,26.16,13.28,2.48,32.90,94.2,PWM 45%,1960800,35.9,219768,-62,MOUNTED,32480.3
2026-09-05 00:35:49,17.59,1.89,33.25,31.70,13.25,2.37,31.39,94.4,PWM 42%,1961400,36.5,214871,-67,MOUNTED,31223.0
2026-09-05 00:45:49,17.73,2.13,37.76,37.99,13.34,2.68,35.76,94.7,PWM 19%,1962000,36.9,225757,-65,MOUNTED,35242.8
2026-09-05 00:55:49,17.93,2.47,44.29,45.38,13.46,3.12,42.03,94.9,PWM 29%,1962600,37.4,222740,-67,MOUNTED,40489.8
2026-09-05 01:05:49,18.12,2.81,50.92,53.86,13.57,3.57,48.42,95.1,PWM 40%,1963200,38.3,218326,-66,MOUNTED,46401.3
2026-09-05 01:15:49,18.22,2.98,54.30,62.91,13.63,3.80,51.75,95.3,PWM 45%,1963800,38.7,214735,-67,MOUNTED,49053.8
2026-09-05 01:25:49,18.15,2.86,51.91,71.56,13.59,3.65,49.57,95.5,PWM 41%,1964400,38.3,215745,-64,MOUNTED,47297.3
2026-09-05 01:35:49,18.37,3.24,59.52,81.48,13.72,4.16,57.02,95.8,PWM 53%,1965000,39.8,213982,-63,MOUNTED,53132.2
2026-09-05 01:45:49,18.43,3.34,61.56,91.74,13.76,4.30,59.10,96.0,PWM 56%,1965600,40.8,213524,-67,MOUNTED,54867.0
2026-09-05 01:55:49,18.58,3.61,67.07,102.92,13.85,4.65,64.45,96.1,PWM 65%,1966200,41.1,221761,-62,MOUNTED,59513.1
2026-09-05 02:05:49,18.72,3.86,72.26,114.97,13.93,5.00,69.59,96.3,PWM 73%,1966800,41.1,217512,-67,MOUNTED,63227.8
2026-09-05 02:15:49,18.93,4.21,79.70,128.25,14.06,5.47,76.91,96.5,PWM 84%,1967400,43.3,220074,-67,MOUNTED,68837.4
2026-09-05 02:25:49,18.87,4.11,77.56,141.18,14.02,5.35,75.00,96.7,PWM 81%,1968000,42.3,212348,-63,MOUNTED,67188.6
2026-09-05 02:35:49,18.74,3.88,72.71,153.30,13.94,5.05,70.38,96.8,PWM 73%,1968600,41.3,218720,-63,MOUNTED,63564.5
2026-09-05 02:45:49,18.90,4.17,78.81,166.43,14.04,5.45,76.45,97.0,PWM 83%,1969200,42.1,214856,-63,MOUNTED,68490.4
2026-09-05 02:55:49,18.83,4.03,75.88,179.08,14.00,5.26,73.68,97.1,PWM 78%,1969800,43.0,213106,-63,MOUNTED,65930.5
2026-09-05 03:05:49,18.90,4.16,78.62,192.18,14.04,5.45,76.50,97.3,PWM 82%,1970400,42.5,225108,-63,MOUNTED,67931.0
2026-09-05 03:15:49,19.35,4.94,95.59,208.11,14.31,6.51,93.10,97.4,PWM 100%,1971000,45.5,225944,-63,MOUNTED,80859.0
2026-09-05 03:25:49,18.98,4.29,81.42,221.68,14.09,5.63,79.38,97.5,PWM 87%,1971600,43.6,215243,-63,MOUNTED,70369.3
2026-09-05 03:35:49,19.33,4.91,94.91,237.50,14.30,6.48,92.63,97.6,PWM 100%,1972200,44.9,219365,-62,MOUNTED,80370.8
2026-09-05 03:45:49,19.52,5.24,102.28,254.55,14.41,6.93,99.93,97.7,PWM 100%,1972800,45.9,217931,-62,MOUNTED,85655.3
2026-09-05 03:55:49,19.65,5.46,107.29,272.43,14.49,7.24,104.93,97.8,PWM 100%,1973400,46.7,214311,-65,MOUNTED,89445.0
2026-09-05 04:05:49,19.38,4.99,96.71,288.55,14.33,6.60,94.58,97.8,PWM 100%,1974000,45.0,222568,-65,MOUNTED,81706.0
2026-09-05 04:15:49,19.62,5.41,106.14,306.24,14.47,7.18,103.91,97.9,PWM 100%,1974600,47.4,218898,-64,MOUNTED,88815.7
2026-09-05 04:25:49,19.24,4.74,91.20,321.44,14.24,6.27,89.28,97.9,PWM 100%,1975200,44.1,220385,-63,MOUNTED,77992.8
2026-09-05 04:35:49,19.73,5.60,110.49,339.85,14.54,7.45,108.28,98.0,PWM 100%,1975800,46.6,213924,-65,MOUNTED,91549.7
2026-09-05 04:45:49,19.68,5.51,108.44,357.93,14.51,7.32,106.27,98.0,PWM 100%,1976400,46.7,221971,-66,MOUNTED,90494.2
2026-09-05 04:55:49,19.25,4.76,91.63,373.20,14.25,6.30,89.80,98.0,PWM 100%,1977000,44.3,217584,-65,MOUNTED,78120.0
2026-09-05 05:05:49,19.74,5.61,110.74,391.65,14.54,7.46,108.53,98.0,PWM 100%,1977600,47.3,218617,-62,MOUNTED,92005.9
2026-09-05 05:15:49,19.24,4.74,91.20,406.85,14.24,6.28,89.38,98.0,PWM 100%,1978200,44.0,215781,-67,MOUNTED,77659.9
2026-09-05 05:25:49,19.72,5.58,110.04,425.19,14.53,7.42,107.84,98.0,PWM 100%,1978800,47.9,215377,-63,MOUNTED,91180.2
2026-09-05 05:35:49,19.26,4.79,92.26,440.57,14.26,6.33,90.32,97.9,PWM 100%,1979400,44.5,222433,-63,MOUNTED,78378.2
2026-09-05 05:45:49,19.69,5.54,109.08,458.75,14.52,7.35,106.79,97.9,PWM 100%,1980000,47.6,222242,-65,MOUNTED,90830.0
2026-09-05 05:55:49,19.19,4.67,89.62,473.69,14.22,6.16,87.65,97.8,PWM 99%,1980600,44.2,221985,-65,MOUNTED,76670.9
2026-09-05 06:05:49,19.29,4.84,93.36,489.25,14.28,6.39,91.31,97.8,PWM 100%,1981200,44.5,219310,-65,MOUNTED,79211.4
2026-09-05 06:15:49,19.33,4.91,94.91,505.06,14.30,6.48,92.73,97.7,PWM 100%,1981800,44.5,214030,-66,MOUNTED,80798.5
2026-09-05 06:25:49,19.28,4.82,92.93,520.55,14.27,6.36,90.70,97.6,PWM 100%,1982400,44.1,220401,-64,MOUNTED,78845.7
2026-09-05 06:35:49,19.15,4.60,88.09,535.23,14.19,6.05,85.89,97.5,PWM 97%,1983000,43.8,212406,-63,MOUNTED,75628.1
2026-09-05 06:45:49,19.10,4.50,85.95,549.56,14.16,5.91,83.72,97.4,PWM 94%,1983600,44.1,212244,-63,MOUNTED,73679.9
2026-09-05 06:55:49,19.17,4.62,88.57,564.32,14.20,6.07,86.18,97.3,PWM 98%,1984200,44.5,218598,-62,MOUNTED,75560.8
2026-09-05 07:05:49,18.86,4.09,77.14,577.18,14.02,5.34,74.90,97.1,PWM 80%,1984800,42.6,216969,-67,MOUNTED,67335.7
2026-09-05 07:15:49,18.81,4.00,75.24,589.72,13.98,5.22,72.98,97.0,PWM 77%,1985400,42.7,220593,-67,MOUNTED,65731.7
2026-09-05 07:25:49,19.00,4.33,82.27,603.43,14.10,5.65,79.64,96.8,PWM 88%,1986000,43.2,217253,-64,MOUNTED,71138.1
2026-09-05 07:35:49,18.78,3.95,74.18,615.79,13.97,5.13,71.73,96.7,PWM 76%,1986600,42.4,218330,-67,MOUNTED,65025.2
2026-09-05 07:45:49,18.97,4.27,81.00,629.29,14.08,5.55,78.16,96.5,PWM 86%,1987200,43.1,212108,-63,MOUNTED,70236.3
2026-09-05 07:55:49,18.88,4.13,77.97,642.29,14.03,5.35,75.09,96.3,PWM 81%,1987800,42.3,212213,-63,MOUNTED,67901.6
2026-09-05 08:05:49,18.39,3.28,60.32,652.34,13.73,4.22,57.97,96.1,PWM 54%,1988400,39.9,218955,-63,MOUNTED,53938.7
2026-09-05 08:15:49,18.61,3.65,67.93,663.66,13.86,4.70,65.21,96.0,PWM 66%,1989000,40.5,218119,-65,MOUNTED,59907.0
2026-09-05 08:25:49,18.56,3.56,66.07,674.67,13.83,4.58,63.30,95.8,PWM 63%,1989600,40.7,224819,-63,MOUNTED,58607.9
2026-09-05 08:35:49,18.10,2.77,50.14,683.03,13.56,3.53,47.88,95.5,PWM 38%,1990200,39.3,219174,-66,MOUNTED,45787.5
2026-09-05 08:45:49,18.09,2.75,49.75,691.32,13.55,3.50,47.41,95.3,PWM 38%,1990800,38.3,220710,-63,MOUNTED,45141.7
2026-09-05 08:55:49,18.01,2.63,47.37,699.22,13.51,3.33,45.05,95.1,PWM 34%,1991400,37.6,222836,-67,MOUNTED,43266.0
2026-09-05 09:05:49,17.83,2.30,41.01,706.05,13.40,2.90,38.92,94.9,PWM 24%,1992000,37.2,222345,-66,MOUNTED,37693.2
2026-09-05 09:15:49,17.77,2.20,39.09,712.57,13.36,2.77,37.02,94.7,PWM 21%,1992600,37.6,220821,-66,MOUNTED,36198.2
2026-09-05 09:25:49,17.74,2.16,38.32,718.95,13.35,2.71,36.17,94.4,PWM 20%,1993200,36.5,221251,-64,MOUNTED,35396.1
2026-09-05 09:35:49,17.68,2.04,36.07,724.97,13.31,2.55,33.98,94.2,PWM 17%,1993800,36.2,220211,-62,MOUNTED,33448.5
2026-09-05 09:45:49,17.42,1.59,27.70,729.58,13.15,1.98,26.01,93.9,PWM 32%,1994400,35.9,219420,-62,MOUNTED,26467.8
2026-09-05 09:55:49,17.27,1.34,23.14,733.44,13.06,1.66,21.68,93.7,PWM 24%,1995000,35.3,224750,-67,MOUNTED,21866.6
2026-09-05 10:05:49,17.16,1.15,19.73,736.73,13.00,1.42,18.43,93.4,PWM 18%,1995600,34.8,220560,-62,MOUNTED,18817.8
2026-09-05 10:15:49,17.13,1.09,18.67,739.84,12.98,1.34,17.40,93.2,PWM 16%,1996200,34.1,222996,-67,MOUNTED,18056.1
2026-09-05 10:25:49,16.99,0.86,14.61,742.27,12.90,1.05,13.57,92.9,OFF,1996800,33.9,220594,-67,MOUNTED,14145.7
2026-09-05 10:35:49,16.85,0.60,10.11,743.96,12.81,0.73,9.37,92.7,OFF,1997400,32.9,217360,-64,MOUNTED,10332.7
2026-09-05 10:45:49,16.69,0.33,5.51,744.88,12.72,0.40,5.09,92.4,OFF,1998000,31.1,220067,-66,MOUNTED,5656.5
2026-09-05 10:55:49,16.56,0.11,1.82,745.18,12.64,0.13,1.68,92.1,OFF,1998600,30.9,216481,-64,MOUNTED,2144.5
2026-09-05 11:05:49,16.50,0.00,0.00,745.18,12.60,0.00,0.00,92.0,OFF,1999200,30.8,220340,-65,MOUNTED,198.4
2026-09-05 11:15:49,16.50,0.00,0.00,745.18,12.60,0.00,0.00,92.0,OFF,1999800,31.1,221028,-66,MOUNTED,3.0
2026-09-05 11:25:49,16.50,0.00,0.00,745.18,12.60,0.00,0.00,92.0,OFF,2000400,31.7,222629,-67,MOUNTED,296.2
2026-09-05 11:35:49,16.50,0.00,0.00,745.18,12.60,0.00,0.00,92.0,OFF,2001000,31.7,221220,-67,MOUNTED,217.0
2026-09-05 11:45:49,16.50,0.00,0.00,745.18,12.60,0.00,0.00,92.0,OFF,2001600,31.6,219972,-62,MOUNTED,394.0
2026-09-05 11:55:49,16.50,0.00,0.00,745.18,12.60,0.00,0.00,92.0,OFF,2002200,32.1,221132,-64,MOUNTED,182.1
2026-09-05 23:05:49,16.57,0.12,1.99,0.33,12.64,0.14,1.83,92.1,OFF,2042400,31.4,217869,-62,MOUNTED,1933.9
2026-09-05 23:15:49,16.70,0.35,5.84,1.30,12.72,0.42,5.40,92.4,OFF,2043000,32.1,215963,-64,MOUNTED,5718.0
2026-09-05 23:25:49,16.84,0.59,9.94,2.96,12.80,0.72,9.21,92.7,OFF,2043600,31.5,220713,-63,MOUNTED,10144.5
2026-09-05 23:35:49,16.98,0.84,14.26,5.34,12.89,1.03,13.25,92.9,OFF,2044200,34.3,220107,-64,MOUNTED,13919.4
2026-09-05 23:45:49,17.10,1.05,17.96,8.33,12.96,1.29,16.74,93.2,PWM 15%,2044800,33.3,221232,-64,MOUNTED,17157.9
2026-09-05 23:55:49,17.19,1.20,20.63,11.77,13.02,1.48,19.27,93.4,PWM 20%,2045400,34.7,221030,-62,MOUNTED,20036.1
2026-09-06 00:05:49,17.27,1.33,22.97,15.60,13.06,1.65,21.52,93.7,PWM 24%,2046000,34.2,219432,-63,MOUNTED,21999.5
2026-09-06 00:15:49,17.42,1.60,27.87,20.24,13.15,1.99,26.17,93.9,PWM 33%,2046600,35.6,220575,-62,MOUNTED,26284.5
2026-09-06 00:25:49,17.57,1.85,32.50,25.66,13.24,2.31,30.62,94.2,PWM 41%,2047200,35.4,214949,-64,MOUNTED,30709.6
2026-09-06 00:35:49,17.70,2.08,36.82,31.80,13.32,2.61,34.76,94.4,PWM 18%,2047800,36.9,223843,-64,MOUNTED,34253.5
2026-09-06 00:45:49,17.91,2.45,43.88,39.11,13.45,3.09,41.55,94.7,PWM 29%,2048400,37.5,215006,-62,MOUNTED,40438.3
2026-09-06 00:55:49,17.88,2.39,42.73,46.23,13.43,3.02,40.55,94.9,PWM 27%,2049000,36.9,215389,-62,MOUNTED,39468.3
2026-09-06 01:05:49,18.00,2.60,46.80,54.03,13.50,3.30,44.51,95.1,PWM 33%,2049600,38.4,224468,-67,MOUNTED,42867.6
2026-09-06 01:15:49,18.24,3.01,54.90,63.18,13.64,3.84,52.32,95.3,PWM 46%,2050200,39.2,217269,-62,MOUNTED,49272.4
2026-09-06 01:25:49,18.18,2.92,53.09,72.03,13.61,3.73,50.70,95.5,PWM 43%,2050800,39.4,222054,-62,MOUNTED,48059.0
2026-09-06 01:35:49,18.54,3.53,65.45,82.94,13.82,4.54,62.70,95.8,PWM 62%,2051400,41.5,215836,-64,MOUNTED,57779.5
2026-09-06 01:45:49,18.66,3.75,69.97,94.60,13.90,4.83,67.17,96.0,PWM 69%,2052000,41.5,223998,-65,MOUNTED,61741.7
2026-09-06 01:55:49,18.46,3.41,62.95,105.09,13.78,4.39,60.49,96.1,PWM 58%,2052600,40.7,216715,-64,MOUNTED,55711.1
2026-09-06 02:05:49,18.67,3.75,70.01,116.76,13.90,4.85,67.42,96.3,PWM 69%,2053200,41.6,223791,-62,MOUNTED,61738.6
2026-09-06 02:15:49,18.74,3.88,72.71,128.88,13.94,5.03,70.17,96.5,PWM 73%,2053800,41.7,216194,-64,MOUNTED,63411.9
2026-09-06 02:25:49,18.65,3.72,69.38,140.44,13.89,4.83,67.09,96.7,PWM 68%,2054400,42.1,216337,-67,MOUNTED,61248.8
2026-09-06 02:35:49,18.94,4.23,80.12,153.79,14.06,5.52,77.56,96.8,PWM 85%,2055000,43.1,220666,-65,MOUNTED,69316.7
2026-09-06 02:45:49,18.98,4.30,81.61,167.40,14.09,5.62,79.16,97.0,PWM 87%,2055600,43.4,223247,-63,MOUNTED,70654.8
2026-09-06 02:55:49,18.91,4.18,79.04,180.57,14.05,5.46,76.75,97.1,PWM 83%,2056200,42.4,220164,-67,MOUNTED,68629.8
2026-09-06 03:05:49,19.08,4.47,85.29,194.78,14.15,5.87,82.99,97.3,PWM 93%,2056800,43.0,213815,-62,MOUNTED,73134.6
2026-09-06 03:15:49,19.19,4.67,89.62,209.72,14.22,6.14,87.29,97.4,PWM 99%,2057400,44.9,223421,-62,MOUNTED,76714.8
2026-09-06 03:25:49,19.45,5.11,99.39,226.29,14.37,6.74,96.91,97.5,PWM 100%,2058000,46.4,220106,-67,MOUNTED,83917.5
2026-09-06 03:35:49,19.05,4.41,84.01,240.29,14.13,5.80,81.99,97.6,PWM 91%,2058600,43.0,214067,-62,MOUNTED,72160.0
2026-09-06 03:45:49,19.56,5.31,103.86,257.60,14.44,7.03,101.47,97.7,PWM 100%,2059200,46.0,223941,-67,MOUNTED,87109.9
2026-09-06 03:55:49,19.26,4.78,92.06,272.94,14.25,6.32,90.03,97.8,PWM 100%,2059800,44.4,219420,-65,MOUNTED,78199.7
2026-09-06 04:05:49,19.45,5.10,99.19,289.47,14.37,6.75,97.01,97.8,PWM 100%,2060400,45.1,218558,-63,MOUNTED,83765.3
2026-09-06 04:15:49,19.56,5.31,103.86,306.78,14.44,7.04,101.68,97.9,PWM 100%,2061000,47.1,224641,-63,MOUNTED,86844.7
2026-09-06 04:25:49,19.63,5.42,106.39,324.51,14.48,7.19,104.16,97.9,PWM 100%,2061600,47.0,222529,-63,MOUNTED,88911.0
2026-09-06 04:35:49,19.31,4.86,93.85,340.16,14.28,6.44,91.97,98.0,PWM 100%,2062200,45.1,214544,-62,MOUNTED,79814.9
2026-09-06 04:45:49,19.78,5.68,112.35,358.88,14.57,7.56,110.10,98.0,PWM 100%,2062800,47.3,219293,-62,MOUNTED,93178.2
2026-09-06 04:55:49,19.44,5.09,98.95,375.37,14.36,6.75,96.97,98.0,PWM 100%,2063400,45.5,217976,-65,MOUNTED,83267.1
2026-09-06 05:05:49,19.47,5.15,100.27,392.08,14.38,6.83,98.26,98.0,PWM 100%,2064000,45.1,224793,-63,MOUNTED,84515.1
2026-09-06 05:15:49,19.77,5.67,112.10,410.77,14.56,7.55,109.86,98.0,PWM 100%,2064600,47.5,217518,-63,MOUNTED,92963.5
2026-09-06 05:25:49,19.67,5.50,108.19,428.80,14.50,7.31,106.03,98.0,PWM 100%,2065200,46.8,225305,-67,MOUNTED,90317.6
2026-09-06 05:35:49,19.27,4.81,92.69,444.25,14.26,6.36,90.74,97.9,PWM 100%,2065800,45.2,216337,-62,MOUNTED,78828.8
2026-09-06 05:45:49,19.31,4.88,94.23,459.95,14.29,6.46,92.25,97.9,PWM 100%,2066400,44.9,212652,-64,MOUNTED,79775.3
2026-09-06 05:55:49,19.30,4.85,93.60,475.55,14.28,6.41,91.54,97.8,PWM 100%,2067000,45.4,221145,-64,MOUNTED,79634.7
2026-09-06 06:05:49,19.27,4.80,92.50,490.97,14.26,6.34,90.47,97.8,PWM 100%,2067600,45.3,213040,-62,MOUNTED,78874.3
2026-09-06 06:15:49,19.56,5.30,103.67,508.25,14.44,7.01,101.29,97.7,PWM 100%,2068200,45.8,221474,-66,MOUNTED,86975.2
2026-09-06 06:25:49,19.48,5.17,100.71,525.03,14.39,6.83,98.29,97.6,PWM 100%,2068800,45.2,215312,-62,MOUNTED,84668.4
2026-09-06 06:35:49,19.08,4.47,85.29,539.25,14.15,5.88,83.16,97.5,PWM 93%,2069400,43.9,215382,-66,MOUNTED,73148.9
2026-09-06 06:45:49,19.06,4.43,84.44,553.32,14.13,5.82,82.24,97.4,PWM 91%,2070000,43.6,219578,-62,MOUNTED,72703.4
2026-09-06 06:55:49,18.96,4.27,80.96,566.82,14.08,5.59,78.77,97.3,PWM 86%,2070600,43.7,213248,-65,MOUNTED,69909.6
2026-09-06 07:05:49,18.87,4.11,77.56,579.74,14.02,5.37,75.31,97.1,PWM 81%,2071200,43.3,213931,-64,MOUNTED,67546.5
2026-09-06 07:15:49,18.97,4.29,81.38,593.31,14.08,5.61,78.94,97.0,PWM 87%,2071800,42.8,212787,-65,MOUNTED,70239.4
2026-09-06 07:25:49,19.09,4.50,85.91,607.62,14.16,5.87,83.16,96.8,PWM 94%,2072400,43.2,223960,-67,MOUNTED,73749.2
2026-09-06 07:35:49,18.64,3.71,69.15,619.15,13.88,4.82,66.87,96.7,PWM 68%,2073000,41.5,213810,-64,MOUNTED,60616.2
2026-09-06 07:45:49,18.80,3.99,75.01,631.65,13.98,5.18,72.38,96.5,PWM 77%,2073600,41.7,219492,-66,MOUNTED,65461.4
2026-09-06 07:55:49,18.52,3.49,64.63,642.42,13.81,4.51,62.24,96.3,PWM 61%,2074200,40.7,212278,-62,MOUNTED,57203.3
2026-09-06 08:05:49,18.72,3.85,72.07,654.43,13.93,4.97,69.26,96.1,PWM 72%,2074800,42.0,222761,-65,MOUNTED,63121.4
2026-09-06 08:15:49,18.33,3.17,58.11,664.12,13.70,4.07,55.79,96.0,PWM 51%,2075400,39.8,219392,-62,MOUNTED,52114.9
2026-09-06 08:25:49,18.35,3.20,58.72,673.90,13.71,4.10,56.25,95.8,PWM 52%,2076000,39.8,224211,-65,MOUNTED,52631.9
2026-09-06 08:35:49,18.42,3.32,61.15,684.10,13.75,4.25,58.40,95.5,PWM 55%,2076600,39.7,225476,-65,MOUNTED,54752.7
2026-09-06 08:45:49,18.00,2.60,46.80,691.90,13.50,3.30,44.60,95.3,PWM 33%,2077200,37.8,221676,-62,MOUNTED,43014.2
2026-09-06 08:55:49,18.15,2.87,52.09,700.58,13.59,3.65,49.54,95.1,PWM 41%,2077800,39.5,224061,-64,MOUNTED,47226.0
2026-09-06 09:05:49,17.81,2.27,40.43,707.32,13.39,2.87,38.37,94.9,PWM 23%,2078400,37.1,222203,-67,MOUNTED,37669.6
2026-09-06 09:15:49,17.70,2.09,36.99,713.48,13.32,2.63,35.03,94.7,PWM 18%,2079000,36.8,222998,-63,MOUNTED,34505.1
2026-09-06 09:25:49,17.78,2.21,39.29,720.03,13.37,2.77,37.09,94.4,PWM 22%,2079600,37.3,214785,-62,MOUNTED,36281.8
2026-09-06 09:35:49,17.49,1.71,29.91,725.01,13.19,2.14,28.18,94.2,PWM 36%,2080200,36.2,212410,-65,MOUNTED,28380.6
2026-09-06 09:45:49,17.50,1.74,30.45,730.09,13.20,2.17,28.59,93.9,PWM 37%,2080800,36.3,222136,-67,MOUNTED,28736.5
2026-09-06 09:55:49,17.26,1.31,22.61,733.86,13.05,1.62,21.19,93.7,PWM 23%,2081400,34.4,222852,-65,MOUNTED,21929.9
2026-09-06 10:05:49,17.22,1.25,21.52,737.44,13.03,1.54,20.10,93.4,PWM 21%,2082000,35.2,215408,-65,MOUNTED,20459.6
2026-09-06 10:15:49,17.12,1.07,18.32,740.50,12.97,1.32,17.07,93.2,PWM 16%,2082600,33.8,223419,-63,MOUNTED,17689.2
2026-09-06 10:25:49,16.99,0.85,14.44,742.90,12.89,1.04,13.41,92.9,OFF,2083200,33.6,225987,-66,MOUNTED,13867.1
2026-09-06 10:35:49,16.86,0.62,10.45,744.65,12.81,0.76,9.69,92.7,OFF,2083800,33.5,212103,-64,MOUNTED,10292.1
2026-09-06 10:45:49,16.69,0.33,5.51,745.56,12.71,0.40,5.09,92.4,OFF,2084400,31.3,217267,-66,MOUNTED,5471.0
2026-09-06 10:55:49,16.57,0.12,1.99,745.90,12.64,0.14,1.83,92.1,OFF,2085000,32.1,219939,-66,MOUNTED,2065.2
2026-09-06 11:05:49,16.50,0.00,0.00,745.90,12.60,0.00,0.00,92.0,OFF,2085600,31.3,221574,-63,MOUNTED,447.5
2026-09-06 11:15:49,16.50,0.00,0.00,745.90,12.60,0.00,0.00,92.0,OFF,2086200,31.5,213203,-67,MOUNTED,43.6
2026-09-06 11:25:49,16.50,0.00,0.00,745.90,12.60,0.00,0.00,92.0,OFF,2086800,31.7,221450,-65,MOUNTED,413.5
2026-09-06 11:35:49,16.50,0.00,0.00,745.90,12.60,0.00,0.00,92.0,OFF,2087400,31.1,222696,-64,MOUNTED,331.4
2026-09-06 11:45:49,16.50,0.00,0.00,745.90,12.60,0.00,0.00,92.0,OFF,2088000,30.9,216023,-62,MOUNTED,357.1
2026-09-06 11:55:49,16.50,0.00,0.00,745.90,12.60,0.00,0.00,92.0,OFF,2088600,31.4,223781,-67,MOUNTED,234.2
2026-09-06 23:05:49,16.57,0.12,1.99,0.33,12.64,0.14,1.83,92.1,OFF,2128800,32.0,215695,-66,MOUNTED,2007.2
2026-09-06 23:15:49,16.70,0.35,5.84,1.30,12.72,0.42,5.40,92.4,OFF,2129400,31.0,217099,-67,MOUNTED,6018.5
2026-09-06 23:25:49,16.81,0.53,8.91,2.79,12.78,0.65,8.26,92.7,OFF,2130000,31.0,214834,-65,MOUNTED,8944.8
2026-09-06 23:35:49,16.97,0.82,13.92,5.11,12.88,1.00,12.93,92.9,OFF,2130600,33.0,221188,-66,MOUNTED,13647.6
2026-09-06 23:45:49,17.12,1.07,18.32,8.16,12.97,1.32,17.07,93.2,PWM 16%,2131200,33.5,220132,-64,MOUNTED,17792.7
2026-09-06 23:55:49,17.15,1.13,19.38,11.39,12.99,1.39,18.10,93.4,PWM 18%,2131800,34.6,219571,-65,MOUNTED,18737.5
2026-09-07 00:05:49,17.30,1.38,23.87,15.37,13.08,1.71,22.37,93.7,PWM 26%,2132400,34.5,221862,-63,MOUNTED,22731.4
2026-09-07 00:15:49,17.45,1.65,28.79,20.17,13.17,2.05,27.03,93.9,PWM 34%,2133000,35.5,224354,-65,MOUNTED,27043.4
2026-09-07 00:25:49,17.62,1.94,34.18,25.87,13.27,2.43,32.20,94.2,PWM 44%,2133600,36.9,224105,-62,MOUNTED,31798.4
2026-09-07 00:35:49,17.82,2.28,40.63,32.64,13.39,2.86,38.35,94.4,PWM 24%,2134200,37.8,213841,-63,MOUNTED,37589.8
2026-09-07 00:45:49,17.95,2.52,45.23,40.18,13.47,3.18,42.83,94.7,PWM 31%,2134800,38.0,221054,-65,MOUNTED,41500.6
2026-09-07 00:55:49,17.86,2.36,42.15,47.20,13.42,2.98,40.00,94.9,PWM 26%,2135400,37.7,216639,-65,MOUNTED,38765.1
2026-09-07 01:05:49,17.91,2.44,43.70,54.48,13.45,3.09,41.56,95.1,PWM 28%,2136000,37.1,216087,-66,MOUNTED,40224.9
2026-09-07 01:15:49,18.19,2.92,53.11,63.34,13.61,3.72,50.61,95.3,PWM 43%,2136600,38.7,221021,-65,MOUNTED,48071.8
2026-09-07 01:25:49,18.33,3.18,58.29,73.05,13.70,4.06,55.67,95.5,PWM 51%,2137200,39.6,212737,-63,MOUNTED,52196.1
2026-09-07 01:35:49,18.28,3.09,56.49,82.47,13.67,3.96,54.12,95.8,PWM 48%,2137800,39.8,222090,-62,MOUNTED,50896.3
2026-09-07 01:45:49,18.66,3.74,69.79,94.10,13.89,4.82,67.00,96.0,PWM 69%,2138400,41.3,225445,-66,MOUNTED,61402.2
2026-09-07 01:55:49,18.47,3.41,62.98,104.59,13.78,4.39,60.52,96.1,PWM 58%,2139000,41.0,220203,-63,MOUNTED,55980.2
2026-09-07 02:05:49,18.71,3.82,71.47,116.51,13.92,4.94,68.83,96.3,PWM 71%,2139600,42.4,213158,-66,MOUNTED,62961.5
2026-09-07 02:15:49,18.76,3.92,73.54,128.76,13.96,5.08,70.97,96.5,PWM 75%,2140200,41.4,218604,-66,MOUNTED,64142.0
2026-09-07 02:25:49,18.89,4.14,78.20,141.80,14.03,5.39,75.62,96.7,PWM 82%,2140800,42.6,221393,-62,MOUNTED,67871.9
2026-09-07 02:35:49,18.99,4.31,81.85,155.44,14.09,5.62,79.23,96.8,PWM 87%,2141400,43.3,225201,-65,MOUNTED,70854.0
2026-09-07 02:45:49,18.76,3.92,73.54,167.69,13.96,5.11,71.33,97.0,PWM 75%,2142000,41.6,222262,-62,MOUNTED,64497.3
2026-09-07 02:55:49,19.23,4.73,90.96,182.85,14.24,6.20,88.32,97.1,PWM 100%,2142600,45.0,218052,-63,MOUNTED,77516.2
2026-09-07 03:05:49,19.13,4.56,87.23,197.39,14.18,5.99,84.87,97.3,PWM 96%,2143200,43.7,220813,-64,MOUNTED,74886.1
2026-09-07 03:15:49,19.08,4.48,85.48,211.64,14.15,5.88,83.26,97.4,PWM 93%,2143800,44.3,216134,-66,MOUNTED,73267.2
2026-09-07 03:25:49,19.08,4.48,85.48,225.89,14.15,5.89,83.34,97.5,PWM 93%,2144400,43.5,217678,-62,MOUNTED,73242.9
2026-09-07 03:35:49,19.26,4.78,92.06,241.23,14.25,6.31,89.85,97.6,PWM 100%,2145000,44.2,223877,-66,MOUNTED,78466.6
2026-09-07 03:45:49,19.39,5.01,97.14,257.42,14.33,6.62,94.91,97.7,PWM 100%,2145600,45.9,215454,-65,MOUNTED,82045.3
2026-09-07 03:55:49,19.18,4.65,89.19,272.28,14.21,6.14,87.23,97.8,PWM 99%,2146200,44.6,213304,-63,MOUNTED,76384.6
2026-09-07 04:05:49,19.15,4.60,88.09,286.97,14.19,6.07,86.15,97.8,PWM 97%,2146800,44.3,220181,-65,MOUNTED,75493.1
2026-09-07 04:15:49,19.32,4.89,94.47,302.71,14.29,6.47,92.49,97.9,PWM 100%,2147400,44.9,218501,-67,MOUNTED,80021.8
2026-09-07 04:25:49,19.63,5.43,106.59,320.48,14.48,7.21,104.35,97.9,PWM 100%,2148000,46.4,223900,-62,MOUNTED,88880.1
2026-09-07 04:35:49,19.69,5.53,108.89,338.62,14.51,7.35,106.71,98.0,PWM 100%,2148600,47.2,218350,-65,MOUNTED,90775.4
2026-09-07 04:45:49,19.76,5.64,111.45,357.20,14.55,7.51,109.22,98.0,PWM 100%,2149200,46.7,214135,-66,MOUNTED,92308.2
2026-09-07 04:55:49,19.34,4.92,95.15,373.06,14.30,6.52,93.25,98.0,PWM 100%,2149800,44.4,218930,-66,MOUNTED,80672.0
2026-09-07 05:05:49,19.45,5.11,99.39,389.62,14.37,6.78,97.40,98.0,PWM 100%,2150400,45.5,215220,-63,MOUNTED,83518.1
2026-09-07 05:15:49,19.40,5.02,97.39,405.85,14.34,6.66,95.44,98.0,PWM 100%,2151000,46.1,222222,-65,MOUNTED,82075.1
2026-09-07 05:25:49,19.60,5.37,105.25,423.40,14.46,7.13,103.14,98.0,PWM 100%,2151600,45.8,212210,-63,MOUNTED,87863.1
2026-09-07 05:35:49,19.36,4.96,96.03,439.40,14.32,6.56,94.01,97.9,PWM 100%,2152200,45.1,219337,-67,MOUNTED,81267.0
2026-09-07 05:45:49,19.27,4.80,92.50,454.82,14.26,6.35,90.56,97.9,PWM 100%,2152800,44.6,215287,-62,MOUNTED,78743.8
2026-09-07 05:55:49,19.48,5.16,100.52,471.57,14.39,6.83,98.31,97.8,PWM 100%,2153400,46.6,222064,-62,MOUNTED,84813.9
2026-09-07 06:05:49,19.37,4.98,96.46,487.65,14.32,6.59,94.34,97.8,PWM 100%,2154000,46.0,215293,-63,MOUNTED,81648.2
2026-09-07 06:15:49,19.50,5.20,101.40,504.55,14.40,6.88,99.07,97.7,PWM 100%,2154600,46.7,220968,-67,MOUNTED,85274.0
2026-09-07 06:25:49,19.42,5.07,98.46,520.96,14.35,6.70,96.10,97.6,PWM 100%,2155200,45.2,223495,-62,MOUNTED,83119.4
2026-09-07 06:35:49,19.38,5.00,96.90,537.11,14.33,6.59,94.48,97.5,PWM 100%,2155800,45.7,212886,-65,MOUNTED,81769.0
2026-09-07 06:45:49,19.25,4.77,91.82,552.41,14.25,6.28,89.43,97.4,PWM 100%,2156400,44.7,220098,-62,MOUNTED,78056.3
2026-09-07 06:55:49,19.02,4.37,83.12,566.26,14.11,5.73,80.88,97.3,PWM 89%,2157000,43.0,221129,-63,MOUNTED,71495.8
2026-09-07 07:05:49,19.21,4.69,90.09,581.28,14.22,6.15,87.48,97.1,PWM 100%,2157600,44.3,214488,-64,MOUNTED,77183.2
2026-09-07 07:15:49,18.80,3.99,75.01,593.78,13.98,5.20,72.76,97.0,PWM 77%,2158200,41.9,222279,-63,MOUNTED,65657.7
2026-09-07 07:25:49,19.07,4.46,85.05,607.96,14.14,5.82,82.33,96.8,PWM 92%,2158800,43.9,223555,-63,MOUNTED,73043.1
2026-09-07 07:35:49,18.64,3.71,69.15,619.48,13.88,4.82,66.87,96.7,PWM 68%,2159400,41.2,223662,-65,MOUNTED,60921.3
2026-09-07 07:45:49,18.54,3.54,65.63,630.42,13.82,4.58,63.33,96.5,PWM 62%,2160000,40.8,223515,-62,MOUNTED,58263.5
2026-09-07 07:55:49,18.56,3.56,66.07,641.43,13.83,4.60,63.63,96.3,PWM 63%,2160600,40.4,217341,-66,MOUNTED,58593.3
2026-09-07 08:05:49,18.65,3.72,69.38,652.99,13.89,4.80,66.67,96.1,PWM 68%,2161200,41.3,224062,-65,MOUNTED,61248.6
2026-09-07 08:15:49,18.38,3.26,59.92,662.98,13.73,4.19,57.52,96.0,PWM 54%,2161800,39.9,223781,-62,MOUNTED,53260.3
2026-09-07 08:25:49,18.41,3.31,60.94,673.14,13.75,4.25,58.38,95.8,PWM 55%,2162400,39.9,212113,-67,MOUNTED,54503.6
2026-09-07 08:35:49,18.13,2.82,51.13,681.66,13.58,3.60,48.83,95.5,PWM 40%,2163000,38.2,212261,-65,MOUNTED,46173.6
2026-09-07 08:45:49,18.04,2.68,48.35,689.72,13.53,3.41,46.08,95.3,PWM 36%,2163600,38.4,219756,-64,MOUNTED,43940.7
2026-09-07 08:55:49,18.17,2.90,52.69,698.50,13.60,3.68,50.11,95.1,PWM 42%,2164200,38.4,214675,-62,MOUNTED,47465.5
2026-09-07 09:05:49,17.87,2.38,42.53,705.59,13.42,3.01,40.36,94.9,PWM 27%,2164800,37.5,221536,-64,MOUNTED,39199.2
2026-09-07 09:15:49,17.79,2.23,39.67,712.20,13.37,2.81,37.57,94.7,PWM 22%,2165400,36.6,224050,-63,MOUNTED,36793.0
2026-09-07 09:25:49,17.80,2.25,40.05,718.87,13.38,2.83,37.81,94.4,PWM 23%,2166000,37.5,221831,-63,MOUNTED,37041.7
2026-09-07 09:35:49,17.54,1.79,31.40,724.11,13.22,2.24,29.58,94.2,PWM 39%,2166600,36.4,220788,-65,MOUNTED,29772.3
2026-09-07 09:45:49,17.43,1.61,28.06,728.78,13.16,2.00,26.35,93.9,PWM 33%,2167200,36.2,222477,-63,MOUNTED,26416.5
2026-09-07 09:55:49,17.32,1.42,24.59,732.88,13.09,1.76,23.04,93.7,PWM 27%,2167800,35.0,217120,-65,MOUNTED,23599.2
2026-09-07 10:05:49,17.22,1.26,21.70,736.50,13.03,1.56,20.27,93.4,PWM 22%,2168400,35.2,213222,-65,MOUNTED,20661.7
2026-09-07 10:15:49,17.06,0.97,16.55,739.26,12.93,1.19,15.42,93.2,PWM 13%,2169000,33.8,214495,-64,MOUNTED,16091.3
2026-09-07 10:25:49,16.92,0.73,12.35,741.32,12.85,0.89,11.47,92.9,OFF,2169600,33.6,215278,-62,MOUNTED,12229.9
2026-09-07 10:35:49,16.83,0.57,9.59,742.91,12.80,0.69,8.89,92.7,OFF,2170200,30.9,212063,-65,MOUNTED,9528.7
2026-09-07 10:45:49,16.69,0.33,5.51,743.83,12.71,0.40,5.09,92.4,OFF,2170800,31.5,216808,-62,MOUNTED,5815.0
2026-09-07 10:55:49,16.56,0.10,1.66,744.11,12.64,0.12,1.53,92.1,OFF,2171400,31.8,221071,-67,MOUNTED,1967.2
2026-09-07 11:05:49,16.50,0.00,0.00,744.11,12.60,0.00,0.00,92.0,OFF,2172000,31.2,215384,-63,MOUNTED,22.5
2026-09-07 11:15:49,16.50,0.00,0.00,744.11,12.60,0.00,0.00,92.0,OFF,2172600,32.0,219741,-67,MOUNTED,479.2
2026-09-07 11:25:49,16.50,0.00,0.00,744.11,12.60,0.00,0.00,92.0,OFF,2173200,31.9,219831,-66,MOUNTED,44.6
2026-09-07 11:35:49,16.50,0.00,0.00,744.11,12.60,0.00,0.00,92.0,OFF,2173800,31.7,213138,-67,MOUNTED,152.3
2026-09-07 11:45:49,16.50,0.00,0.00,744.11,12.60,0.00,0.00,92.0,OFF,2174400,31.3,219051,-67,MOUNTED,120.6
2026-09-07 11:55:49,16.50,0.00,0.00,744.11,12.60,0.00,0.00,92.0,OFF,2175000,31.2,214717,-64,MOUNTED,221.5
2026-09-07 23:05:49,16.57,0.12,1.99,0.33,12.64,0.14,1.83,92.1,OFF,2215200,31.1,220934,-63,MOUNTED,2336.8
2026-09-07 23:15:49,16.69,0.33,5.51,1.25,12.71,0.40,5.09,92.4,OFF,2215800,31.6,213046,-64,MOUNTED,5618.0
2026-09-07 23:25:49,16.85,0.61,10.28,2.96,12.81,0.74,9.53,92.7,OFF,2216400,32.3,221012,-66,MOUNTED,10012.1
2026-09-07 23:35:49,16.94,0.76,12.87,5.11,12.86,0.93,11.96,92.9,OFF,2217000,33.5,220760,-66,MOUNTED,12833.1
2026-09-07 23:45:49,17.11,1.06,18.14,8.13,12.97,1.30,16.91,93.2,PWM 15%,2217600,34.7,212273,-63,MOUNTED,17395.3
2026-09-07 23:55:49,17.19,1.19,20.46,11.54,13.01,1.47,19.11,93.4,PWM 20%,2218200,35.0,214912,-67,MOUNTED,19770.2
2026-09-08 00:05:49,17.40,1.56,27.14,16.06,13.14,1.94,25.43,93.7,PWM 31%,2218800,34.6,225942,-66,MOUNTED,26041.6
2026-09-08 00:15:49,17.41,1.57,27.33,20.62,13.14,1.95,25.66,93.9,PWM 32%,2219400,34.9,220933,-67,MOUNTED,25658.9
2026-09-08 00:25:49,17.58,1.86,32.70,26.07,13.25,2.32,30.80,94.2,PWM 41%,2220000,35.9,218715,-62,MOUNTED,30574.3
2026-09-08 00:35:49,17.81,2.27,40.43,32.81,13.38,2.85,38.17,94.4,PWM 23%,2220600,37.7,216873,-63,MOUNTED,37283.7
2026-09-08 00:45:49,17.93,2.48,44.47,40.22,13.46,3.13,42.11,94.7,PWM 30%,2221200,38.1,213406,-64,MOUNTED,40690.0
2026-09-08 00:55:49,17.93,2.48,44.47,47.63,13.46,3.14,42.20,94.9,PWM 30%,2221800,38.2,225498,-66,MOUNTED,40821.2
2026-09-08 01:05:49,18.10,2.78,50.32,56.02,13.56,3.53,47.85,95.1,PWM 39%,2222400,38.7,212163,-65,MOUNTED,45681.7
2026-09-08 01:15:49,18.01,2.61,47.01,63.85,13.50,3.32,44.80,95.3,PWM 34%,2223000,37.6,216260,-63,MOUNTED,42803.8
2026-09-08 01:25:49,18.23,2.99,54.51,72.94,13.64,3.82,52.06,95.5,PWM 45%,2223600,38.7,219280,-66,MOUNTED,48969.0
2026-09-08 01:35:49,18.21,2.96,53.90,81.92,13.62,3.79,51.64,95.8,PWM 44%,2224200,39.3,220235,-66,MOUNTED,48588.9
2026-09-08 01:45:49,18.62,3.67,68.34,93.31,13.87,4.73,65.61,96.0,PWM 67%,2224800,40.7,215727,-67,MOUNTED,60270.8
2026-09-08 01:55:49,18.43,3.34,61.56,103.57,13.76,4.30,59.16,96.1,PWM 56%,2225400,39.9,215858,-62,MOUNTED,55039.0
2026-09-08 02:05:49,18.59,3.62,67.30,114.79,13.85,4.68,64.81,96.3,PWM 65%,2226000,40.6,222298,-62,MOUNTED,59587.7
2026-09-08 02:15:49,18.68,3.77,70.42,126.53,13.91,4.89,67.96,96.5,PWM 70%,2226600,41.3,216954,-65,MOUNTED,61934.3
2026-09-08 02:25:49,18.62,3.67,68.34,137.92,13.87,4.76,66.08,96.7,PWM 67%,2227200,41.1,214659,-64,MOUNTED,60337.3
2026-09-08 02:35:49,18.77,3.93,73.77,150.21,13.96,5.12,71.41,96.8,PWM 75%,2227800,42.0,218058,-67,MOUNTED,64538.7
2026-09-08 02:45:49,19.12,4.54,86.80,164.68,14.17,5.94,84.20,97.0,PWM 95%,2228400,44.5,214097,-64,MOUNTED,74531.5
2026-09-08 02:55:49,19.29,4.83,93.17,180.21,14.27,6.34,90.47,97.1,PWM 100%,2229000,44.2,219689,-67,MOUNTED,79105.4
2026-09-08 03:05:49,18.96,4.26,80.77,193.67,14.07,5.59,78.59,97.3,PWM 86%,2229600,43.0,216202,-66,MOUNTED,69629.0
2026-09-08 03:15:49,19.09,4.49,85.71,207.95,14.15,5.90,83.48,97.4,PWM 93%,2230200,43.6,214974,-67,MOUNTED,73761.6
2026-09-08 03:25:49,19.49,5.18,100.96,224.78,14.39,6.84,98.44,97.5,PWM 100%,2230800,45.3,214528,-62,MOUNTED,84981.6
2026-09-08 03:35:49,19.09,4.50,85.91,239.10,14.16,5.92,83.85,97.6,PWM 94%,2231400,43.2,213626,-64,MOUNTED,73674.1
2026-09-08 03:45:49,19.20,4.68,89.86,254.07,14.22,6.17,87.79,97.7,PWM 100%,2232000,43.6,222321,-62,MOUNTED,77066.1
2026-09-08 03:55:49,19.48,5.17,100.71,270.86,14.39,6.84,98.49,97.8,PWM 100%,2232600,46.5,224245,-67,MOUNTED,84592.0
2026-09-08 04:05:49,19.44,5.10,99.14,287.38,14.36,6.75,96.96,97.8,PWM 100%,2233200,46.1,220540,-65,MOUNTED,83344.9
2026-09-08 04:15:49,19.47,5.15,100.27,304.09,14.38,6.83,98.16,97.9,PWM 100%,2233800,46.3,212525,-65,MOUNTED,84254.8
2026-09-08 04:25:49,19.65,5.47,107.49,322.01,14.49,7.26,105.23,97.9,PWM 100%,2234400,47.2,217977,-64,MOUNTED,89344.7
2026-09-08 04:35:49,19.68,5.51,108.44,340.08,14.51,7.32,106.27,98.0,PWM 100%,2235000,47.7,221934,-65,MOUNTED,90248.7
2026-09-08 04:45:49,19.44,5.10,99.14,356.60,14.37,6.76,97.16,98.0,PWM 100%,2235600,46.2,215035,-67,MOUNTED,83494.2
2026-09-08 04:55:49,19.62,5.41,106.14,374.29,14.47,7.19,104.02,98.0,PWM 100%,2236200,46.2,215032,-66,MOUNTED,88542.4
2026-09-08 05:05:49,19.29,4.84,93.36,389.85,14.28,6.41,91.49,98.0,PWM 100%,2236800,44.7,214566,-66,MOUNTED,79361.2
2026-09-08 05:15:49,19.50,5.21,101.59,406.79,14.40,6.91,99.56,98.0,PWM 100%,2237400,46.0,214419,-62,MOUNTED,85360.1
2026-09-08 05:25:49,19.22,4.71,90.53,421.87,14.23,6.23,88.72,98.0,PWM 100%,2238000,43.8,221449,-64,MOUNTED,77334.1
2026-09-08 05:35:49,19.71,5.56,109.59,440.14,14.53,7.38,107.29,97.9,PWM 100%,2238600,47.9,218719,-63,MOUNTED,91033.8
2026-09-08 05:45:49,19.27,4.80,92.50,455.56,14.26,6.35,90.56,97.9,PWM 100%,2239200,45.2,216997,-62,MOUNTED,78445.0
2026-09-08 05:55:49,19.25,4.76,91.63,470.83,14.25,6.29,89.61,97.8,PWM 100%,2239800,44.6,217714,-67,MOUNTED,78135.4
2026-09-08 06:05:49,19.37,4.98,96.46,486.90,14.32,6.59,94.34,97.8,PWM 100%,2240400,45.8,224720,-62,MOUNTED,81532.3
2026-09-08 06:15:49,19.53,5.26,102.73,504.03,14.42,6.96,100.37,97.7,PWM 100%,2241000,45.6,224550,-63,MOUNTED,86248.5
2026-09-08 06:25:49,19.45,5.12,99.58,520.62,14.37,6.76,97.19,97.6,PWM 100%,2241600,45.0,215658,-67,MOUNTED,84063.3
2026-09-08 06:35:49,19.18,4.65,89.19,535.49,14.21,6.12,86.96,97.5,PWM 99%,2242200,44.1,212498,-66,MOUNTED,76215.5
2026-09-08 06:45:49,19.08,4.47,85.29,549.70,14.15,5.87,83.07,97.4,PWM 93%,2242800,44.3,213999,-66,MOUNTED,73345.8
2026-09-08 06:55:49,19.19,4.66,89.43,564.61,14.21,6.12,87.02,97.3,PWM 99%,2243400,44.9,218832,-65,MOUNTED,76219.1
2026-09-08 07:05:49,18.82,4.03,75.84,577.25,13.99,5.26,73.64,97.1,PWM 78%,2244000,42.8,217050,-62,MOUNTED,66239.5
2026-09-08 07:15:49,19.13,4.56,87.23,591.79,14.18,5.97,84.61,97.0,PWM 96%,2244600,43.3,221402,-62,MOUNTED,74930.8
2026-09-08 07:25:49,18.80,3.99,75.01,604.29,13.98,5.19,72.61,96.8,PWM 77%,2245200,42.4,219152,-65,MOUNTED,65710.4
2026-09-08 07:35:49,18.85,4.07,76.72,617.07,14.01,5.30,74.19,96.7,PWM 79%,2245800,41.8,220197,-67,MOUNTED,67004.7
2026-09-08 07:45:49,18.96,4.26,80.77,630.54,14.08,5.54,77.94,96.5,PWM 86%,2246400,43.2,214593,-62,MOUNTED,69892.3
2026-09-08 07:55:49,18.82,4.02,75.66,643.15,13.99,5.21,72.86,96.3,PWM 78%,2247000,42.0,225765,-64,MOUNTED,66001.3
2026-09-08 08:05:49,18.44,3.36,61.96,653.47,13.76,4.33,59.54,96.1,PWM 57%,2247600,40.9,225539,-64,MOUNTED,54962.4
2026-09-08 08:15:49,18.64,3.72,69.34,665.03,13.89,4.79,66.57,96.0,PWM 68%,2248200,42.2,213583,-63,MOUNTED,60961.3
2026-09-08 08:25:49,18.50,3.47,64.20,675.73,13.80,4.46,61.50,95.8,PWM 60%,2248800,40.2,219098,-63,MOUNTED,57114.0
2026-09-08 08:35:49,18.22,2.98,54.30,684.78,13.63,3.80,51.86,95.5,PWM 45%,2249400,39.6,213280,-66,MOUNTED,49151.4
2026-09-08 08:45:49,18.24,3.01,54.90,693.93,13.64,3.84,52.32,95.3,PWM 46%,2250000,40.0,220984,-66,MOUNTED,49402.5
2026-09-08 08:55:49,18.03,2.65,47.78,701.89,13.52,3.36,45.44,95.1,PWM 35%,2250600,38.8,223089,-62,MOUNTED,43471.1
2026-09-08 09:05:49,17.93,2.48,44.47,709.30,13.46,3.14,42.20,94.9,PWM 30%,2251200,37.9,216184,-62,MOUNTED,40588.4
2026-09-08 09:15:49,17.76,2.19,38.89,715.79,13.36,2.76,36.83,94.7,PWM 21%,2251800,37.0,224355,-65,MOUNTED,36183.2
2026-09-08 09:25:49,17.73,2.14,37.94,722.11,13.34,2.69,35.82,94.4,PWM 20%,2252400,36.5,222774,-64,MOUNTED,34982.1
2026-09-08 09:35:49,17.55,1.83,32.12,727.46,13.23,2.29,30.26,94.2,PWM 40%,2253000,36.0,220804,-66,MOUNTED,30138.1
2026-09-08 09:45:49,17.44,1.63,28.43,732.20,13.17,2.03,26.70,93.9,PWM 34%,2253600,35.8,213011,-65,MOUNTED,27134.7
2026-09-08 09:55:49,17.41,1.59,27.68,736.81,13.15,1.97,25.94,93.7,PWM 32%,2254200,35.7,215315,-62,MOUNTED,26163.7
2026-09-08 10:05:49,17.27,1.34,23.14,740.67,13.06,1.65,21.61,93.4,PWM 24%,2254800,34.5,215223,-67,MOUNTED,21951.8
2026-09-08 10:15:49,17.09,1.02,17.43,743.58,12.95,1.25,16.24,93.2,PWM 14%,2255400,33.3,218970,-65,MOUNTED,16857.3
2026-09-08 10:25:49,16.93,0.75,12.70,745.69,12.86,0.92,11.80,92.9,OFF,2256000,33.2,218209,-67,MOUNTED,12555.1
2026-09-08 10:35:49,16.84,0.58,9.77,747.32,12.80,0.71,9.06,92.7,OFF,2256600,31.0,217135,-62,MOUNTED,9668.9
2026-09-08 10:45:49,16.70,0.35,5.84,748.29,12.72,0.42,5.40,92.4,OFF,2257200,31.3,212958,-67,MOUNTED,6088.9
2026-09-08 10:55:49,16.57,0.11,1.82,748.60,12.64,0.13,1.68,92.1,OFF,2257800,31.1,215025,-66,MOUNTED,2138.7
2026-09-08 11:05:49,16.50,0.00,0.00,748.60,12.60,0.00,0.00,92.0,OFF,2258400,32.1,220993,-66,MOUNTED,94.8
2026-09-08 11:15:49,16.50,0.00,0.00,748.60,12.60,0.00,0.00,92.0,OFF,2259000,30.9,220719,-65,MOUNTED,472.1
2026-09-08 11:25:49,16.50,0.00,0.00,748.60,12.60,0.00,0.00,92.0,OFF,2259600,31.1,225341,-65,MOUNTED,254.2
2026-09-08 11:35:49,16.50,0.00,0.00,748.60,12.60,0.00,0.00,92.0,OFF,2260200,31.3,221197,-63,MOUNTED,412.8
2026-09-08 11:45:49,16.50,0.00,0.00,748.60,12.60,0.00,0.00,92.0,OFF,2260800,31.1,219247,-62,MOUNTED,15.9
2026-09-08 11:55:49,16.50,0.00,0.00,748.60,12.60,0.00,0.00,92.0,OFF,2261400,31.0,214097,-65,MOUNTED,421.2
2026-09-08 23:05:49,16.56,0.11,1.82,0.30,12.64,0.13,1.68,92.1,OFF,2301600,31.7,212807,-63,MOUNTED,2234.3
2026-09-08 23:15:49,16.71,0.36,6.02,1.31,12.73,0.44,5.56,92.4,OFF,2302200,31.9,219833,-67,MOUNTED,5984.7
2026-09-08 23:25:49,16.86,0.62,10.45,3.05,12.81,0.76,9.69,92.7,OFF,2302800,33.5,215390,-62,MOUNTED,10509.1
2026-09-08 23:35:49,16.99,0.85,14.44,5.45,12.90,1.04,13.41,92.9,OFF,2303400,33.6,216869,-63,MOUNTED,14420.8
2026-09-08 23:45:49,17.08,1.01,17.25,8.33,12.95,1.24,16.08,93.2,PWM 14%,2304000,34.2,216042,-65,MOUNTED,16725.4
2026-09-08 23:55:49,17.16,1.15,19.73,11.62,13.00,1.42,18.43,93.4,PWM 18%,2304600,33.9,223494,-63,MOUNTED,19129.6
2026-09-09 00:05:49,17.30,1.38,23.87,15.60,13.08,1.71,22.37,93.7,PWM 26%,2305200,34.9,223977,-65,MOUNTED,23069.8
2026-09-09 00:15:49,17.51,1.76,30.82,20.73,13.21,2.19,28.94,93.9,PWM 38%,2305800,35.6,212282,-66,MOUNTED,28966.8
2026-09-09 00:25:49,17.63,1.95,34.38,26.46,13.28,2.44,32.39,94.2,PWM 44%,2306400,36.9,216872,-67,MOUNTED,32297.6
2026-09-09 00:35:49,17.74,2.14,37.96,32.79,13.34,2.69,35.83,94.4,PWM 20%,2307000,36.4,223521,-64,MOUNTED,35342.5
2026-09-09 00:45:49,17.90,2.43,43.50,40.04,13.44,3.06,41.19,94.7,PWM 28%,2307600,37.7,225834,-63,MOUNTED,40093.0
2026-09-09 00:55:49,17.86,2.36,42.15,47.06,13.42,2.98,40.00,94.9,PWM 26%,2308200,37.2,221708,-66,MOUNTED,38615.3
2026-09-09 01:05:49,18.15,2.86,51.91,55.72,13.59,3.63,49.37,95.1,PWM 41%,2308800,38.6,219661,-64,MOUNTED,46847.5
2026-09-09 01:15:49,18.30,3.12,57.10,65.23,13.68,3.98,54.42,95.3,PWM 49%,2309400,40.0,213205,-64,MOUNTED,51534.5
2026-09-09 01:25:49,18.21,2.97,54.08,74.25,13.63,3.79,51.65,95.5,PWM 44%,2310000,38.8,216144,-62,MOUNTED,48730.6
2026-09-09 01:35:49,18.43,3.35,61.74,84.54,13.76,4.30,59.15,95.8,PWM 56%,2310600,40.4,215706,-67,MOUNTED,55154.9
2026-09-09 01:45:49,18.36,3.22,59.12,94.39,13.71,4.14,56.76,96.0,PWM 52%,2311200,40.2,225924,-63,MOUNTED,52821.7
2026-09-09 01:55:49,18.78,3.95,74.18,106.75,13.97,5.10,71.29,96.1,PWM 76%,2311800,41.6,213762,-62,MOUNTED,64628.1
2026-09-09 02:05:49,18.48,3.42,63.20,117.29,13.79,4.41,60.86,96.3,PWM 59%,2312400,40.0,217261,-66,MOUNTED,56298.3
2026-09-09 02:15:49,18.72,3.85,72.07,129.30,13.93,4.99,69.55,96.5,PWM 72%,2313000,42.4,222976,-66,MOUNTED,63108.5
2026-09-09 02:25:49,18.88,4.13,77.97,142.29,14.03,5.37,75.40,96.7,PWM 81%,2313600,42.2,223576,-67,MOUNTED,67651.6
2026-09-09 02:35:49,18.94,4.23,80.12,155.65,14.07,5.51,77.56,96.8,PWM 85%,2314200,42.8,218876,-67,MOUNTED,69542.4
2026-09-09 02:45:49,19.23,4.73,90.96,170.81,14.24,6.20,88.23,97.0,PWM 100%,2314800,43.8,217637,-67,MOUNTED,77684.3
2026-09-09 02:55:49,19.18,4.64,89.00,185.64,14.21,6.08,86.42,97.1,PWM 98%,2315400,44.1,224763,-62,MOUNTED,76079.9
2026-09-09 03:05:49,19.34,4.92,95.15,201.50,14.30,6.47,92.58,97.3,PWM 100%,2316000,44.5,216671,-63,MOUNTED,80631.9
2026-09-09 03:15:49,19.36,4.95,95.83,217.47,14.31,6.52,93.34,97.4,PWM 100%,2316600,44.6,217496,-62,MOUNTED,81077.5
2026-09-09 03:25:49,19.29,4.83,93.17,233.00,14.27,6.37,90.84,97.5,PWM 100%,2317200,44.5,223020,-64,MOUNTED,79249.6
2026-09-09 03:35:49,19.04,4.40,83.78,246.96,14.12,5.79,81.77,97.6,PWM 90%,2317800,42.8,221870,-67,MOUNTED,72131.5
2026-09-09 03:45:49,19.34,4.92,95.15,262.82,14.30,6.50,92.96,97.7,PWM 100%,2318400,44.5,221120,-64,MOUNTED,80731.5
2026-09-09 03:55:49,19.22,4.72,90.72,277.94,14.23,6.23,88.72,97.8,PWM 100%,2319000,43.8,216287,-66,MOUNTED,77210.9
2026-09-09 04:05:49,19.23,4.74,91.15,293.13,14.24,6.26,89.14,97.8,PWM 100%,2319600,44.1,225153,-66,MOUNTED,77904.9
2026-09-09 04:15:49,19.21,4.69,90.09,308.15,14.22,6.20,88.20,97.9,PWM 100%,2320200,44.6,216866,-62,MOUNTED,76811.9
2026-09-09 04:25:49,19.21,4.70,90.29,323.19,14.23,6.21,88.39,97.9,PWM 100%,2320800,45.0,218582,-62,MOUNTED,77318.0
2026-09-09 04:35:49,19.39,5.00,96.95,339.35,14.33,6.63,95.01,98.0,PWM 100%,2321400,46.0,217291,-62,MOUNTED,82121.8
2026-09-09 04:45:49,19.63,5.43,106.59,357.12,14.48,7.21,104.46,98.0,PWM 100%,2322000,46.7,212905,-66,MOUNTED,89230.3
2026-09-09 04:55:49,19.33,4.91,94.91,372.94,14.30,6.50,93.01,98.0,PWM 100%,2322600,45.5,220311,-64,MOUNTED,80213.1
2026-09-09 05:05:49,19.74,5.62,110.94,391.43,14.55,7.47,108.72,98.0,PWM 100%,2323200,46.7,217769,-62,MOUNTED,91982.6
2026-09-09 05:15:49,19.31,4.87,94.04,407.10,14.29,6.45,92.16,98.0,PWM 100%,2323800,44.7,220732,-64,MOUNTED,80066.3
2026-09-09 05:25:49,19.61,5.39,105.70,424.72,14.47,7.16,103.59,98.0,PWM 100%,2324400,46.2,221454,-65,MOUNTED,88567.1
2026-09-09 05:35:49,19.48,5.17,100.71,441.50,14.39,6.85,98.60,97.9,PWM 100%,2325000,46.5,215372,-65,MOUNTED,85018.6
2026-09-09 05:45:49,19.44,5.09,98.95,457.99,14.36,6.75,96.87,97.9,PWM 100%,2325600,46.0,214436,-64,MOUNTED,83257.8
2026-09-09 05:55:49,19.33,4.90,94.72,473.78,14.30,6.48,92.64,97.8,PWM 100%,2326200,44.5,220391,-66,MOUNTED,80499.9
2026-09-09 06:05:49,19.43,5.08,98.70,490.23,14.36,6.72,96.53,97.8,PWM 100%,2326800,44.9,221370,-66,MOUNTED,83360.7
2026-09-09 06:15:49,19.26,4.79,92.26,505.61,14.26,6.32,90.14,97.7,PWM 100%,2327400,44.1,220167,-67,MOUNTED,78412.9
2026-09-09 06:25:49,19.22,4.72,90.72,520.73,14.23,6.22,88.54,97.6,PWM 100%,2328000,45.2,221713,-65,MOUNTED,77406.6
2026-09-09 06:35:49,19.01,4.35,82.69,534.51,14.10,5.72,80.62,97.5,PWM 89%,2328600,42.6,221626,-62,MOUNTED,71164.2
2026-09-09 06:45:49,19.32,4.88,94.28,550.22,14.29,6.43,91.83,97.4,PWM 100%,2329200,44.7,213199,-63,MOUNTED,80180.2
2026-09-09 06:55:49,18.97,4.28,81.19,563.75,14.08,5.61,79.00,97.3,PWM 86%,2329800,42.4,223670,-62,MOUNTED,69922.5
2026-09-09 07:05:49,18.84,4.06,76.49,576.50,14.00,5.30,74.27,97.1,PWM 79%,2330400,42.8,218099,-64,MOUNTED,66663.2
2026-09-09 07:15:49,19.04,4.41,83.97,590.50,14.13,5.76,81.45,97.0,PWM 91%,2331000,43.9,218900,-63,MOUNTED,72350.0
2026-09-09 07:25:49,18.72,3.85,72.07,602.51,13.93,5.01,69.76,96.8,PWM 72%,2331600,42.1,224727,-67,MOUNTED,63082.5
2026-09-09 07:35:49,18.99,4.31,81.85,616.15,14.09,5.62,79.15,96.7,PWM 87%,2332200,42.7,225038,-63,MOUNTED,70976.3
2026-09-09 07:45:49,18.63,3.69,68.74,627.61,13.88,4.78,66.33,96.5,PWM 67%,2332800,40.6,217702,-63,MOUNTED,60703.1
2026-09-09 07:55:49,18.83,4.03,75.88,640.25,14.00,5.22,73.07,96.3,PWM 78%,2333400,42.7,212801,-64,MOUNTED,66088.7
2026-09-09 08:05:49,18.49,3.46,63.98,650.92,13.80,4.46,61.48,96.1,PWM 60%,2334000,41.3,221826,-63,MOUNTED,56596.6
2026-09-09 08:15:49,18.64,3.71,69.15,662.44,13.89,4.78,66.38,96.0,PWM 68%,2334600,41.3,214215,-62,MOUNTED,61122.2
2026-09-09 08:25:49,18.54,3.54,65.63,673.38,13.83,4.55,62.87,95.8,PWM 62%,2335200,41.2,220913,-62,MOUNTED,58128.6
2026-09-09 08:35:49,18.31,3.13,57.31,682.93,13.68,4.00,54.73,95.5,PWM 49%,2335800,39.5,213151,-67,MOUNTED,51293.5
2026-09-09 08:45:49,18.22,2.98,54.30,691.98,13.63,3.80,51.75,95.3,PWM 45%,2336400,39.1,214259,-66,MOUNTED,48971.9
2026-09-09 08:55:49,18.17,2.89,52.51,700.73,13.60,3.67,49.94,95.1,PWM 42%,2337000,38.9,212477,-63,MOUNTED,47691.3
2026-09-09 09:05:49,18.00,2.61,46.98,708.56,13.50,3.30,44.58,94.9,PWM 34%,2337600,38.5,218944,-62,MOUNTED,43031.1
2026-09-09 09:15:49,17.76,2.18,38.72,715.02,13.36,2.74,36.67,94.7,PWM 21%,2338200,37.8,214461,-65,MOUNTED,36055.5
2026-09-09 09:25:49,17.75,2.18,38.70,721.47,13.35,2.74,36.53,94.4,PWM 21%,2338800,36.9,215560,-62,MOUNTED,35626.3
2026-09-09 09:35:49,17.63,1.96,34.55,727.22,13.28,2.45,32.55,94.2,PWM 44%,2339400,35.7,219496,-65,MOUNTED,32175.4
2026-09-09 09:45:49,17.38,1.53,26.59,731.66,13.13,1.90,24.97,93.9,PWM 30%,2340000,35.0,214300,-65,MOUNTED,25313.1
2026-09-09 09:55:49,17.28,1.34,23.16,735.52,13.07,1.66,21.70,93.7,PWM 24%,2340600,34.3,224152,-62,MOUNTED,22361.4
2026-09-09 10:05:49,17.17,1.16,19.92,738.84,13.00,1.43,18.61,93.4,PWM 19%,2341200,34.0,219753,-66,MOUNTED,19069.1
2026-09-09 10:15:49,17.13,1.09,18.67,741.95,12.98,1.34,17.40,93.2,PWM 16%,2341800,33.4,216049,-63,MOUNTED,18100.6
2026-09-09 10:25:49,16.95,0.77,13.05,744.12,12.87,0.94,12.12,92.9,OFF,2342400,33.3,214977,-63,MOUNTED,12862.0
2026-09-09 10:35:49,16.80,0.52,8.74,745.58,12.78,0.63,8.10,92.7,OFF,2343000,32.1,216786,-64,MOUNTED,8677.5
2026-09-09 10:45:49,16.69,0.33,5.51,746.50,12.72,0.40,5.09,92.4,OFF,2343600,31.7,217666,-64,MOUNTED,5815.1
2026-09-09 10:55:49,16.57,0.12,1.99,746.83,12.64,0.14,1.83,92.1,OFF,2344200,31.0,216982,-64,MOUNTED,2150.3
2026-09-09 11:05:49,16.50,0.00,0.00,746.83,12.60,0.00,0.00,92.0,OFF,2344800,31.2,222972,-64,MOUNTED,491.4
2026-09-09 11:15:49,16.50,0.00,0.00,746.83,12.60,0.00,0.00,92.0,OFF,2345400,31.8,223161,-63,MOUNTED,220.8
2026-09-09 11:25:49,16.50,0.00,0.00,746.83,12.60,0.00,0.00,92.0,OFF,2346000,32.1,216632,-67,MOUNTED,394.2
2026-09-09 11:35:49,16.50,0.00,0.00,746.83,12.60,0.00,0.00,92.0,OFF,2346600,31.3,218792,-67,MOUNTED,332.6
2026-09-09 11:45:49,16.50,0.00,0.00,746.83,12.60,0.00,0.00,92.0,OFF,2347200,31.0,219861,-64,MOUNTED,52.7
2026-09-09 11:55:49,16.50,0.00,0.00,746.83,12.60,0.00,0.00,92.0,OFF,2347800,31.6,222795,-62,MOUNTED,103.2
2026-09-09 23:05:49,16.56,0.10,1.66,0.28,12.64,0.12,1.53,92.1,OFF,2388000,32.1,215953,-63,MOUNTED,2039.4
2026-09-09 23:15:49,16.69,0.34,5.67,1.22,12.72,0.41,5.24,92.4,OFF,2388600,32.0,222654,-67,MOUNTED,5608.8
2026-09-09 23:25:49,16.80,0.53,8.90,2.71,12.78,0.65,8.25,92.7,OFF,2389200,31.2,218617,-62,MOUNTED,8907.3
2026-09-09 23:35:49,17.00,0.87,14.79,5.17,12.90,1.07,13.74,92.9,OFF,2389800,33.2,224109,-67,MOUNTED,14472.4
2026-09-09 23:45:49,17.13,1.10,18.84,8.31,12.98,1.35,17.56,93.2,PWM 17%,2390400,34.7,212003,-63,MOUNTED,18352.4
2026-09-09 23:55:49,17.20,1.22,20.98,11.81,13.02,1.51,19.60,93.4,PWM 20%,2391000,34.1,221206,-66,MOUNTED,20016.9
2026-09-10 00:05:49,17.37,1.51,26.23,16.18,13.12,1.87,24.58,93.7,PWM 30%,2391600,35.3,221520,-66,MOUNTED,24956.1
2026-09-10 00:15:49,17.40,1.56,27.14,20.70,13.14,1.94,25.48,93.9,PWM 31%,2392200,35.9,219830,-62,MOUNTED,25888.0
2026-09-10 00:25:49,17.67,2.04,36.05,26.71,13.30,2.55,33.96,94.2,PWM 17%,2392800,36.6,213174,-63,MOUNTED,33427.2
2026-09-10 00:35:49,17.77,2.19,38.92,33.20,13.36,2.75,36.74,94.4,PWM 21%,2393400,36.5,222919,-64,MOUNTED,36061.2
2026-09-10 00:45:49,17.94,2.50,44.85,40.67,13.46,3.16,42.47,94.7,PWM 30%,2394000,37.4,214206,-64,MOUNTED,41227.1
2026-09-10 00:55:49,18.02,2.64,47.57,48.60,13.51,3.34,45.14,94.9,PWM 34%,2394600,37.9,223637,-67,MOUNTED,43476.4
2026-09-10 01:05:49,17.91,2.45,43.88,55.91,13.45,3.10,41.73,95.1,PWM 29%,2395200,38.1,225345,-65,MOUNTED,40305.6
2026-09-10 01:15:49,18.25,3.03,55.30,65.13,13.65,3.86,52.70,95.3,PWM 46%,2395800,40.0,225825,-65,MOUNTED,49882.6
2026-09-10 01:25:49,18.17,2.90,52.69,73.91,13.60,3.70,50.32,95.5,PWM 42%,2396400,39.1,212786,-65,MOUNTED,47763.2
2026-09-10 01:35:49,18.20,2.94,53.51,82.83,13.62,3.76,51.26,95.8,PWM 44%,2397000,38.9,212944,-67,MOUNTED,48261.1
2026-09-10 01:45:49,18.50,3.47,64.20,93.53,13.80,4.47,61.63,96.0,PWM 60%,2397600,40.9,213618,-65,MOUNTED,56782.1
2026-09-10 01:55:49,18.53,3.52,65.23,104.40,13.82,4.54,62.69,96.1,PWM 62%,2398200,40.8,213951,-65,MOUNTED,57682.4
2026-09-10 02:05:49,18.84,4.06,76.49,117.15,14.00,5.26,73.66,96.3,PWM 79%,2398800,42.4,225151,-64,MOUNTED,66549.0
2026-09-10 02:15:49,18.86,4.08,76.95,129.97,14.01,5.30,74.26,96.5,PWM 80%,2399400,43.2,214414,-63,MOUNTED,66996.0
2026-09-10 02:25:49,18.63,3.70,68.93,141.46,13.88,4.80,66.66,96.7,PWM 67%,2400000,41.0,224039,-63,MOUNTED,60673.5
2026-09-10 02:35:49,19.07,4.45,84.86,155.61,14.14,5.81,82.14,96.8,PWM 92%,2400600,43.2,222543,-66,MOUNTED,72851.8
2026-09-10 02:45:49,18.96,4.27,80.96,169.10,14.08,5.58,78.53,97.0,PWM 86%,2401200,42.4,215930,-62,MOUNTED,69933.7
2026-09-10 02:55:49,19.09,4.49,85.71,183.39,14.15,5.88,83.22,97.1,PWM 93%,2401800,44.2,224808,-65,MOUNTED,73777.0
2026-09-10 03:05:49,19.15,4.59,87.90,198.04,14.19,6.03,85.53,97.3,PWM 97%,2402400,44.8,216446,-67,MOUNTED,75152.0
2026-09-10 03:15:49,19.37,4.97,96.27,214.08,14.32,6.55,93.77,97.4,PWM 100%,2403000,45.9,222910,-62,MOUNTED,81447.1
2026-09-10 03:25:49,19.28,4.82,92.93,229.57,14.27,6.35,90.61,97.5,PWM 100%,2403600,44.2,223840,-64,MOUNTED,79031.2
2026-09-10 03:35:49,19.32,4.88,94.28,245.28,14.29,6.44,92.02,97.6,PWM 100%,2404200,44.6,218911,-63,MOUNTED,79839.3
2026-09-10 03:45:49,19.24,4.75,91.39,260.51,14.25,6.27,89.29,97.7,PWM 100%,2404800,45.2,214570,-62,MOUNTED,78086.2
2026-09-10 03:55:49,19.35,4.93,95.40,276.41,14.31,6.52,93.30,97.8,PWM 100%,2405400,44.7,222369,-62,MOUNTED,80883.4
2026-09-10 04:05:49,19.13,4.57,87.42,290.98,14.18,6.03,85.50,97.8,PWM 96%,2406000,44.4,217764,-65,MOUNTED,74977.5
2026-09-10 04:15:49,19.36,4.96,96.03,306.99,14.32,6.56,94.01,97.9,PWM 100%,2406600,44.8,218858,-66,MOUNTED,81454.0
2026-09-10 04:25:49,19.52,5.24,102.28,324.04,14.41,6.95,100.13,97.9,PWM 100%,2407200,46.6,214094,-62,MOUNTED,86148.9
2026-09-10 04:35:49,19.20,4.68,89.86,339.01,14.22,6.19,88.06,98.0,PWM 100%,2407800,43.8,218260,-63,MOUNTED,76975.4
2026-09-10 04:45:49,19.64,5.44,106.84,356.82,14.48,7.23,104.70,98.0,PWM 100%,2408400,46.6,217873,-63,MOUNTED,89011.0
2026-09-10 04:55:49,19.70,5.55,109.33,375.04,14.52,7.38,107.14,98.0,PWM 100%,2409000,46.6,221330,-64,MOUNTED,90733.9
2026-09-10 05:05:49,19.24,4.76,91.58,390.30,14.25,6.30,89.75,98.0,PWM 100%,2409600,44.8,224255,-66,MOUNTED,77988.5
2026-09-10 05:15:49,19.36,4.96,96.03,406.31,14.32,6.57,94.11,98.0,PWM 100%,2410200,46.0,219120,-62,MOUNTED,81447.2
2026-09-10 05:25:49,19.33,4.90,94.72,422.10,14.30,6.49,92.83,98.0,PWM 100%,2410800,44.5,221488,-62,MOUNTED,80368.3
2026-09-10 05:35:49,19.51,5.21,101.65,439.04,14.40,6.91,99.52,97.9,PWM 100%,2411400,45.8,222085,-67,MOUNTED,85382.0
2026-09-10 05:45:49,19.74,5.61,110.74,457.49,14.54,7.46,108.41,97.9,PWM 100%,2412000,46.8,219873,-62,MOUNTED,91728.8
2026-09-10 05:55:49,19.39,5.00,96.95,473.65,14.33,6.62,94.82,97.8,PWM 100%,2412600,46.0,225991,-67,MOUNTED,81919.6
2026-09-10 06:05:49,19.37,4.98,96.46,489.73,14.32,6.59,94.34,97.8,PWM 100%,2413200,45.8,225079,-64,MOUNTED,81702.5
2026-09-10 06:15:49,19.17,4.63,88.76,504.52,14.20,6.11,86.72,97.7,PWM 98%,2413800,43.9,220770,-63,MOUNTED,75880.7
2026-09-10 06:25:49,19.37,4.98,96.46,520.60,14.32,6.57,94.14,97.6,PWM 100%,2414400,44.5,212148,-62,MOUNTED,81749.3
2026-09-10 06:35:49,18.98,4.29,81.42,534.17,14.09,5.63,79.38,97.5,PWM 87%,2415000,43.4,213157,-66,MOUNTED,70432.2
2026-09-10 06:45:49,19.19,4.66,89.43,549.07,14.21,6.13,87.10,97.4,PWM 99%,2415600,44.1,220489,-65,MOUNTED,76373.5
2026-09-10 06:55:49,19.14,4.57,87.47,563.65,14.18,6.00,85.11,97.3,PWM 96%,2416200,44.0,214004,-62,MOUNTED,74958.2
2026-09-10 07:05:49,19.09,4.49,85.71,577.94,14.16,5.88,83.22,97.1,PWM 93%,2416800,44.2,221974,-65,MOUNTED,73461.4
2026-09-10 07:15:49,19.19,4.67,89.62,592.87,14.22,6.11,86.93,97.0,PWM 99%,2417400,44.9,222083,-63,MOUNTED,76594.9
2026-09-10 07:25:49,19.07,4.45,84.86,607.02,14.14,5.81,82.14,96.8,PWM 92%,2418000,43.7,222647,-64,MOUNTED,73124.3
2026-09-10 07:35:49,18.83,4.03,75.88,619.66,14.00,5.24,73.38,96.7,PWM 78%,2418600,42.0,218544,-62,MOUNTED,66336.6
2026-09-10 07:45:49,18.77,3.94,73.95,631.99,13.96,5.11,71.36,96.5,PWM 75%,2419200,42.7,224628,-63,MOUNTED,64531.1
2026-09-10 07:55:49,18.75,3.90,73.13,644.18,13.95,5.05,70.42,96.3,PWM 74%,2419800,42.0,220155,-64,MOUNTED,64313.2
2026-09-10 08:05:49,18.73,3.87,72.49,656.26,13.94,5.00,69.66,96.1,PWM 73%,2420400,41.5,212997,-65,MOUNTED,63573.4
2026-09-10 08:15:49,18.55,3.54,65.67,667.20,13.83,4.56,63.04,96.0,PWM 62%,2421000,41.1,216618,-66,MOUNTED,58043.3
2026-09-10 08:25:49,18.25,3.03,55.30,676.42,13.65,3.88,52.98,95.8,PWM 46%,2421600,39.6,223064,-67,MOUNTED,49526.6
2026-09-10 08:35:49,18.25,3.04,55.48,685.67,13.65,3.88,52.98,95.5,PWM 47%,2422200,39.2,215939,-64,MOUNTED,50031.0
2026-09-10 08:45:49,18.27,3.08,56.27,695.05,13.66,3.93,53.63,95.3,PWM 48%,2422800,39.4,213088,-62,MOUNTED,50547.5
2026-09-10 08:55:49,18.14,2.84,51.52,703.63,13.58,3.61,49.00,95.1,PWM 41%,2423400,39.4,224504,-62,MOUNTED,46755.4
2026-09-10 09:05:49,18.02,2.64,47.57,711.56,13.51,3.34,45.14,94.9,PWM 34%,2424000,38.7,212811,-63,MOUNTED,43490.2
2026-09-10 09:15:49,17.87,2.38,42.53,718.65,13.42,3.00,40.28,94.7,PWM 27%,2424600,37.8,223260,-63,MOUNTED,38934.0
2026-09-10 09:25:49,17.61,1.93,33.99,724.31,13.27,2.42,32.09,94.4,PWM 43%,2425200,36.8,222330,-62,MOUNTED,31621.3
2026-09-10 09:35:49,17.51,1.75,30.64,729.42,13.21,2.18,28.86,94.2,PWM 37%,2425800,36.6,216123,-62,MOUNTED,28664.7
2026-09-10 09:45:49,17.49,1.72,30.08,734.43,13.20,2.14,28.25,93.9,PWM 36%,2426400,35.9,221013,-66,MOUNTED,28238.6
2026-09-10 09:55:49,17.42,1.59,27.70,739.05,13.15,1.97,25.95,93.7,PWM 32%,2427000,34.8,222469,-63,MOUNTED,26313.3
2026-09-10 10:05:49,17.20,1.21,20.81,742.52,13.02,1.49,19.44,93.4,PWM 20%,2427600,34.6,215592,-62,MOUNTED,19933.0
2026-09-10 10:15:49,17.12,1.08,18.49,745.60,12.97,1.33,17.23,93.2,PWM 16%,2428200,33.9,214451,-62,MOUNTED,17930.8
2026-09-10 10:25:49,16.94,0.76,12.87,747.75,12.86,0.93,11.96,92.9,OFF,2428800,33.1,214233,-63,MOUNTED,12690.3
2026-09-10 10:35:49,16.85,0.60,10.11,749.43,12.81,0.73,9.37,92.7,OFF,2429400,32.9,224736,-62,MOUNTED,10047.9
2026-09-10 10:45:49,16.70,0.34,5.68,750.38,12.72,0.41,5.25,92.4,OFF,2430000,31.4,218516,-66,MOUNTED,5950.8
2026-09-10 10:55:49,16.56,0.10,1.66,750.65,12.64,0.12,1.53,92.1,OFF,2430600,31.3,217736,-67,MOUNTED,1765.9
2026-09-10 11:05:49,16.50,0.00,0.00,750.65,12.60,0.00,0.00,92.0,OFF,2431200,31.4,219446,-67,MOUNTED,391.8
2026-09-10 11:15:49,16.50,0.00,0.00,750.65,12.60,0.00,0.00,92.0,OFF,2431800,31.2,212988,-63,MOUNTED,26.7
2026-09-10 11:25:49,16.50,0.00,0.00,750.65,12.60,0.00,0.00,92.0,OFF,2432400,32.0,224088,-62,MOUNTED,96.7
2026-09-10 11:35:49,16.50,0.00,0.00,750.65,12.60,0.00,0.00,92.0,OFF,2433000,31.1,221015,-63,MOUNTED,311.9
2026-09-10 11:45:49,16.50,0.00,0.00,750.65,12.60,0.00,0.00,92.0,OFF,2433600,31.2,213483,-67,MOUNTED,264.1
2026-09-10 11:55:49,16.50,0.00,0.00,750.65,12.60,0.00,0.00,92.0,OFF,2434200,31.5,212571,-65,MOUNTED,14.5
2026-09-10 23:05:49,16.57,0.12,1.99,0.33,12.64,0.14,1.83,92.1,OFF,2474400,30.8,214236,-65,MOUNTED,2026.9
2026-09-10 23:15:49,16.70,0.35,5.84,1.30,12.72,0.42,5.40,92.4,OFF,2475000,31.4,221276,-67,MOUNTED,5882.7
2026-09-10 23:25:49,16.85,0.61,10.28,3.02,12.81,0.74,9.53,92.7,OFF,2475600,32.8,216581,-64,MOUNTED,10330.1
2026-09-10 23:35:49,16.96,0.79,13.40,5.25,12.87,0.97,12.45,92.9,OFF,2476200,34.0,223989,-62,MOUNTED,13313.3
2026-09-10 23:45:49,17.05,0.96,16.37,7.98,12.93,1.18,15.26,93.2,PWM 12%,2476800,34.2,222449,-65,MOUNTED,15956.3
2026-09-10 23:55:49,17.25,1.29,22.25,11.69,13.05,1.59,20.78,93.4,PWM 23%,2477400,35.4,214813,-66,MOUNTED,21472.0
2026-09-11 00:05:49,17.39,1.54,26.78,16.15,13.13,1.91,25.09,93.7,PWM 31%,2478000,35.3,225980,-64,MOUNTED,25372.6
2026-09-11 00:15:49,17.46,1.66,28.98,20.98,13.18,2.06,27.21,93.9,PWM 34%,2478600,36.1,218452,-65,MOUNTED,27205.3
2026-09-11 00:25:49,17.50,1.73,30.27,26.03,13.20,2.16,28.51,94.2,PWM 37%,2479200,35.4,215499,-62,MOUNTED,28419.1
2026-09-11 00:35:49,17.76,2.18,38.72,32.48,13.35,2.74,36.55,94.4,PWM 21%,2479800,37.3,214490,-63,MOUNTED,35986.7
2026-09-11 00:45:49,17.90,2.43,43.50,39.73,13.44,3.06,41.19,94.7,PWM 28%,2480400,38.1,220798,-64,MOUNTED,40062.7
2026-09-11 00:55:49,18.01,2.62,47.19,47.59,13.51,3.31,44.78,94.9,PWM 34%,2481000,38.2,220550,-67,MOUNTED,43143.5
2026-09-11 01:05:49,18.20,2.94,53.51,56.51,13.62,3.74,50.89,95.1,PWM 44%,2481600,39.0,219376,-63,MOUNTED,48408.1
2026-09-11 01:15:49,18.01,2.62,47.19,64.38,13.51,3.33,44.97,95.3,PWM 34%,2482200,38.7,216913,-65,MOUNTED,43340.2
2026-09-11 01:25:49,18.12,2.80,50.74,72.83,13.57,3.57,48.46,95.5,PWM 39%,2482800,38.6,222005,-63,MOUNTED,46102.4
2026-09-11 01:35:49,18.43,3.35,61.74,83.13,13.76,4.30,59.15,95.8,PWM 56%,2483400,40.1,213304,-62,MOUNTED,54937.0
2026-09-11 01:45:49,18.66,3.74,69.79,94.76,13.89,4.82,67.00,96.0,PWM 69%,2484000,41.9,213528,-62,MOUNTED,61559.6
2026-09-11 01:55:49,18.37,3.25,59.70,104.71,13.72,4.18,57.37,96.1,PWM 53%,2484600,40.6,224837,-64,MOUNTED,53574.1
2026-09-11 02:05:49,18.53,3.51,65.04,115.55,13.82,4.53,62.63,96.3,PWM 61%,2485200,40.7,222730,-62,MOUNTED,57432.4
2026-09-11 02:15:49,18.69,3.80,71.02,127.38,13.91,4.93,68.53,96.5,PWM 71%,2485800,41.6,224606,-67,MOUNTED,62184.2
2026-09-11 02:25:49,18.85,4.07,76.72,140.17,14.01,5.30,74.19,96.7,PWM 79%,2486400,42.1,214702,-62,MOUNTED,66949.0
2026-09-11 02:35:49,19.15,4.60,88.09,154.85,14.19,6.01,85.27,96.8,PWM 97%,2487000,43.7,225125,-63,MOUNTED,75348.1
2026-09-11 02:45:49,18.90,4.16,78.62,167.95,14.04,5.43,76.26,97.0,PWM 82%,2487600,42.3,220349,-62,MOUNTED,68294.4
2026-09-11 02:55:49,19.12,4.54,86.80,182.42,14.17,5.95,84.28,97.1,PWM 95%,2488200,43.7,224460,-62,MOUNTED,74230.3
2026-09-11 03:05:49,19.07,4.46,85.05,196.60,14.14,5.85,82.75,97.3,PWM 92%,2488800,44.1,217012,-63,MOUNTED,72979.7
2026-09-11 03:15:49,19.29,4.84,93.36,212.16,14.28,6.37,90.93,97.4,PWM 100%,2489400,44.1,220974,-67,MOUNTED,79488.6
2026-09-11 03:25:49,19.45,5.11,99.39,228.72,14.37,6.74,96.91,97.5,PWM 100%,2490000,45.7,213255,-65,MOUNTED,83619.2
2026-09-11 03:35:49,19.48,5.17,100.71,245.51,14.39,6.83,98.29,97.6,PWM 100%,2490600,46.0,220797,-65,MOUNTED,84496.0
2026-09-11 03:45:49,19.61,5.39,105.70,263.12,14.47,7.14,103.27,97.7,PWM 100%,2491200,46.5,213473,-63,MOUNTED,88427.4
2026-09-11 03:55:49,19.24,4.74,91.20,278.32,14.24,6.26,89.19,97.8,PWM 100%,2491800,44.6,223033,-64,MOUNTED,77834.6
2026-09-11 04:05:49,19.18,4.65,89.19,293.19,14.21,6.14,87.23,97.8,PWM 99%,2492400,44.2,214818,-63,MOUNTED,76478.7
2026-09-11 04:15:49,19.33,4.91,94.91,309.01,14.30,6.50,92.92,97.9,PWM 100%,2493000,44.5,217016,-65,MOUNTED,80453.4
2026-09-11 04:25:49,19.23,4.74,91.15,324.20,14.24,6.27,89.24,97.9,PWM 100%,2493600,44.9,219091,-62,MOUNTED,77602.4
2026-09-11 04:35:49,19.76,5.66,111.84,342.84,14.56,7.53,109.60,98.0,PWM 100%,2494200,47.2,217200,-64,MOUNTED,92517.0
2026-09-11 04:45:49,19.25,4.77,91.82,358.14,14.25,6.31,89.98,98.0,PWM 100%,2494800,44.8,217421,-62,MOUNTED,78088.7
2026-09-11 04:55:49,19.45,5.12,99.58,374.74,14.37,6.79,97.59,98.0,PWM 100%,2495400,46.2,212371,-66,MOUNTED,83934.3
2026-09-11 05:05:49,19.78,5.68,112.35,393.46,14.57,7.56,110.10,98.0,PWM 100%,2496000,48.0,215243,-66,MOUNTED,93040.5
2026-09-11 05:15:49,19.34,4.93,95.35,409.36,14.30,6.53,93.44,98.0,PWM 100%,2496600,44.7,213464,-66,MOUNTED,80778.7
2026-09-11 05:25:49,19.35,4.94,95.59,425.29,14.31,6.55,93.68,98.0,PWM 100%,2497200,45.4,223570,-64,MOUNTED,80898.9
2026-09-11 05:35:49,19.41,5.05,98.02,441.62,14.35,6.69,95.96,97.9,PWM 100%,2497800,45.4,213205,-62,MOUNTED,82686.4
2026-09-11 05:45:49,19.21,4.70,90.29,456.67,14.23,6.21,88.39,97.9,PWM 100%,2498400,44.4,216154,-64,MOUNTED,77231.3
2026-09-11 05:55:49,19.29,4.83,93.17,472.20,14.27,6.39,91.12,97.8,PWM 100%,2499000,45.3,215885,-64,MOUNTED,79043.1
2026-09-11 06:05:49,19.22,4.71,90.53,487.29,14.23,6.22,88.54,97.8,PWM 100%,2499600,44.6,215016,-63,MOUNTED,77237.9
2026-09-11 06:15:49,19.29,4.83,93.17,502.82,14.27,6.38,91.03,97.7,PWM 100%,2500200,44.3,220769,-67,MOUNTED,79359.1
2026-09-11 06:25:49,19.38,4.99,96.71,518.93,14.33,6.59,94.39,97.6,PWM 100%,2500800,45.4,224377,-66,MOUNTED,81777.6
2026-09-11 06:35:49,18.99,4.31,81.85,532.58,14.09,5.66,79.80,97.5,PWM 87%,2501400,43.3,219230,-65,MOUNTED,70468.1
2026-09-11 06:45:49,19.06,4.44,84.63,546.68,14.14,5.83,82.43,97.4,PWM 92%,2502000,44.3,225085,-65,MOUNTED,72652.7
2026-09-11 06:55:49,19.21,4.70,90.29,561.73,14.23,6.17,87.85,97.3,PWM 100%,2502600,44.6,219515,-67,MOUNTED,76800.7
2026-09-11 07:05:49,19.07,4.46,85.05,575.90,14.14,5.84,82.58,97.1,PWM 92%,2503200,43.3,212071,-63,MOUNTED,73182.1
2026-09-11 07:15:49,18.88,4.13,77.97,588.90,14.03,5.39,75.63,97.0,PWM 81%,2503800,42.9,221509,-65,MOUNTED,67591.8
2026-09-11 07:25:49,19.11,4.53,86.57,603.33,14.17,5.91,83.80,96.8,PWM 95%,2504400,44.4,220940,-66,MOUNTED,74102.0
2026-09-11 07:35:49,18.76,3.92,73.54,615.58,13.96,5.09,71.11,96.7,PWM 75%,2505000,41.3,215011,-65,MOUNTED,64379.7
2026-09-11 07:45:49,18.86,4.09,77.14,628.44,14.02,5.31,74.44,96.5,PWM 80%,2505600,43.2,221548,-67,MOUNTED,67075.0
2026-09-11 07:55:49,18.75,3.90,73.13,640.63,13.95,5.05,70.42,96.3,PWM 74%,2506200,42.0,213505,-67,MOUNTED,63778.0
2026-09-11 08:05:49,18.63,3.69,68.74,652.09,13.88,4.76,66.06,96.1,PWM 67%,2506800,41.7,216911,-67,MOUNTED,60619.0
2026-09-11 08:15:49,18.38,3.26,59.92,662.07,13.73,4.19,57.52,96.0,PWM 54%,2507400,40.6,213804,-62,MOUNTED,53353.2
2026-09-11 08:25:49,18.54,3.53,65.45,672.98,13.82,4.54,62.70,95.8,PWM 62%,2508000,40.4,215643,-65,MOUNTED,58006.0
2026-09-11 08:35:49,18.23,3.00,54.69,682.10,13.64,3.83,52.23,95.5,PWM 45%,2508600,39.2,215137,-66,MOUNTED,49023.8
2026-09-11 08:45:49,18.12,2.81,50.92,690.58,13.57,3.58,48.53,95.3,PWM 40%,2509200,39.4,219636,-63,MOUNTED,46292.3
2026-09-11 08:55:49,18.02,2.63,47.39,698.48,13.51,3.34,45.07,95.1,PWM 34%,2509800,38.1,213106,-67,MOUNTED,43345.9
2026-09-11 09:05:49,17.91,2.44,43.70,705.76,13.44,3.09,41.47,94.9,PWM 28%,2510400,37.9,215678,-62,MOUNTED,39950.2
2026-09-11 09:15:49,17.79,2.24,39.85,712.41,13.38,2.82,37.74,94.7,PWM 22%,2511000,36.7,213436,-63,MOUNTED,36736.3
2026-09-11 09:25:49,17.78,2.22,39.47,718.98,13.37,2.79,37.26,94.4,PWM 22%,2511600,36.8,219002,-65,MOUNTED,36370.9
2026-09-11 09:35:49,17.63,1.96,34.55,724.74,13.28,2.45,32.55,94.2,PWM 44%,2512200,36.0,215467,-65,MOUNTED,32384.6
2026-09-11 09:45:49,17.41,1.58,27.51,729.33,13.15,1.96,25.83,93.9,PWM 32%,2512800,35.9,224391,-63,MOUNTED,26149.6
2026-09-11 09:55:49,17.34,1.46,25.32,733.55,13.11,1.81,23.72,93.7,PWM 28%,2513400,35.3,214877,-65,MOUNTED,24114.5
2026-09-11 10:05:49,17.19,1.19,20.46,736.96,13.01,1.47,19.11,93.4,PWM 20%,2514000,34.2,218306,-66,MOUNTED,19922.8
2026-09-11 10:15:49,17.03,0.92,15.67,739.57,12.92,1.13,14.60,93.2,PWM 11%,2514600,33.6,221565,-62,MOUNTED,15105.7
2026-09-11 10:25:49,16.93,0.74,12.53,741.66,12.86,0.91,11.64,92.9,OFF,2515200,34.0,213241,-62,MOUNTED,12571.3
2026-09-11 10:35:49,16.86,0.62,10.45,743.40,12.82,0.76,9.69,92.7,OFF,2515800,33.7,223799,-66,MOUNTED,10333.5
2026-09-11 10:45:49,16.70,0.35,5.84,744.37,12.72,0.42,5.40,92.4,OFF,2516400,30.9,222523,-66,MOUNTED,5863.7
2026-09-11 10:55:49,16.56,0.10,1.66,744.65,12.64,0.12,1.53,92.1,OFF,2517000,31.4,214692,-62,MOUNTED,1743.9
2026-09-11 11:05:49,16.50,0.00,0.00,744.65,12.60,0.00,0.00,92.0,OFF,2517600,31.6,225857,-66,MOUNTED,473.7
2026-09-11 11:15:49,16.50,0.00,0.00,744.65,12.60,0.00,0.00,92.0,OFF,2518200,31.6,217584,-66,MOUNTED,186.3
2026-09-11 11:25:49,16.50,0.00,0.00,744.65,12.60,0.00,0.00,92.0,OFF,2518800,31.0,222823,-63,MOUNTED,238.4
2026-09-11 11:35:49,16.50,0.00,0.00,744.65,12.60,0.00,0.00,92.0,OFF,2519400,31.3,215675,-65,MOUNTED,77.8
2026-09-11 11:45:49,16.50,0.00,0.00,744.65,12.60,0.00,0.00,92.0,OFF,2520000,31.8,217056,-67,MOUNTED,149.5
2026-09-11 11:55:49,16.50,0.00,0.00,744.65,12.60,0.00,0.00,92.0,OFF,2520600,31.2,225784,-63,MOUNTED,483.3
2026-09-11 23:05:49,16.57,0.11,1.82,0.30,12.64,0.13,1.68,92.1,OFF,2560800,31.3,217527,-64,MOUNTED,2005.5
2026-09-11 23:15:49,16.70,0.35,5.84,1.28,12.72,0.42,5.40,92.4,OFF,2561400,30.8,212500,-64,MOUNTED,5925.6
2026-09-11 23:25:49,16.80,0.52,8.74,2.73,12.78,0.63,8.10,92.7,OFF,2562000,31.2,216616,-65,MOUNTED,8847.0
2026-09-11 23:35:49,16.93,0.75,12.70,4.85,12.86,0.92,11.80,92.9,OFF,2562600,33.2,223610,-65,MOUNTED,12238.1
2026-09-11 23:45:49,17.11,1.06,18.14,7.87,12.97,1.30,16.91,93.2,PWM 15%,2563200,34.1,225094,-63,MOUNTED,17402.2
2026-09-11 23:55:49,17.27,1.33,22.97,11.70,13.06,1.64,21.45,93.4,PWM 24%,2563800,34.1,222235,-67,MOUNTED,22130.8
2026-09-12 00:05:49,17.34,1.45,25.14,15.89,13.10,1.80,23.56,93.7,PWM 28%,2564400,34.7,215807,-64,MOUNTED,23932.3
2026-09-12 00:15:49,17.50,1.74,30.45,20.97,13.20,2.17,28.59,93.9,PWM 37%,2565000,36.4,223077,-62,MOUNTED,28793.1
2026-09-12 00:25:49,17.63,1.97,34.73,26.75,13.28,2.46,32.72,94.2,PWM 45%,2565600,36.3,216516,-62,MOUNTED,32586.9
2026-09-12 00:35:49,17.61,1.93,33.99,32.42,13.27,2.42,32.09,94.4,PWM 43%,2566200,36.8,221054,-66,MOUNTED,31584.4
2026-09-12 00:45:49,17.92,2.47,44.26,39.80,13.45,3.12,41.91,94.7,PWM 29%,2566800,38.1,215650,-67,MOUNTED,40643.9
2026-09-12 00:55:49,17.96,2.53,45.44,47.37,13.48,3.20,43.12,94.9,PWM 31%,2567400,38.0,221848,-65,MOUNTED,41659.2
2026-09-12 01:05:49,17.98,2.57,46.21,55.07,13.49,3.26,43.95,95.1,PWM 32%,2568000,37.6,217636,-67,MOUNTED,42195.3
2026-09-12 01:15:49,18.27,3.07,56.09,64.42,13.66,3.91,53.45,95.3,PWM 48%,2568600,40.0,223219,-62,MOUNTED,50468.9
2026-09-12 01:25:49,18.35,3.20,58.72,74.21,13.71,4.09,56.08,95.5,PWM 52%,2569200,39.6,217354,-65,MOUNTED,52696.2
2026-09-12 01:35:49,18.31,3.14,57.49,83.79,13.69,4.02,55.08,95.8,PWM 50%,2569800,39.8,219391,-64,MOUNTED,51658.8
2026-09-12 01:45:49,18.37,3.24,59.52,93.71,13.72,4.16,57.14,96.0,PWM 53%,2570400,40.1,220352,-66,MOUNTED,53393.2
2026-09-12 01:55:49,18.43,3.35,61.74,104.00,13.76,4.31,59.33,96.1,PWM 56%,2571000,40.1,225228,-62,MOUNTED,55209.9
2026-09-12 02:05:49,18.51,3.49,64.60,114.76,13.81,4.50,62.21,96.3,PWM 61%,2571600,40.0,221354,-67,MOUNTED,56993.7
2026-09-12 02:15:49,18.87,4.11,77.56,127.69,14.02,5.34,74.85,96.5,PWM 81%,2572200,42.3,224088,-67,MOUNTED,67658.6
2026-09-12 02:25:49,18.98,4.29,81.42,141.26,14.09,5.59,78.73,96.7,PWM 87%,2572800,42.5,218976,-63,MOUNTED,70537.0
2026-09-12 02:35:49,18.83,4.04,76.07,153.94,14.00,5.26,73.64,96.8,PWM 78%,2573400,42.3,214350,-62,MOUNTED,66347.3
2026-09-12 02:45:49,19.18,4.65,89.19,168.80,14.21,6.09,86.51,97.0,PWM 99%,2574000,44.7,224852,-66,MOUNTED,76192.4
2026-09-12 02:55:49,19.16,4.60,88.14,183.49,14.19,6.03,85.58,97.1,PWM 97%,2574600,44.2,225495,-62,MOUNTED,75334.0
2026-09-12 03:05:49,19.37,4.97,96.27,199.54,14.32,6.54,93.67,97.3,PWM 100%,2575200,45.7,222611,-63,MOUNTED,81448.8
2026-09-12 03:15:49,19.05,4.42,84.20,213.57,14.13,5.80,82.01,97.4,PWM 91%,2575800,44.2,225065,-62,MOUNTED,72499.7
2026-09-12 03:25:49,19.43,5.08,98.70,230.02,14.36,6.70,96.23,97.5,PWM 100%,2576400,45.7,212942,-65,MOUNTED,83106.8
2026-09-12 03:35:49,19.56,5.30,103.67,247.30,14.44,7.01,101.18,97.6,PWM 100%,2577000,45.8,216333,-63,MOUNTED,86720.8
2026-09-12 03:45:49,19.14,4.58,87.66,261.91,14.19,6.04,85.64,97.7,PWM 96%,2577600,43.3,218390,-66,MOUNTED,75076.8
2026-09-12 03:55:49,19.23,4.74,91.15,277.10,14.24,6.26,89.14,97.8,PWM 100%,2578200,45.0,216989,-66,MOUNTED,77573.6
2026-09-12 04:05:49,19.54,5.28,103.17,294.30,14.43,6.99,100.90,97.8,PWM 100%,2578800,46.7,225250,-63,MOUNTED,86667.1
2026-09-12 04:15:49,19.66,5.48,107.74,312.25,14.50,7.27,105.48,97.9,PWM 100%,2579400,47.3,214640,-66,MOUNTED,89725.1
2026-09-12 04:25:49,19.22,4.71,90.53,327.34,14.23,6.23,88.63,97.9,PWM 100%,2580000,44.4,220513,-65,MOUNTED,77069.9
2026-09-12 04:35:49,19.41,5.05,98.02,343.68,14.35,6.69,96.06,98.0,PWM 100%,2580600,45.3,213420,-62,MOUNTED,82848.4
2026-09-12 04:45:49,19.28,4.81,92.74,359.14,14.27,6.37,90.89,98.0,PWM 100%,2581200,45.3,221332,-64,MOUNTED,78936.4
2026-09-12 04:55:49,19.22,4.72,90.72,374.26,14.23,6.25,88.91,98.0,PWM 100%,2581800,45.0,216955,-62,MOUNTED,77382.6
2026-09-12 05:05:49,19.31,4.87,94.04,389.93,14.29,6.45,92.16,98.0,PWM 100%,2582400,44.3,216861,-66,MOUNTED,79791.0
2026-09-12 05:15:49,19.31,4.87,94.04,405.60,14.29,6.45,92.16,98.0,PWM 100%,2583000,45.3,219529,-67,MOUNTED,79658.6
2026-09-12 05:25:49,19.43,5.07,98.51,422.02,14.36,6.72,96.54,98.0,PWM 100%,2583600,46.2,218654,-63,MOUNTED,83352.8
2026-09-12 05:35:49,19.45,5.11,99.39,438.59,14.37,6.77,97.30,97.9,PWM 100%,2584200,46.2,221591,-62,MOUNTED,83682.0
2026-09-12 05:45:49,19.25,4.77,91.82,453.89,14.25,6.31,89.89,97.9,PWM 100%,2584800,45.2,220121,-66,MOUNTED,78056.3
2026-09-12 05:55:49,19.21,4.69,90.09,468.90,14.22,6.20,88.11,97.8,PWM 100%,2585400,44.0,212937,-66,MOUNTED,76966.3
2026-09-12 06:05:49,19.53,5.26,102.73,486.03,14.42,6.97,100.47,97.8,PWM 100%,2586000,45.7,225848,-65,MOUNTED,86405.1
2026-09-12 06:15:49,19.11,4.53,86.57,500.45,14.17,5.97,84.58,97.7,PWM 95%,2586600,44.2,219959,-64,MOUNTED,74081.6
2026-09-12 06:25:49,19.33,4.91,94.91,516.27,14.30,6.48,92.63,97.6,PWM 100%,2587200,44.7,218590,-63,MOUNTED,80692.4
2026-09-12 06:35:49,19.46,5.12,99.64,532.88,14.37,6.76,97.15,97.5,PWM 100%,2587800,46.0,223330,-66,MOUNTED,84219.2
2026-09-12 06:45:49,19.37,4.98,96.46,548.96,14.32,6.56,93.95,97.4,PWM 100%,2588400,44.6,216525,-62,MOUNTED,81436.0
2026-09-12 06:55:49,19.15,4.59,87.90,563.61,14.19,6.03,85.53,97.3,PWM 97%,2589000,44.2,213266,-64,MOUNTED,75291.1
2026-09-12 07:05:49,19.19,4.66,89.43,578.51,14.21,6.11,86.84,97.1,PWM 99%,2589600,43.8,223839,-65,MOUNTED,76279.8
2026-09-12 07:15:49,19.15,4.59,87.90,593.16,14.19,6.01,85.26,97.0,PWM 97%,2590200,44.0,219465,-65,MOUNTED,75540.3
2026-09-12 07:25:49,18.80,3.99,75.01,605.66,13.98,5.19,72.61,96.8,PWM 77%,2590800,41.7,212230,-62,MOUNTED,65429.9
2026-09-12 07:35:49,18.67,3.76,70.20,617.36,13.90,4.88,67.88,96.7,PWM 69%,2591400,41.6,221748,-62,MOUNTED,61602.2
2026-09-12 07:45:49,18.65,3.72,69.38,628.93,13.89,4.82,66.95,96.5,PWM 68%,2592000,42.1,215893,-67,MOUNTED,61013.3
2026-09-12 07:55:49,18.69,3.80,71.02,640.76,13.92,4.91,68.39,96.3,PWM 71%,2592600,41.2,218150,-67,MOUNTED,62288.4
2026-09-12 08:05:49,18.58,3.61,67.07,651.94,13.85,4.65,64.45,96.1,PWM 65%,2593200,40.7,223949,-63,MOUNTED,59443.1
2026-09-12 08:15:49,18.59,3.63,67.48,663.19,13.86,4.67,64.78,96.0,PWM 65%,2593800,41.3,222315,-62,MOUNTED,59696.7
2026-09-12 08:25:49,18.29,3.10,56.70,672.64,13.67,3.97,54.32,95.8,PWM 49%,2594400,40.0,216767,-64,MOUNTED,50780.9
2026-09-12 08:35:49,18.10,2.78,50.32,681.03,13.56,3.54,48.06,95.5,PWM 39%,2595000,39.2,220632,-62,MOUNTED,45824.5
2026-09-12 08:45:49,18.15,2.86,51.91,689.68,13.59,3.64,49.47,95.3,PWM 41%,2595600,38.4,225900,-66,MOUNTED,47206.0
2026-09-12 08:55:49,17.97,2.55,45.82,697.31,13.48,3.23,43.57,95.1,PWM 32%,2596200,37.5,216283,-64,MOUNTED,42149.9
2026-09-12 09:05:49,17.83,2.30,41.01,704.15,13.40,2.90,38.92,94.9,PWM 24%,2596800,37.7,215721,-62,MOUNTED,37811.3
2026-09-12 09:15:49,17.84,2.32,41.39,711.05,13.40,2.93,39.20,94.7,PWM 25%,2597400,37.2,215258,-65,MOUNTED,38140.3
2026-09-12 09:25:49,17.81,2.27,40.43,717.79,13.39,2.85,38.17,94.4,PWM 23%,2598000,37.5,212626,-65,MOUNTED,37187.4
2026-09-12 09:35:49,17.59,1.89,33.25,723.33,13.25,2.36,31.32,94.2,PWM 42%,2598600,36.0,222713,-67,MOUNTED,31068.3
2026-09-12 09:45:49,17.40,1.56,27.14,727.85,13.14,1.94,25.48,93.9,PWM 31%,2599200,35.0,224977,-63,MOUNTED,25638.7
2026-09-12 09:55:49,17.42,1.60,27.87,732.50,13.15,1.99,26.11,93.7,PWM 33%,2599800,35.1,225534,-67,MOUNTED,26422.3
2026-09-12 10:05:49,17.21,1.23,21.17,736.02,13.02,1.52,19.77,93.4,PWM 21%,2600400,35.1,220291,-62,MOUNTED,20182.0
2026-09-12 10:15:49,17.11,1.05,17.97,739.02,12.96,1.29,16.75,93.2,PWM 15%,2601000,33.4,214086,-62,MOUNTED,17501.0
2026-09-12 10:25:49,16.93,0.74,12.53,741.11,12.86,0.91,11.64,92.9,OFF,2601600,32.6,212685,-65,MOUNTED,12476.2
2026-09-12 10:35:49,16.83,0.57,9.59,742.71,12.80,0.69,8.89,92.7,OFF,2602200,30.8,223989,-62,MOUNTED,9510.5
2026-09-12 10:45:49,16.68,0.32,5.34,743.60,12.71,0.39,4.93,92.4,OFF,2602800,31.8,213174,-66,MOUNTED,5385.1
2026-09-12 10:55:49,16.56,0.10,1.66,743.87,12.64,0.12,1.53,92.1,OFF,2603400,30.8,222501,-65,MOUNTED,1905.6
2026-09-12 11:05:49,16.50,0.00,0.00,743.87,12.60,0.00,0.00,92.0,OFF,2604000,32.2,212931,-66,MOUNTED,455.4
2026-09-12 11:15:49,16.50,0.00,0.00,743.87,12.60,0.00,0.00,92.0,OFF,2604600,31.0,214104,-63,MOUNTED,119.3
2026-09-12 11:25:49,16.50,0.00,0.00,743.87,12.60,0.00,0.00,92.0,OFF,2605200,31.5,224519,-63,MOUNTED,54.8
2026-09-12 11:35:49,16.50,0.00,0.00,743.87,12.60,0.00,0.00,92.0,OFF,2605800,30.8,221407,-65,MOUNTED,266.9
2026-09-12 11:45:49,16.50,0.00,0.00,743.87,12.60,0.00,0.00,92.0,OFF,2606400,32.2,215920,-62,MOUNTED,407.1
2026-09-12 11:55:49,16.50,0.00,0.00,743.87,12.60,0.00,0.00,92.0,OFF,2607000,30.8,213671,-66,MOUNTED,150.6
2026-09-12 23:05:49,16.57,0.12,1.99,0.33,12.64,0.14,1.83,92.1,OFF,2647200,31.8,212478,-62,MOUNTED,2292.7
2026-09-12 23:15:49,16.70,0.34,5.68,1.28,12.72,0.41,5.25,92.4,OFF,2647800,32.2,218420,-62,MOUNTED,5758.3
2026-09-12 23:25:49,16.83,0.57,9.59,2.88,12.80,0.69,8.89,92.7,OFF,2648400,31.5,221758,-67,MOUNTED,9626.9
2026-09-12 23:35:49,16.94,0.77,13.04,5.05,12.87,0.94,12.11,92.9,OFF,2649000,33.1,219595,-65,MOUNTED,12854.4
2026-09-12 23:45:49,17.12,1.07,18.32,8.10,12.97,1.32,17.07,93.2,PWM 16%,2649600,33.7,224164,-67,MOUNTED,17711.2
2026-09-12 23:55:49,17.17,1.16,19.92,11.42,13.00,1.43,18.61,93.4,PWM 19%,2650200,33.8,219658,-66,MOUNTED,19016.1
2026-09-13 00:05:49,17.37,1.51,26.23,15.79,13.12,1.87,24.58,93.7,PWM 30%,2650800,34.7,215969,-62,MOUNTED,25153.3
2026-09-13 00:15:49,17.47,1.68,29.35,20.69,13.18,2.09,27.56,93.9,PWM 35%,2651400,35.8,225793,-62,MOUNTED,27635.5
2026-09-13 00:25:49,17.58,1.88,33.05,26.19,13.25,2.35,31.13,94.2,PWM 42%,2652000,36.1,216592,-63,MOUNTED,30822.3
2026-09-13 00:35:49,17.80,2.26,40.23,32.90,13.38,2.84,37.98,94.4,PWM 23%,2652600,36.7,222471,-65,MOUNTED,37211.3
2026-09-13 00:45:49,17.80,2.26,40.23,39.60,13.38,2.85,38.10,94.7,PWM 23%,2653200,37.1,225976,-63,MOUNTED,37101.5
2026-09-13 00:55:49,17.94,2.49,44.67,47.05,13.46,3.15,42.39,94.9,PWM 30%,2653800,38.1,214037,-62,MOUNTED,41240.2
2026-09-13 01:05:49,17.92,2.46,44.08,54.40,13.45,3.12,41.92,95.1,PWM 29%,2654400,38.1,219667,-64,MOUNTED,40570.5
2026-09-13 01:15:49,18.28,3.09,56.49,63.81,13.67,3.94,53.83,95.3,PWM 48%,2655000,39.2,221146,-63,MOUNTED,50622.8
2026-09-13 01:25:49,18.16,2.87,52.12,72.50,13.59,3.66,49.77,95.5,PWM 41%,2655600,39.3,214158,-65,MOUNTED,47017.2
2026-09-13 01:35:49,18.50,3.47,64.20,83.20,13.80,4.46,61.50,95.8,PWM 60%,2656200,41.4,212502,-66,MOUNTED,57058.6
2026-09-13 01:45:49,18.31,3.13,57.31,92.75,13.68,4.02,55.02,96.0,PWM 49%,2656800,39.2,216353,-63,MOUNTED,51246.3
2026-09-13 01:55:49,18.57,3.58,66.48,103.83,13.84,4.62,63.89,96.1,PWM 64%,2657400,41.6,213335,-62,MOUNTED,58807.0
2026-09-13 02:05:49,18.85,4.07,76.72,116.62,14.01,5.27,73.88,96.3,PWM 79%,2658000,42.1,215358,-62,MOUNTED,66755.7
2026-09-13 02:15:49,18.66,3.74,69.79,128.25,13.89,4.85,67.35,96.5,PWM 69%,2658600,41.4,213693,-62,MOUNTED,61504.6
2026-09-13 02:25:49,18.92,4.19,79.27,141.46,14.05,5.46,76.65,96.7,PWM 83%,2659200,42.2,221373,-64,MOUNTED,68661.8
2026-09-13 02:35:49,18.97,4.28,81.19,154.99,14.08,5.58,78.59,96.8,PWM 86%,2659800,43.5,212793,-67,MOUNTED,70265.7
2026-09-13 02:45:49,18.87,4.11,77.56,167.92,14.02,5.37,75.23,97.0,PWM 81%,2660400,42.3,216776,-62,MOUNTED,67503.9
2026-09-13 02:55:49,18.97,4.29,81.38,181.48,14.08,5.61,79.02,97.1,PWM 87%,2661000,43.2,219262,-65,MOUNTED,70360.1
2026-09-13 03:05:49,19.05,4.42,84.20,195.51,14.13,5.80,81.93,97.3,PWM 91%,2661600,44.1,219418,-65,MOUNTED,72435.0
2026-09-13 03:15:49,19.45,5.12,99.58,212.11,14.37,6.75,96.99,97.4,PWM 100%,2662200,45.2,221613,-63,MOUNTED,83862.3
2026-09-13 03:25:49,19.16,4.60,88.14,226.80,14.19,6.06,85.94,97.5,PWM 97%,2662800,44.1,214594,-65,MOUNTED,75368.0
2026-09-13 03:35:49,19.24,4.74,91.20,242.00,14.24,6.25,89.01,97.6,PWM 100%,2663400,44.0,223752,-67,MOUNTED,77856.9
2026-09-13 03:45:49,19.47,5.14,100.08,258.68,14.38,6.80,97.78,97.7,PWM 100%,2664000,45.4,223815,-62,MOUNTED,84483.6
2026-09-13 03:55:49,19.37,4.98,96.46,274.76,14.32,6.59,94.34,97.8,PWM 100%,2664600,44.7,217850,-63,MOUNTED,81573.3
2026-09-13 04:05:49,19.63,5.43,106.59,292.52,14.48,7.20,104.25,97.8,PWM 100%,2665200,46.4,216418,-67,MOUNTED,89121.9
2026-09-13 04:15:49,19.69,5.53,108.89,310.67,14.51,7.35,106.60,97.9,PWM 100%,2665800,47.7,225238,-64,MOUNTED,90840.8
2026-09-13 04:25:49,19.56,5.31,103.86,327.98,14.44,7.04,101.68,97.9,PWM 100%,2666400,46.5,212695,-64,MOUNTED,87245.1
2026-09-13 04:35:49,19.37,4.97,96.27,344.03,14.32,6.59,94.34,98.0,PWM 100%,2667000,45.5,218760,-65,MOUNTED,81277.4
2026-09-13 04:45:49,19.43,5.08,98.70,360.48,14.36,6.74,96.73,98.0,PWM 100%,2667600,44.9,220934,-67,MOUNTED,83261.3
2026-09-13 04:55:49,19.60,5.37,105.25,378.02,14.46,7.13,103.14,98.0,PWM 100%,2668200,46.4,224567,-65,MOUNTED,87851.4
2026-09-13 05:05:49,19.43,5.08,98.70,394.47,14.36,6.74,96.73,98.0,PWM 100%,2668800,45.1,220226,-65,MOUNTED,83486.1
2026-09-13 05:15:49,19.24,4.74,91.20,409.67,14.24,6.28,89.38,98.0,PWM 100%,2669400,45.1,220851,-62,MOUNTED,77875.3
2026-09-13 05:25:49,19.24,4.75,91.39,424.90,14.25,6.28,89.56,98.0,PWM 100%,2670000,44.9,223246,-63,MOUNTED,78044.3
2026-09-13 05:35:49,19.34,4.93,95.35,440.79,14.31,6.52,93.35,97.9,PWM 100%,2670600,45.4,223420,-65,MOUNTED,80550.8
2026-09-13 05:45:49,19.57,5.33,104.31,458.18,14.44,7.07,102.12,97.9,PWM 100%,2671200,45.8,219537,-65,MOUNTED,87324.0
2026-09-13 05:55:49,19.41,5.04,97.83,474.48,14.34,6.67,95.68,97.8,PWM 100%,2671800,46.0,225756,-62,MOUNTED,82449.8
2026-09-13 06:05:49,19.47,5.15,100.27,491.19,14.38,6.82,98.06,97.8,PWM 100%,2672400,46.2,221134,-63,MOUNTED,84562.1
2026-09-13 06:15:49,19.60,5.37,105.25,508.73,14.46,7.11,102.83,97.7,PWM 100%,2673000,46.2,216157,-63,MOUNTED,87980.7
2026-09-13 06:25:49,19.23,4.73,90.96,523.89,14.24,6.23,88.78,97.6,PWM 100%,2673600,44.4,220291,-63,MOUNTED,77641.5
2026-09-13 06:35:49,19.41,5.04,97.83,540.20,14.34,6.65,95.38,97.5,PWM 100%,2674200,45.2,215911,-64,MOUNTED,82406.6
2026-09-13 06:45:49,19.41,5.04,97.83,556.50,14.34,6.65,95.29,97.4,PWM 100%,2674800,45.1,218128,-64,MOUNTED,82751.8
2026-09-13 06:55:49,19.12,4.54,86.80,570.97,14.17,5.96,84.46,97.3,PWM 95%,2675400,44.0,218769,-66,MOUNTED,74697.7
2026-09-13 07:05:49,19.13,4.56,87.23,585.51,14.18,5.97,84.70,97.1,PWM 96%,2676000,43.5,222857,-67,MOUNTED,74726.1
2026-09-13 07:15:49,18.76,3.92,73.54,597.77,13.96,5.11,71.33,97.0,PWM 75%,2676600,41.4,221229,-65,MOUNTED,64578.1
2026-09-13 07:25:49,19.04,4.39,83.59,611.70,14.12,5.73,80.92,96.8,PWM 90%,2677200,43.7,224728,-64,MOUNTED,72136.8
2026-09-13 07:35:49,19.06,4.44,84.63,625.80,14.14,5.79,81.84,96.7,PWM 92%,2677800,43.7,225282,-64,MOUNTED,72704.1
2026-09-13 07:45:49,18.96,4.27,80.96,639.30,14.08,5.55,78.13,96.5,PWM 86%,2678400,43.1,216154,-66,MOUNTED,69856.7
2026-09-13 07:55:49,18.60,3.64,67.70,650.58,13.86,4.70,65.20,96.3,PWM 66%,2679000,41.0,225539,-64,MOUNTED,59901.4
2026-09-13 08:05:49,18.58,3.61,67.07,661.76,13.85,4.65,64.45,96.1,PWM 65%,2679600,41.0,214416,-62,MOUNTED,59063.4
2026-09-13 08:15:49,18.43,3.35,61.74,672.05,13.76,4.31,59.27,96.0,PWM 56%,2680200,39.7,223445,-63,MOUNTED,55102.0
2026-09-13 08:25:49,18.44,3.36,61.96,682.37,13.76,4.31,59.36,95.8,PWM 57%,2680800,40.8,215509,-65,MOUNTED,55363.6
2026-09-13 08:35:49,18.42,3.33,61.34,692.60,13.75,4.26,58.58,95.5,PWM 56%,2681400,40.2,219089,-65,MOUNTED,54502.2
2026-09-13 08:45:49,18.18,2.92,53.09,701.45,13.61,3.72,50.59,95.3,PWM 43%,2682000,39.1,214348,-66,MOUNTED,47901.3
2026-09-13 08:55:49,17.94,2.50,44.85,708.92,13.47,3.17,42.65,95.1,PWM 30%,2682600,37.3,217913,-63,MOUNTED,40933.7
2026-09-13 09:05:49,17.80,2.25,40.05,715.60,13.38,2.84,38.01,94.9,PWM 23%,2683200,37.6,213081,-62,MOUNTED,37006.0
2026-09-13 09:15:49,17.71,2.10,37.19,721.79,13.33,2.64,35.22,94.7,PWM 18%,2683800,37.2,219613,-62,MOUNTED,34563.4
2026-09-13 09:25:49,17.70,2.09,36.99,727.96,13.32,2.62,34.92,94.4,PWM 18%,2684400,36.2,215922,-64,MOUNTED,34107.9
2026-09-13 09:35:49,17.68,2.05,36.24,734.00,13.31,2.56,34.14,94.2,PWM 17%,2685000,36.8,225944,-66,MOUNTED,33537.5
2026-09-13 09:45:49,17.54,1.80,31.57,739.26,13.22,2.24,29.64,93.9,PWM 39%,2685600,36.6,219393,-65,MOUNTED,29596.9
2026-09-13 09:55:49,17.40,1.56,27.14,743.78,13.14,1.94,25.43,93.7,PWM 31%,2686200,34.8,214041,-67,MOUNTED,25745.1
2026-09-13 10:05:49,17.15,1.13,19.38,747.01,12.99,1.39,18.10,93.4,PWM 18%,2686800,34.4,212070,-64,MOUNTED,18754.7
2026-09-13 10:15:49,17.08,1.00,17.08,749.86,12.95,1.23,15.92,93.2,PWM 14%,2687400,33.4,216110,-66,MOUNTED,16741.6
2026-09-13 10:25:49,16.95,0.78,13.22,752.06,12.87,0.95,12.28,92.9,OFF,2688000,32.8,212400,-66,MOUNTED,13220.2
2026-09-13 10:35:49,16.85,0.61,10.28,753.78,12.81,0.74,9.53,92.7,OFF,2688600,32.6,212482,-66,MOUNTED,10254.6
2026-09-13 10:45:49,16.68,0.31,5.17,754.64,12.71,0.38,4.78,92.4,OFF,2689200,32.1,213691,-67,MOUNTED,5363.1
2026-09-13 10:55:49,16.56,0.11,1.82,754.94,12.64,0.13,1.68,92.1,OFF,2689800,31.4,225079,-65,MOUNTED,1976.8
2026-09-13 11:05:49,16.50,0.00,0.00,754.94,12.60,0.00,0.00,92.0,OFF,2690400,32.1,214178,-62,MOUNTED,344.2
2026-09-13 11:15:49,16.50,0.00,0.00,754.94,12.60,0.00,0.00,92.0,OFF,2691000,31.9,219572,-62,MOUNTED,400.5
2026-09-13 11:25:49,16.50,0.00,0.00,754.94,12.60,0.00,0.00,92.0,OFF,2691600,31.7,214086,-66,MOUNTED,2.2
2026-09-13 11:35:49,16.50,0.00,0.00,754.94,12.60,0.00,0.00,92.0,OFF,2692200,31.2,218985,-65,MOUNTED,126.5
2026-09-13 11:45:49,16.50,0.00,0.00,754.94,12.60,0.00,0.00,92.0,OFF,2692800,31.2,217736,-66,MOUNTED,341.7
2026-09-13 11:55:49,16.50,0.00,0.00,754.94,12.60,0.00,0.00,92.0,OFF,2693400,31.2,222366,-62,MOUNTED,116.8
2026-09-13 23:05:49,16.56,0.10,1.66,0.28,12.64,0.12,1.53,92.1,OFF,2733600,31.3,217118,-64,MOUNTED,2143.5
2026-09-13 23:15:49,16.71,0.36,6.02,1.28,12.72,0.44,5.56,92.4,OFF,2734200,30.9,223879,-65,MOUNTED,5936.9
2026-09-13 23:25:49,16.80,0.53,8.90,2.76,12.78,0.65,8.25,92.7,OFF,2734800,31.4,218043,-65,MOUNTED,8801.7
2026-09-13 23:35:49,16.98,0.84,14.26,5.14,12.89,1.03,13.25,92.9,OFF,2735400,33.8,218406,-64,MOUNTED,14136.2
2026-09-13 23:45:49,17.05,0.95,16.20,7.84,12.93,1.17,15.10,93.2,PWM 12%,2736000,34.5,223631,-64,MOUNTED,15948.0
2026-09-13 23:55:49,17.25,1.30,22.43,11.58,13.05,1.61,20.95,93.4,PWM 23%,2736600,34.5,225137,-67,MOUNTED,21691.5
2026-09-14 00:05:49,17.29,1.37,23.69,15.53,13.08,1.70,22.20,93.7,PWM 25%,2737200,34.5,217722,-65,MOUNTED,22849.7
2026-09-14 00:15:49,17.47,1.68,29.35,20.42,13.18,2.09,27.56,93.9,PWM 35%,2737800,35.9,223340,-62,MOUNTED,27596.2
2026-09-14 00:25:49,17.65,1.99,35.12,26.27,13.29,2.49,33.08,94.2,PWM 15%,2738400,36.8,223497,-67,MOUNTED,32904.1
2026-09-14 00:35:49,17.79,2.23,39.67,32.88,13.37,2.80,37.45,94.4,PWM 22%,2739000,36.5,218492,-67,MOUNTED,36849.3
2026-09-14 00:45:49,17.88,2.39,42.73,40.00,13.43,3.01,40.47,94.7,PWM 27%,2739600,36.9,221110,-67,MOUNTED,39160.0
2026-09-14 00:55:49,17.81,2.28,40.61,46.77,13.39,2.88,38.54,94.9,PWM 24%,2740200,38.0,220908,-66,MOUNTED,37463.0
2026-09-14 01:05:49,18.04,2.66,47.99,54.77,13.52,3.38,45.64,95.1,PWM 35%,2740800,39.1,221944,-62,MOUNTED,43902.2
2026-09-14 01:15:49,18.11,2.79,50.53,63.19,13.57,3.55,48.16,95.3,PWM 39%,2741400,38.1,221185,-62,MOUNTED,46029.1
2026-09-14 01:25:49,18.14,2.85,51.70,71.81,13.58,3.64,49.37,95.5,PWM 41%,2742000,39.3,218731,-64,MOUNTED,46795.8
2026-09-14 01:35:49,18.52,3.50,64.82,82.61,13.81,4.50,62.10,95.8,PWM 61%,2742600,41.2,219173,-67,MOUNTED,57523.3
2026-09-14 01:45:49,18.43,3.34,61.56,92.87,13.76,4.30,59.10,96.0,PWM 56%,2743200,40.1,212672,-62,MOUNTED,54930.1
2026-09-14 01:55:49,18.41,3.32,61.12,103.06,13.75,4.27,58.74,96.1,PWM 55%,2743800,39.7,213041,-66,MOUNTED,54576.8
2026-09-14 02:05:49,18.72,3.84,71.88,115.04,13.93,4.97,69.22,96.3,PWM 72%,2744400,41.2,221009,-62,MOUNTED,62832.7
2026-09-14 02:15:49,18.56,3.57,66.26,126.08,13.84,4.62,63.94,96.5,PWM 63%,2745000,41.0,225581,-66,MOUNTED,58565.8
2026-09-14 02:25:49,18.92,4.19,79.27,139.30,14.05,5.46,76.65,96.7,PWM 83%,2745600,43.1,217187,-63,MOUNTED,68921.3
2026-09-14 02:35:49,18.89,4.15,78.39,152.36,14.04,5.40,75.88,96.8,PWM 82%,2746200,43.1,219045,-62,MOUNTED,68289.2
2026-09-14 02:45:49,18.95,4.25,80.54,165.78,14.07,5.55,78.12,97.0,PWM 85%,2746800,43.5,221999,-66,MOUNTED,69543.2
2026-09-14 02:55:49,18.86,4.10,77.33,178.67,14.02,5.36,75.09,97.1,PWM 80%,2747400,42.7,217115,-64,MOUNTED,67100.0
2026-09-14 03:05:49,18.89,4.14,78.20,191.71,14.03,5.42,76.09,97.3,PWM 82%,2748000,42.8,224013,-62,MOUNTED,67735.3
2026-09-14 03:15:49,19.00,4.33,82.27,205.42,14.10,5.68,80.13,97.4,PWM 88%,2748600,43.1,224418,-67,MOUNTED,71232.2
2026-09-14 03:25:49,19.26,4.78,92.06,220.76,14.25,6.30,89.76,97.5,PWM 100%,2749200,44.8,221356,-66,MOUNTED,78305.5
2026-09-14 03:35:49,19.13,4.56,87.23,235.30,14.18,6.00,85.14,97.6,PWM 96%,2749800,43.9,217396,-66,MOUNTED,74680.8
2026-09-14 03:45:49,19.54,5.28,103.17,252.49,14.43,6.99,100.80,97.7,PWM 100%,2750400,46.8,217918,-66,MOUNTED,86735.3
2026-09-14 03:55:49,19.21,4.70,90.29,267.54,14.23,6.21,88.30,97.8,PWM 100%,2751000,44.0,214591,-65,MOUNTED,77210.8
2026-09-14 04:05:49,19.27,4.80,92.50,282.96,14.26,6.34,90.47,97.8,PWM 100%,2751600,44.1,220106,-65,MOUNTED,78746.9
2026-09-14 04:15:49,19.71,5.56,109.59,301.22,14.52,7.39,107.29,97.9,PWM 100%,2752200,47.1,220758,-62,MOUNTED,91108.3
2026-09-14 04:25:49,19.30,4.85,93.60,316.82,14.28,6.42,91.63,97.9,PWM 100%,2752800,44.8,219583,-62,MOUNTED,79662.7
2026-09-14 04:35:49,19.26,4.79,92.26,332.20,14.26,6.34,90.41,98.0,PWM 100%,2753400,44.7,221726,-62,MOUNTED,78498.8
2026-09-14 04:45:49,19.31,4.86,93.85,347.84,14.28,6.44,91.97,98.0,PWM 100%,2754000,44.2,221390,-67,MOUNTED,79837.2
2026-09-14 04:55:49,19.43,5.08,98.70,364.29,14.36,6.74,96.73,98.0,PWM 100%,2754600,45.8,214281,-63,MOUNTED,83089.6
2026-09-14 05:05:49,19.27,4.80,92.50,379.71,14.26,6.36,90.65,98.0,PWM 100%,2755200,45.2,218170,-65,MOUNTED,78471.1
2026-09-14 05:15:49,19.46,5.12,99.64,396.32,14.37,6.80,97.65,98.0,PWM 100%,2755800,45.3,221783,-67,MOUNTED,83919.6
2026-09-14 05:25:49,19.48,5.17,100.71,413.10,14.39,6.86,98.70,98.0,PWM 100%,2756400,45.9,225352,-62,MOUNTED,84890.2
2026-09-14 05:35:49,19.69,5.53,108.89,431.25,14.51,7.35,106.60,97.9,PWM 100%,2757000,46.7,215146,-64,MOUNTED,90769.0
2026-09-14 05:45:49,19.40,5.03,97.58,447.51,14.34,6.66,95.53,97.9,PWM 100%,2757600,46.0,221212,-65,MOUNTED,82316.2
2026-09-14 05:55:49,19.63,5.43,106.59,465.28,14.48,7.20,104.25,97.8,PWM 100%,2758200,47.1,214609,-67,MOUNTED,89242.2
2026-09-14 06:05:49,19.56,5.30,103.67,482.55,14.44,7.02,101.39,97.8,PWM 100%,2758800,46.3,224123,-62,MOUNTED,86854.7
2026-09-14 06:15:49,19.39,5.02,97.34,498.78,14.34,6.63,95.10,97.7,PWM 100%,2759400,45.3,219361,-67,MOUNTED,82263.9
2026-09-14 06:25:49,19.55,5.29,103.42,516.01,14.43,7.00,100.94,97.6,PWM 100%,2760000,45.5,225614,-67,MOUNTED,86872.3
2026-09-14 06:35:49,19.37,4.97,96.27,532.06,14.32,6.55,93.86,97.5,PWM 100%,2760600,45.4,214872,-65,MOUNTED,81790.8
2026-09-14 06:45:49,19.13,4.56,87.23,546.60,14.18,5.99,84.96,97.4,PWM 96%,2761200,43.6,216862,-64,MOUNTED,74772.2
2026-09-14 06:55:49,19.12,4.55,87.00,561.10,14.17,5.97,84.65,97.3,PWM 95%,2761800,44.3,213169,-63,MOUNTED,74633.0
2026-09-14 07:05:49,19.16,4.60,88.14,575.79,14.19,6.03,85.58,97.1,PWM 97%,2762400,43.8,220163,-67,MOUNTED,75279.3
2026-09-14 07:15:49,18.75,3.90,73.13,587.98,13.95,5.09,70.94,97.0,PWM 74%,2763000,42.4,212835,-66,MOUNTED,64059.3
2026-09-14 07:25:49,19.05,4.41,84.01,601.98,14.13,5.76,81.32,96.8,PWM 91%,2763600,43.6,217190,-66,MOUNTED,72626.7
2026-09-14 07:35:49,18.83,4.04,76.07,614.66,14.00,5.25,73.56,96.7,PWM 78%,2764200,42.7,218210,-63,MOUNTED,66078.6
2026-09-14 07:45:49,18.85,4.08,76.91,627.48,14.01,5.30,74.22,96.5,PWM 80%,2764800,42.9,216140,-65,MOUNTED,66771.3
2026-09-14 07:55:49,18.72,3.85,72.07,639.49,13.93,4.98,69.40,96.3,PWM 72%,2765400,41.5,218987,-65,MOUNTED,63346.7
2026-09-14 08:05:49,18.49,3.44,63.61,650.09,13.79,4.43,61.13,96.1,PWM 59%,2766000,40.9,213194,-67,MOUNTED,56504.2
2026-09-14 08:15:49,18.48,3.43,63.39,660.65,13.79,4.41,60.85,96.0,PWM 59%,2766600,40.7,219373,-63,MOUNTED,56318.5
2026-09-14 08:25:49,18.46,3.39,62.58,671.08,13.77,4.35,59.95,95.8,PWM 58%,2767200,40.6,219592,-66,MOUNTED,55646.5
2026-09-14 08:35:49,18.29,3.10,56.70,680.53,13.67,3.96,54.15,95.5,PWM 49%,2767800,40.1,221340,-62,MOUNTED,50701.8
2026-09-14 08:45:49,18.05,2.68,48.37,688.60,13.53,3.41,46.10,95.3,PWM 36%,2768400,38.1,225330,-65,MOUNTED,44265.7
2026-09-14 08:55:49,18.19,2.92,53.11,697.45,13.61,3.71,50.51,95.1,PWM 43%,2769000,38.5,224097,-62,MOUNTED,48222.4
2026-09-14 09:05:49,17.99,2.58,46.41,705.18,13.49,3.26,44.04,94.9,PWM 33%,2769600,37.6,214806,-67,MOUNTED,42522.8
2026-09-14 09:15:49,17.87,2.38,42.53,712.27,13.42,3.00,40.28,94.7,PWM 27%,2770200,37.8,221462,-67,MOUNTED,39025.6
2026-09-14 09:25:49,17.70,2.08,36.82,718.41,13.32,2.61,34.76,94.4,PWM 18%,2770800,36.1,225416,-67,MOUNTED,34264.6
2026-09-14 09:35:49,17.65,2.00,35.30,724.29,13.29,2.50,33.25,94.2,PWM 15%,2771400,36.9,217004,-62,MOUNTED,32961.6
2026-09-14 09:45:49,17.37,1.52,26.40,728.69,13.12,1.89,24.79,93.9,PWM 30%,2772000,34.7,219127,-64,MOUNTED,24984.3
2026-09-14 09:55:49,17.40,1.56,27.14,733.21,13.14,1.94,25.43,93.7,PWM 31%,2772600,35.0,222042,-67,MOUNTED,25794.6
2026-09-14 10:05:49,17.15,1.13,19.38,736.44,12.99,1.39,18.10,93.4,PWM 18%,2773200,34.7,225308,-66,MOUNTED,18609.0
2026-09-14 10:15:49,17.10,1.04,17.78,739.41,12.96,1.28,16.57,93.2,PWM 15%,2773800,34.7,222400,-62,MOUNTED,17245.7
2026-09-14 10:25:49,17.00,0.87,14.79,741.87,12.90,1.07,13.74,92.9,OFF,2774400,34.0,218651,-65,MOUNTED,14630.8
2026-09-14 10:35:49,16.84,0.59,9.94,743.53,12.80,0.72,9.21,92.7,OFF,2775000,30.9,217072,-63,MOUNTED,9983.3
2026-09-14 10:45:49,16.70,0.34,5.68,744.48,12.72,0.41,5.25,92.4,OFF,2775600,31.0,218821,-65,MOUNTED,5701.0
2026-09-14 10:55:49,16.57,0.12,1.99,744.81,12.64,0.14,1.83,92.1,OFF,2776200,31.0,214625,-64,MOUNTED,2041.1
2026-09-14 11:05:49,16.50,0.00,0.00,744.81,12.60,0.00,0.00,92.0,OFF,2776800,31.2,213944,-63,MOUNTED,146.2
2026-09-14 11:15:49,16.50,0.00,0.00,744.81,12.60,0.00,0.00,92.0,OFF,2777400,31.2,221023,-64,MOUNTED,404.1
2026-09-14 11:25:49,16.50,0.00,0.00,744.81,12.60,0.00,0.00,92.0,OFF,2778000,30.9,220879,-67,MOUNTED,493.4
2026-09-14 11:35:49,16.50,0.00,0.00,744.81,12.60,0.00,0.00,92.0,OFF,2778600,31.7,213481,-67,MOUNTED,421.4
2026-09-14 11:45:49,16.50,0.00,0.00,744.81,12.60,0.00,0.00,92.0,OFF,2779200,30.8,223590,-67,MOUNTED,391.5
2026-09-14 11:55:49,16.50,0.00,0.00,744.81,12.60,0.00,0.00,92.0,OFF,2779800,31.7,222486,-66,MOUNTED,151.2
2026-09-14 23:05:49,16.56,0.11,1.82,0.30,12.64,0.13,1.68,92.1,OFF,2820000,31.7,215331,-62,MOUNTED,1879.0
2026-09-14 23:15:49,16.69,0.33,5.51,1.22,12.72,0.40,5.09,92.4,OFF,2820600,32.2,213837,-64,MOUNTED,5561.0
2026-09-14 23:25:49,16.82,0.56,9.42,2.79,12.79,0.68,8.73,92.7,OFF,2821200,30.8,221629,-67,MOUNTED,9572.4
2026-09-14 23:35:49,16.92,0.72,12.18,4.82,12.85,0.88,11.32,92.9,OFF,2821800,33.7,224942,-63,MOUNTED,11866.8
2026-09-14 23:45:49,17.10,1.04,17.78,7.79,12.96,1.28,16.57,93.2,PWM 15%,2822400,34.6,217373,-67,MOUNTED,17357.1
2026-09-14 23:55:49,17.16,1.14,19.56,11.04,13.00,1.41,18.27,93.4,PWM 18%,2823000,34.3,221877,-67,MOUNTED,18897.1
2026-09-15 00:05:49,17.42,1.59,27.70,15.66,13.15,1.97,25.95,93.7,PWM 32%,2823600,34.9,215269,-66,MOUNTED,26306.2
2026-09-15 00:15:49,17.54,1.80,31.57,20.92,13.22,2.24,29.64,93.9,PWM 39%,2824200,36.6,214115,-67,MOUNTED,29825.8
2026-09-15 00:25:49,17.50,1.73,30.27,25.97,13.20,2.16,28.51,94.2,PWM 37%,2824800,35.5,213098,-64,MOUNTED,28569.5
2026-09-15 00:35:49,17.59,1.89,33.25,31.51,13.26,2.37,31.39,94.4,PWM 42%,2825400,35.6,224213,-63,MOUNTED,31319.2
2026-09-15 00:45:49,17.94,2.49,44.67,38.95,13.46,3.14,42.30,94.7,PWM 30%,2826000,37.5,223777,-63,MOUNTED,40865.6
2026-09-15 00:55:49,17.82,2.28,40.63,45.73,13.39,2.88,38.56,94.9,PWM 24%,2826600,36.7,223200,-64,MOUNTED,37414.9
2026-09-15 01:05:49,17.91,2.44,43.70,53.01,13.45,3.09,41.56,95.1,PWM 28%,2827200,38.4,224853,-65,MOUNTED,40106.3
2026-09-15 01:15:49,18.11,2.78,50.35,61.40,13.56,3.54,47.98,95.3,PWM 39%,2827800,38.0,212265,-65,MOUNTED,45756.9
2026-09-15 01:25:49,18.41,3.31,60.94,71.56,13.75,4.23,58.20,95.5,PWM 55%,2828400,39.5,219920,-62,MOUNTED,54622.5
2026-09-15 01:35:49,18.52,3.51,65.01,82.39,13.81,4.51,62.28,95.8,PWM 61%,2829000,40.3,216666,-65,MOUNTED,57538.5
2026-09-15 01:45:49,18.31,3.14,57.49,91.98,13.69,4.03,55.19,96.0,PWM 50%,2829600,39.6,221388,-67,MOUNTED,51703.0
2026-09-15 01:55:49,18.56,3.57,66.26,103.02,13.84,4.60,63.68,96.1,PWM 63%,2830200,40.7,225656,-64,MOUNTED,58634.1
2026-09-15 02:05:49,18.68,3.79,70.80,114.82,13.91,4.90,68.18,96.3,PWM 70%,2830800,41.7,221383,-64,MOUNTED,62009.1
2026-09-15 02:15:49,18.90,4.16,78.62,127.92,14.04,5.40,75.87,96.5,PWM 82%,2831400,43.3,223803,-62,MOUNTED,68165.6
2026-09-15 02:25:49,19.06,4.44,84.63,142.03,14.14,5.79,81.84,96.7,PWM 92%,2832000,44.3,225108,-63,MOUNTED,72672.3
2026-09-15 02:35:49,19.10,4.51,86.14,156.38,14.16,5.89,83.38,96.8,PWM 94%,2832600,44.1,213632,-63,MOUNTED,73958.0
2026-09-15 02:45:49,19.00,4.34,82.46,170.13,14.10,5.67,79.99,97.0,PWM 88%,2833200,43.9,218768,-67,MOUNTED,71090.9
2026-09-15 02:55:49,19.03,4.38,83.35,184.02,14.12,5.73,80.93,97.1,PWM 90%,2833800,43.1,224531,-67,MOUNTED,71605.2
2026-09-15 03:05:49,19.03,4.39,83.54,197.94,14.12,5.76,81.28,97.3,PWM 90%,2834400,43.0,215757,-67,MOUNTED,72014.9
2026-09-15 03:15:49,18.97,4.28,81.19,211.47,14.08,5.62,79.08,97.4,PWM 86%,2835000,42.6,224209,-65,MOUNTED,70123.5
2026-09-15 03:25:49,18.98,4.30,81.61,225.07,14.09,5.65,79.57,97.5,PWM 87%,2835600,42.5,215760,-67,MOUNTED,70544.5
2026-09-15 03:35:49,19.22,4.72,90.72,240.19,14.23,6.22,88.54,97.6,PWM 100%,2836200,44.9,223538,-66,MOUNTED,77205.1
2026-09-15 03:45:49,19.14,4.58,87.66,254.81,14.19,6.04,85.64,97.7,PWM 96%,2836800,44.7,219818,-66,MOUNTED,75339.3
2026-09-15 03:55:49,19.55,5.29,103.42,272.04,14.43,7.01,101.14,97.8,PWM 100%,2837400,46.3,212343,-66,MOUNTED,86954.1
2026-09-15 04:05:49,19.63,5.43,106.59,289.81,14.48,7.20,104.25,97.8,PWM 100%,2838000,46.5,218714,-67,MOUNTED,89162.9
2026-09-15 04:15:49,19.26,4.78,92.06,305.15,14.25,6.32,90.13,97.9,PWM 100%,2838600,44.4,225259,-64,MOUNTED,78394.1
2026-09-15 04:25:49,19.55,5.28,103.22,322.35,14.43,7.00,101.05,97.9,PWM 100%,2839200,46.7,212164,-63,MOUNTED,86632.3
2026-09-15 04:35:49,19.31,4.87,94.04,338.03,14.29,6.45,92.16,98.0,PWM 100%,2839800,44.9,220170,-67,MOUNTED,79679.0
2026-09-15 04:45:49,19.75,5.63,111.19,356.56,14.55,7.49,108.97,98.0,PWM 100%,2840400,47.2,213430,-62,MOUNTED,91983.0
2026-09-15 04:55:49,19.25,4.76,91.63,371.83,14.25,6.30,89.80,98.0,PWM 100%,2841000,43.9,218776,-65,MOUNTED,78198.5
2026-09-15 05:05:49,19.36,4.95,95.83,387.80,14.31,6.56,93.91,98.0,PWM 100%,2841600,45.9,224530,-65,MOUNTED,81091.3
2026-09-15 05:15:49,19.40,5.02,97.39,404.03,14.34,6.66,95.44,98.0,PWM 100%,2842200,44.8,218873,-63,MOUNTED,82103.6
2026-09-15 05:25:49,19.67,5.49,107.99,422.03,14.50,7.30,105.83,98.0,PWM 100%,2842800,47.2,216797,-62,MOUNTED,89886.5
2026-09-15 05:35:49,19.29,4.83,93.17,437.56,14.27,6.39,91.21,97.9,PWM 100%,2843400,45.3,223437,-64,MOUNTED,79387.0
2026-09-15 05:45:49,19.63,5.42,106.39,455.29,14.48,7.19,104.16,97.9,PWM 100%,2844000,46.9,214469,-67,MOUNTED,88936.2
2026-09-15 05:55:49,19.53,5.25,102.53,472.38,14.42,6.95,100.27,97.8,PWM 100%,2844600,46.2,224526,-64,MOUNTED,86266.6
2026-09-15 06:05:49,19.21,4.70,90.29,487.43,14.23,6.21,88.30,97.8,PWM 100%,2845200,44.0,223055,-66,MOUNTED,76762.3
2026-09-15 06:15:49,19.58,5.34,104.56,504.85,14.45,7.07,102.16,97.7,PWM 100%,2845800,46.7,222208,-65,MOUNTED,87373.3
2026-09-15 06:25:49,19.35,4.93,95.40,520.75,14.31,6.51,93.11,97.6,PWM 100%,2846400,44.5,215904,-62,MOUNTED,80898.8
2026-09-15 06:35:49,19.14,4.58,87.66,535.37,14.18,6.03,85.47,97.5,PWM 96%,2847000,43.8,212146,-66,MOUNTED,75024.1
2026-09-15 06:45:49,19.00,4.33,82.27,549.08,14.10,5.68,80.13,97.4,PWM 88%,2847600,43.7,222472,-66,MOUNTED,71255.7
2026-09-15 06:55:49,19.22,4.72,90.72,564.20,14.23,6.20,88.27,97.3,PWM 100%,2848200,44.8,214233,-65,MOUNTED,77195.4
2026-09-15 07:05:49,18.92,4.19,79.27,577.41,14.05,5.48,76.97,97.1,PWM 83%,2848800,43.4,217309,-64,MOUNTED,68922.7
2026-09-15 07:15:49,19.11,4.53,86.57,591.84,14.17,5.93,83.97,97.0,PWM 95%,2849400,43.8,212763,-66,MOUNTED,74375.2
2026-09-15 07:25:49,19.02,4.37,83.12,605.69,14.11,5.70,80.46,96.8,PWM 89%,2850000,44.1,215196,-66,MOUNTED,71795.8
2026-09-15 07:35:49,18.82,4.02,75.66,618.30,13.99,5.23,73.16,96.7,PWM 78%,2850600,42.7,223065,-63,MOUNTED,66148.4
2026-09-15 07:45:49,18.74,3.89,72.90,630.45,13.95,5.04,70.35,96.5,PWM 74%,2851200,42.3,217855,-62,MOUNTED,63670.3