TIMESTAMP,V_PV,I_PV,P_PV,WH_DAILY,LUX,SUNSHINE_JAM,V_BAT,I_BAT,P_BAT,PV_NORMALIZED,DUMP_LOAD_PWM,UPTIME_SEC,ESP_TEMP,FREE_HEAP,SD_STATUS
2026-07-31 23:00:00,12.00,0.00,0.00,0.00,268,0.00,12.40,0.00,0.00,0.0,0,540000,31.6,216037,OK
2026-07-31 23:10:00,15.41,0.23,3.54,0.59,3777,0.00,12.48,0.26,3.20,7.1,0,540600,32.2,217560,OK
2026-07-31 23:20:00,16.04,0.45,7.22,1.79,7347,0.17,12.56,0.52,6.56,14.4,0,541200,31.8,217087,OK
2026-07-31 23:30:00,16.45,0.67,11.02,3.63,10702,0.33,12.64,0.79,10.04,22.0,0,541800,32.0,212197,OK
2026-07-31 23:40:00,16.84,0.93,15.66,6.24,15145,0.50,12.73,1.13,14.34,31.3,0,542400,32.6,217790,OK
2026-07-31 23:50:00,17.00,1.07,18.19,9.27,17076,0.67,12.78,1.31,16.70,36.4,10,543000,33.5,216163,OK
2026-08-01 00:00:00,17.29,1.33,23.00,13.11,21514,0.83,12.87,1.65,21.21,46.0,17,543600,34.3,221354,OK
2026-08-01 00:10:00,17.55,1.62,28.43,17.84,25887,1.00,12.97,2.03,26.35,56.9,24,544200,35.1,224421,OK
2026-08-01 00:20:00,17.66,1.75,30.91,23.00,28097,1.17,13.02,2.21,28.72,61.8,28,544800,34.6,219095,OK
2026-08-01 00:30:00,17.81,1.94,34.55,28.75,31108,1.33,13.08,2.46,32.20,69.1,33,545400,35.4,219402,OK
2026-08-01 00:40:00,18.00,2.22,39.96,35.41,35494,1.50,13.18,2.84,37.44,79.9,40,546000,36.0,219986,OK
2026-08-01 00:50:00,18.10,2.36,42.72,42.53,37589,1.67,13.23,3.03,40.11,85.4,20,546600,36.4,225004,OK
2026-08-01 01:00:00,18.28,2.66,48.62,50.64,42528,1.83,13.34,3.44,45.90,97.2,30,547200,37.4,223018,OK
2026-08-01 01:10:00,18.37,2.80,51.44,59.21,44903,2.00,13.39,3.64,48.71,102.9,34,547800,37.7,214574,OK
2026-08-01 01:20:00,18.45,2.95,54.43,68.28,47224,2.17,13.44,3.84,51.65,108.9,40,548400,37.8,214111,OK
2026-08-01 01:30:00,18.53,3.11,57.63,77.89,49647,2.33,13.49,4.07,54.86,115.3,45,549000,38.1,216417,OK
2026-08-01 01:40:00,18.71,3.47,64.92,88.71,55364,2.50,13.62,4.57,62.19,129.8,57,549600,39.9,215779,OK
2026-08-01 01:50:00,18.73,3.49,65.37,99.60,55654,2.67,13.63,4.59,62.62,130.7,58,550200,38.8,224176,OK
2026-08-01 02:00:00,18.71,3.46,64.74,110.39,55365,2.83,13.62,4.55,62.02,129.5,57,550800,39.6,213675,OK
2026-08-01 02:10:00,18.90,3.86,72.95,122.55,61712,3.00,13.76,5.11,70.32,145.9,71,551400,40.0,211128,OK
2026-08-01 02:20:00,18.84,3.75,70.65,134.33,59807,3.17,13.72,4.95,67.97,141.3,67,552000,40.0,215271,OK
2026-08-01 02:30:00,19.00,4.11,78.09,147.34,65490,3.33,13.85,5.46,75.59,156.2,80,552600,40.5,214815,OK
2026-08-01 02:40:00,19.02,4.14,78.74,160.46,65981,3.50,13.86,5.51,76.30,157.5,81,553200,40.7,214363,OK
2026-08-01 02:50:00,19.07,4.27,81.43,174.04,68060,3.67,13.90,5.69,79.07,162.9,85,553800,41.3,221036,OK
2026-08-01 03:00:00,19.13,4.40,84.17,188.06,70419,3.83,13.95,5.87,81.90,168.3,90,554400,41.2,223479,OK
2026-08-01 03:10:00,19.14,4.43,84.79,202.20,70649,4.00,13.96,5.92,82.59,169.6,91,555000,42.4,220076,OK
2026-08-01 03:20:00,19.14,4.44,84.98,216.36,70872,4.17,13.96,5.93,82.77,170.0,91,555600,41.9,217023,OK
2026-08-01 03:30:00,19.23,4.66,89.61,231.29,74296,4.33,14.04,6.22,87.37,179.2,99,556200,42.9,223174,OK
2026-08-01 03:40:00,19.33,4.92,95.10,247.14,78413,4.50,14.13,6.56,92.72,190.2,100,556800,42.5,223082,OK
2026-08-01 03:50:00,19.26,4.74,91.29,262.36,75462,4.67,14.07,6.33,89.01,182.6,100,557400,42.7,217396,OK
2026-08-01 04:00:00,19.28,4.79,92.35,277.75,76373,4.83,14.09,6.39,90.04,184.7,100,558000,42.4,220052,OK
2026-08-01 04:10:00,19.40,5.12,99.33,294.31,81637,5.00,14.20,6.82,96.85,198.7,100,558600,43.7,220359,OK
2026-08-01 04:20:00,19.30,4.85,93.60,309.91,77320,5.17,14.11,6.47,91.26,187.2,100,559200,43.1,217092,OK
2026-08-01 04:30:00,19.45,5.25,102.11,326.92,83602,5.33,14.25,6.99,99.56,204.2,100,559800,44.5,218397,OK
2026-08-01 04:40:00,19.44,5.24,101.87,343.90,83498,5.50,14.24,6.97,99.32,203.7,100,560400,44.5,213026,OK
2026-08-01 04:50:00,19.36,5.02,97.19,360.10,80110,5.67,14.17,6.69,94.76,194.4,100,561000,43.1,214413,OK
2026-08-01 05:00:00,19.27,4.76,91.73,375.39,75915,5.83,14.07,6.36,89.44,183.5,100,561600,42.8,225187,OK
2026-08-01 05:10:00,19.29,4.83,93.17,390.92,76855,6.00,14.10,6.44,90.84,186.3,100,562200,42.7,224502,OK
2026-08-01 05:20:00,19.40,5.12,99.33,407.47,81628,6.17,14.20,6.82,96.85,198.7,100,562800,43.7,225049,OK
2026-08-01 05:30:00,19.32,4.91,94.86,423.28,78228,6.33,14.13,6.55,92.49,189.7,100,563400,43.0,219466,OK
2026-08-01 05:40:00,19.27,4.77,91.92,438.60,75992,6.50,14.08,6.37,89.62,183.8,100,564000,42.6,224740,OK
2026-08-01 05:50:00,19.33,4.94,95.49,454.52,78957,6.67,14.14,6.58,93.10,191.0,100,564600,43.4,213650,OK
2026-08-01 06:00:00,19.40,5.12,99.33,471.07,81652,6.83,14.20,6.82,96.85,198.7,100,565200,44.2,220577,OK
2026-08-01 06:10:00,19.34,4.95,95.73,487.03,78921,7.00,14.14,6.60,93.34,191.5,100,565800,42.9,219867,OK
2026-08-01 06:20:00,19.37,5.03,97.43,503.27,80290,7.17,14.17,6.70,94.99,194.9,100,566400,43.0,212098,OK
2026-08-01 06:30:00,19.19,4.56,87.51,517.85,72817,7.33,14.00,6.09,85.32,175.0,96,567000,42.4,213978,OK
2026-08-01 06:40:00,19.09,4.31,82.28,531.56,68955,7.50,13.92,5.75,79.98,164.6,87,567600,41.3,221740,OK
2026-08-01 06:50:00,19.23,4.65,89.42,546.47,74306,7.67,14.04,6.21,87.18,178.8,99,568200,42.1,222099,OK
2026-08-01 07:00:00,19.19,4.56,87.51,561.05,72683,7.83,14.00,6.09,85.32,175.0,96,568800,42.3,214345,OK
2026-08-01 07:10:00,19.04,4.19,79.78,574.35,66935,8.00,13.88,5.58,77.39,159.6,83,569400,40.8,218667,OK
2026-08-01 07:20:00,19.06,4.24,80.81,587.82,67670,8.17,13.89,5.65,78.47,161.6,84,570000,40.7,220756,OK
2026-08-01 07:30:00,19.01,4.13,78.51,600.90,65862,8.33,13.85,5.49,76.08,157.0,80,570600,40.9,212988,OK
2026-08-01 07:40:00,19.00,4.09,77.71,613.85,65295,8.50,13.84,5.43,75.22,155.4,79,571200,41.1,211767,OK
2026-08-01 07:50:00,18.93,3.94,74.58,626.28,62924,8.67,13.79,5.22,72.04,149.2,74,571800,40.2,211013,OK
2026-08-01 08:00:00,18.75,3.55,66.56,637.38,56667,8.83,13.65,4.68,63.83,133.1,60,572400,39.0,212323,OK
2026-08-01 08:10:00,18.73,3.51,65.74,648.33,56073,9.00,13.63,4.62,62.98,131.5,59,573000,39.4,224625,OK
2026-08-01 08:20:00,18.63,3.30,61.48,658.58,52773,9.17,13.56,4.33,58.71,123.0,52,573600,39.2,218710,OK
2026-08-01 08:30:00,18.46,2.98,55.01,667.75,47742,9.33,13.45,3.89,52.26,110.0,41,574200,38.4,224350,OK
2026-08-01 08:40:00,18.49,3.02,55.84,677.06,48378,9.50,13.46,3.94,53.05,111.7,42,574800,38.6,217022,OK
2026-08-01 08:50:00,18.40,2.87,52.81,685.86,45977,9.67,13.41,3.73,50.06,105.6,37,575400,38.1,224588,OK
2026-08-01 09:00:00,18.27,2.64,48.23,693.89,42364,9.83,13.33,3.42,45.53,96.5,29,576000,37.6,213725,OK
2026-08-01 09:10:00,18.03,2.26,40.75,700.69,36036,10.00,13.19,2.90,38.22,81.5,16,576600,36.6,213121,OK
2026-08-01 09:20:00,17.87,2.03,36.28,706.73,32401,10.17,13.11,2.59,33.89,72.6,35,577200,35.2,217909,OK
2026-08-01 09:30:00,17.78,1.90,33.78,712.36,30497,10.33,13.07,2.41,31.48,67.6,32,577800,35.7,217058,OK
2026-08-01 09:40:00,17.65,1.74,30.71,717.48,27827,10.50,13.01,2.19,28.53,61.4,27,578400,34.7,216388,OK
2026-08-01 09:50:00,17.38,1.43,24.85,721.62,22808,10.67,12.90,1.78,22.96,49.7,19,579000,34.1,221055,OK
2026-08-01 10:00:00,17.32,1.36,23.56,725.55,21903,10.83,12.88,1.69,21.75,47.1,18,579600,33.8,212591,OK
2026-08-01 10:10:00,17.01,1.07,18.20,728.58,17311,11.00,12.78,1.31,16.71,36.4,10,580200,32.9,218300,OK
2026-08-01 10:20:00,16.83,0.93,15.65,731.19,14905,11.17,12.73,1.12,14.32,31.3,0,580800,33.0,219908,OK
2026-08-01 10:30:00,16.37,0.62,10.15,732.88,10074,11.33,12.62,0.73,9.24,20.3,0,581400,32.7,214399,OK
2026-08-01 10:40:00,16.04,0.45,7.22,734.09,7366,11.50,12.56,0.52,6.56,14.4,0,582000,32.6,211416,OK
2026-08-01 10:50:00,15.42,0.23,3.55,734.68,3936,11.50,12.48,0.26,3.21,7.1,0,582600,31.6,220221,OK
2026-08-01 11:00:00,12.00,0.00,0.00,734.68,227,11.50,12.40,0.00,0.00,0.0,0,583200,31.4,219418,OK
2026-08-01 11:10:00,12.00,0.00,0.00,734.68,222,11.50,12.40,0.00,0.00,0.0,0,583800,31.1,211964,OK
2026-08-01 11:20:00,12.00,0.00,0.00,734.68,151,11.50,12.40,0.00,0.00,0.0,0,584400,31.4,215156,OK
2026-08-01 11:30:00,12.00,0.00,0.00,734.68,226,11.50,12.40,0.00,0.00,0.0,0,585000,31.0,215341,OK
2026-08-01 11:40:00,12.00,0.00,0.00,734.68,153,11.50,12.40,0.00,0.00,0.0,0,585600,31.3,221729,OK
2026-08-01 11:50:00,12.00,0.00,0.00,734.68,221,11.50,12.40,0.00,0.00,0.0,0,586200,31.8,219058,OK
2026-08-01 23:00:00,12.00,0.00,0.00,0.00,107,0.00,12.40,0.00,0.00,0.0,0,626400,31.6,223141,OK
2026-08-01 23:10:00,15.34,0.21,3.22,0.54,3606,0.00,12.47,0.23,2.91,6.4,0,627000,32.1,217107,OK
2026-08-01 23:20:00,16.07,0.47,7.55,1.79,7468,0.17,12.56,0.55,6.86,15.1,0,627600,32.2,211787,OK
2026-08-01 23:30:00,16.50,0.70,11.55,3.72,11359,0.33,12.65,0.83,10.53,23.1,0,628200,32.2,218972,OK
2026-08-01 23:40:00,16.72,0.85,14.21,6.09,13549,0.50,12.70,1.02,12.99,28.4,0,628800,32.5,215154,OK
2026-08-01 23:50:00,17.10,1.15,19.66,9.36,18544,0.67,12.80,1.41,18.07,39.3,12,629400,33.6,223011,OK
2026-08-02 00:00:00,17.28,1.32,22.81,13.17,21075,0.83,12.87,1.63,21.03,45.6,17,630000,34.6,214772,OK
2026-08-02 00:10:00,17.45,1.51,26.35,17.56,24044,1.00,12.93,1.88,24.37,52.7,21,630600,34.1,216601,OK
2026-08-02 00:20:00,17.73,1.84,32.62,22.99,29427,1.17,13.05,2.33,30.37,65.2,30,631200,35.2,224247,OK
2026-08-02 00:30:00,17.77,1.89,33.59,28.59,30308,1.33,13.07,2.40,31.31,67.2,31,631800,35.4,222986,OK
2026-08-02 00:40:00,17.87,2.02,36.10,34.61,32427,1.50,13.11,2.57,33.72,72.2,35,632400,35.1,223822,OK
2026-08-02 00:50:00,18.12,2.40,43.49,41.86,38410,1.67,13.24,3.09,40.88,87.0,21,633000,36.2,225604,OK
2026-08-02 01:00:00,18.23,2.58,47.03,49.70,41291,1.83,13.31,3.33,44.35,94.1,27,633600,36.5,212150,OK
2026-08-02 01:10:00,18.32,2.72,49.83,58.00,43422,2.00,13.36,3.52,47.09,99.7,32,634200,37.1,222600,OK
2026-08-02 01:20:00,18.33,2.74,50.22,66.37,43757,2.17,13.36,3.56,47.51,100.4,32,634800,37.3,216081,OK
2026-08-02 01:30:00,18.58,3.19,59.27,76.25,51122,2.33,13.52,4.18,56.48,118.5,48,635400,38.1,222800,OK
2026-08-02 01:40:00,18.71,3.47,64.92,87.07,55313,2.50,13.62,4.57,62.19,129.8,57,636000,39.2,215055,OK
2026-08-02 01:50:00,18.66,3.35,62.51,97.49,53559,2.67,13.58,4.40,59.76,125.0,53,636600,39.3,219675,OK
2026-08-02 02:00:00,18.72,3.48,65.15,108.35,55638,2.83,13.62,4.58,62.41,130.3,58,637200,39.4,217804,OK
2026-08-02 02:10:00,18.78,3.61,67.80,119.65,57635,3.00,13.67,4.76,65.09,135.6,62,637800,39.3,213603,OK
2026-08-02 02:20:00,18.84,3.75,70.65,131.42,59864,3.17,13.72,4.95,67.97,141.3,67,638400,40.6,224146,OK
2026-08-02 02:30:00,18.93,3.94,74.58,143.85,62745,3.33,13.79,5.22,72.04,149.2,74,639000,40.8,216730,OK
2026-08-02 02:40:00,19.11,4.36,83.32,157.74,69764,3.50,13.94,5.82,81.07,166.6,89,639600,41.7,223315,OK
2026-08-02 02:50:00,19.02,4.16,79.12,170.92,66231,3.67,13.86,5.53,76.67,158.2,82,640200,41.4,215995,OK
2026-08-02 03:00:00,19.05,4.21,80.20,184.29,67046,3.83,13.88,5.60,77.79,160.4,83,640800,41.1,214483,OK
2026-08-02 03:10:00,19.21,4.62,88.75,199.08,73806,4.00,14.02,6.17,86.53,177.5,98,641400,42.1,218160,OK
2026-08-02 03:20:00,19.30,4.85,93.60,214.68,77427,4.17,14.11,6.47,91.26,187.2,100,642000,43.4,218798,OK
2026-08-02 03:30:00,19.32,4.90,94.67,230.46,78102,4.33,14.12,6.54,92.30,189.3,100,642600,43.3,216807,OK
2026-08-02 03:40:00,19.33,4.94,95.49,246.38,78779,4.50,14.14,6.58,93.10,191.0,100,643200,43.6,220753,OK
2026-08-02 03:50:00,19.33,4.92,95.10,262.23,78667,4.67,14.13,6.56,92.72,190.2,100,643800,43.7,224522,OK
2026-08-02 04:00:00,19.21,4.62,88.75,277.02,73661,4.83,14.02,6.17,86.53,177.5,98,644400,42.9,211230,OK
2026-08-02 04:10:00,19.35,4.99,96.56,293.11,79589,5.00,14.16,6.65,94.15,193.1,100,645000,43.3,212581,OK
2026-08-02 04:20:00,19.38,5.07,98.26,309.49,80882,5.17,14.19,6.75,95.80,196.5,100,645600,43.1,214954,OK
2026-08-02 04:30:00,19.37,5.02,97.24,325.69,80050,5.33,14.17,6.69,94.81,194.5,100,646200,43.8,225527,OK
2026-08-02 04:40:00,19.39,5.10,98.89,342.18,81452,5.50,14.19,6.79,96.42,197.8,100,646800,43.2,214076,OK
2026-08-02 04:50:00,19.42,5.19,100.79,358.98,82764,5.67,14.22,6.91,98.27,201.6,100,647400,44.1,217423,OK
2026-08-02 05:00:00,19.42,5.17,100.40,375.71,82444,5.83,14.22,6.88,97.89,200.8,100,648000,43.7,221331,OK
2026-08-02 05:10:00,19.32,4.91,94.86,391.52,78379,6.00,14.13,6.55,92.49,189.7,100,648600,43.4,216378,OK
2026-08-02 05:20:00,19.30,4.84,93.41,407.09,77294,6.17,14.10,6.46,91.07,186.8,100,649200,42.3,221707,OK
2026-08-02 05:30:00,19.31,4.89,94.43,422.83,77978,6.33,14.12,6.52,92.07,188.9,100,649800,43.3,223234,OK
2026-08-02 05:40:00,19.45,5.27,102.50,439.91,83932,6.50,14.25,7.01,99.94,205.0,100,650400,43.8,218397,OK
2026-08-02 05:50:00,19.34,4.95,95.73,455.86,78881,6.67,14.14,6.60,93.34,191.5,100,651000,43.5,225811,OK
2026-08-02 06:00:00,19.31,4.88,94.23,471.57,77837,6.83,14.12,6.51,91.87,188.5,100,651600,42.6,220802,OK
2026-08-02 06:10:00,19.22,4.64,89.18,486.43,74113,7.00,14.03,6.20,86.95,178.4,99,652200,42.4,213340,OK
2026-08-02 06:20:00,19.22,4.65,89.37,501.33,73995,7.17,14.03,6.21,87.14,178.7,99,652800,42.0,224089,OK
2026-08-02 06:30:00,19.27,4.76,91.73,516.62,75826,7.33,14.07,6.36,89.44,183.5,100,653400,42.5,219961,OK
2026-08-02 06:40:00,19.12,4.40,84.13,530.64,70322,7.50,13.95,5.87,81.86,168.3,90,654000,42.1,224491,OK
2026-08-02 06:50:00,19.16,4.49,86.03,544.98,71683,7.67,13.98,6.00,83.88,172.1,93,654600,42.5,212988,OK
2026-08-02 07:00:00,19.22,4.64,89.18,559.84,73983,7.83,14.03,6.20,86.95,178.4,99,655200,41.9,218226,OK
2026-08-02 07:10:00,19.03,4.17,79.36,573.07,66544,8.00,13.87,5.55,76.98,158.7,82,655800,41.0,214434,OK
2026-08-02 07:20:00,19.12,4.39,83.94,587.06,70129,8.17,13.94,5.86,81.67,167.9,90,656400,42.1,214670,OK
2026-08-02 07:30:00,19.03,4.17,79.36,600.28,66373,8.33,13.87,5.54,76.90,158.7,82,657000,41.2,225850,OK
2026-08-02 07:40:00,18.96,4.01,76.03,612.95,64095,8.50,13.81,5.32,73.52,152.1,76,657600,40.3,221000,OK
2026-08-02 07:50:00,18.89,3.84,72.54,625.04,61271,8.67,13.75,5.09,69.93,145.1,70,658200,40.2,223433,OK
2026-08-02 08:00:00,18.73,3.50,65.56,635.97,56036,8.83,13.63,4.61,62.81,131.1,58,658800,39.0,212067,OK
2026-08-02 08:10:00,18.72,3.49,65.33,646.86,55833,9.00,13.63,4.59,62.59,130.7,58,659400,38.8,225701,OK
2026-08-02 08:20:00,18.60,3.24,60.26,656.90,51678,9.17,13.54,4.25,57.49,120.5,49,660000,38.8,216930,OK
2026-08-02 08:30:00,18.52,3.09,57.23,666.44,49373,9.33,13.49,4.03,54.43,114.5,44,660600,37.9,218398,OK
2026-08-02 08:40:00,18.39,2.85,52.41,675.17,45470,9.50,13.40,3.71,49.68,104.8,36,661200,37.5,224335,OK
2026-08-02 08:50:00,18.33,2.74,50.22,683.54,43793,9.67,13.36,3.56,47.51,100.4,32,661800,37.4,211291,OK
2026-08-02 09:00:00,18.11,2.38,43.10,690.73,37972,9.83,13.24,3.06,40.51,86.2,20,662400,36.2,215783,OK
2026-08-02 09:10:00,18.05,2.28,41.15,697.59,36451,10.00,13.20,2.92,38.60,82.3,17,663000,35.9,218953,OK
2026-08-02 09:20:00,17.93,2.10,37.65,703.86,33785,10.17,13.14,2.68,35.20,75.3,37,663600,35.4,220466,OK
2026-08-02 09:30:00,17.79,1.92,34.16,709.55,30872,10.33,13.08,2.43,31.84,68.3,32,664200,35.5,225816,OK
2026-08-02 09:40:00,17.56,1.63,28.62,714.32,26316,10.50,12.98,2.04,26.53,57.2,24,664800,34.2,223972,OK
2026-08-02 09:50:00,17.43,1.48,25.80,718.62,23797,10.67,12.92,1.85,23.87,51.6,21,665400,34.0,219158,OK
2026-08-02 10:00:00,17.31,1.35,23.37,722.52,21643,10.83,12.88,1.67,21.57,46.7,17,666000,34.4,221177,OK
2026-08-02 10:10:00,17.11,1.16,19.85,725.83,18612,11.00,12.81,1.42,18.24,39.7,13,666600,33.7,216129,OK
2026-08-02 10:20:00,16.76,0.88,14.75,728.29,14178,11.17,12.71,1.06,13.50,29.5,0,667200,33.1,215950,OK
2026-08-02 10:30:00,16.42,0.65,10.67,730.06,10644,11.33,12.63,0.77,9.72,21.3,0,667800,32.0,223589,OK
2026-08-02 10:40:00,15.99,0.43,6.88,731.21,7204,11.50,12.55,0.50,6.24,13.8,0,668400,32.7,222947,OK
2026-08-02 10:50:00,15.35,0.21,3.22,731.75,3643,11.50,12.48,0.23,2.91,6.4,0,669000,31.8,213643,OK
2026-08-02 11:00:00,12.00,0.00,0.00,731.75,171,11.50,12.40,0.00,0.00,0.0,0,669600,31.1,223082,OK
2026-08-02 11:10:00,12.00,0.00,0.00,731.75,56,11.50,12.40,0.00,0.00,0.0,0,670200,31.1,224903,OK
2026-08-02 11:20:00,12.00,0.00,0.00,731.75,6,11.50,12.40,0.00,0.00,0.0,0,670800,30.8,213915,OK
2026-08-02 11:30:00,12.00,0.00,0.00,731.75,145,11.50,12.40,0.00,0.00,0.0,0,671400,31.0,218832,OK
2026-08-02 11:40:00,12.00,0.00,0.00,731.75,143,11.50,12.40,0.00,0.00,0.0,0,672000,31.2,214291,OK
2026-08-02 11:50:00,12.00,0.00,0.00,731.75,120,11.50,12.40,0.00,0.00,0.0,0,672600,30.8,219728,OK
2026-08-02 23:00:00,12.00,0.00,0.00,0.00,68,0.00,12.40,0.00,0.00,0.0,0,712800,31.7,213683,OK
2026-08-02 23:10:00,15.38,0.22,3.38,0.56,3609,0.00,12.48,0.25,3.06,6.8,0,713400,31.1,222768,OK
2026-08-02 23:20:00,16.04,0.45,7.22,1.77,7505,0.17,12.56,0.52,6.56,14.4,0,714000,32.6,218044,OK
2026-08-02 23:30:00,16.42,0.65,10.67,3.54,10621,0.33,12.63,0.77,9.72,21.3,0,714600,32.3,220015,OK
2026-08-02 23:40:00,16.74,0.86,14.40,5.95,13944,0.50,12.70,1.04,13.16,28.8,0,715200,32.9,213014,OK
2026-08-02 23:50:00,17.02,1.08,18.38,9.01,17389,0.67,12.78,1.32,16.87,36.8,11,715800,32.9,224617,OK
2026-08-03 00:00:00,17.29,1.34,23.17,12.87,21599,0.83,12.87,1.66,21.36,46.3,17,716400,34.0,213425,OK
2026-08-03 00:10:00,17.42,1.48,25.78,17.17,23801,1.00,12.92,1.85,23.85,51.6,21,717000,34.1,217803,OK
2026-08-03 00:20:00,17.68,1.78,31.47,22.41,28614,1.17,13.03,2.25,29.27,62.9,28,717600,35.4,214374,OK
2026-08-03 00:30:00,17.81,1.94,34.55,28.17,31190,1.33,13.08,2.46,32.20,69.1,33,718200,35.6,222360,OK
2026-08-03 00:40:00,17.93,2.12,38.01,34.50,33785,1.50,13.14,2.70,35.54,76.0,37,718800,36.5,217779,OK
2026-08-03 00:50:00,18.11,2.38,43.10,41.69,37922,1.67,13.24,3.06,40.51,86.2,20,719400,36.8,215155,OK
2026-08-03 01:00:00,18.22,2.56,46.64,49.46,40996,1.83,13.30,3.31,43.98,93.3,26,720000,36.4,213424,OK
2026-08-03 01:10:00,18.31,2.70,49.44,57.70,43140,2.00,13.35,3.50,46.72,98.9,31,720600,37.6,218082,OK
2026-08-03 01:20:00,18.46,2.97,54.83,66.84,47538,2.17,13.45,3.87,52.09,109.7,40,721200,38.3,220641,OK
2026-08-03 01:30:00,18.60,3.23,60.08,76.85,51540,2.33,13.54,4.23,57.32,120.2,49,721800,39.1,213301,OK
2026-08-03 01:40:00,18.71,3.47,64.92,87.67,55459,2.50,13.62,4.57,62.19,129.8,57,722400,38.8,224852,OK
2026-08-03 01:50:00,18.59,3.22,59.86,97.65,51547,2.67,13.53,4.22,57.11,119.7,49,723000,38.4,220436,OK
2026-08-03 02:00:00,18.83,3.72,70.05,109.33,59273,2.83,13.71,4.92,67.39,140.1,66,723600,40.2,212922,OK
2026-08-03 02:10:00,18.73,3.51,65.74,120.28,56043,3.00,13.63,4.62,62.98,131.5,59,724200,39.5,223748,OK
2026-08-03 02:20:00,18.94,3.95,74.81,132.75,63165,3.17,13.79,5.24,72.27,149.6,74,724800,40.6,222471,OK
2026-08-03 02:30:00,18.96,4.01,76.03,145.42,63804,3.33,13.81,5.32,73.52,152.1,76,725400,41.1,220550,OK
2026-08-03 02:40:00,19.07,4.26,81.24,158.96,67881,3.50,13.90,5.67,78.88,162.5,85,726000,41.8,212162,OK
2026-08-03 02:50:00,19.10,4.34,82.89,172.78,69050,3.67,13.93,5.78,80.57,165.8,88,726600,41.4,213269,OK
2026-08-03 03:00:00,19.15,4.47,85.60,187.04,71206,3.83,13.97,5.97,83.37,171.2,93,727200,41.6,214102,OK
2026-08-03 03:10:00,19.13,4.40,84.17,201.07,70210,4.00,13.95,5.87,81.90,168.3,90,727800,41.9,218214,OK
2026-08-03 03:20:00,19.17,4.50,86.27,215.45,71893,4.17,13.98,6.02,84.11,172.5,94,728400,41.8,225302,OK
2026-08-03 03:30:00,19.32,4.90,94.67,231.23,78253,4.33,14.13,6.53,92.30,189.3,100,729000,43.1,212366,OK
2026-08-03 03:40:00,19.20,4.58,87.94,245.89,73069,4.50,14.01,6.12,85.74,175.9,96,729600,41.8,211331,OK
2026-08-03 03:50:00,19.32,4.89,94.47,261.63,78125,4.67,14.12,6.52,92.11,188.9,100,730200,42.9,212276,OK
2026-08-03 04:00:00,19.28,4.81,92.74,277.09,76597,4.83,14.09,6.42,90.42,185.5,100,730800,43.2,214812,OK
2026-08-03 04:10:00,19.24,4.69,90.24,292.13,74896,5.00,14.05,6.26,87.98,180.5,100,731400,42.1,213580,OK
2026-08-03 04:20:00,19.43,5.20,101.04,308.97,82900,5.17,14.23,6.92,98.51,202.1,100,732000,44.4,225086,OK
2026-08-03 04:30:00,19.42,5.18,100.60,325.73,82803,5.33,14.22,6.90,98.08,201.2,100,732600,44.1,224380,OK
2026-08-03 04:40:00,19.29,4.81,92.78,341.20,76661,5.50,14.09,6.42,90.46,185.6,100,733200,43.0,220047,OK
2026-08-03 04:50:00,19.45,5.27,102.50,358.28,83996,5.67,14.25,7.01,99.94,205.0,100,733800,44.4,224006,OK
2026-08-03 05:00:00,19.32,4.89,94.47,374.02,77972,5.83,14.12,6.52,92.11,188.9,100,734400,42.7,214233,OK
2026-08-03 05:10:00,19.35,4.99,96.56,390.12,79635,6.00,14.16,6.65,94.15,193.1,100,735000,43.3,219574,OK
2026-08-03 05:20:00,19.37,5.02,97.24,406.32,80057,6.17,14.17,6.69,94.81,194.5,100,735600,43.5,216936,OK
2026-08-03 05:30:00,19.35,4.97,96.17,422.35,79417,6.33,14.15,6.63,93.77,192.3,100,736200,43.0,221904,OK
2026-08-03 05:40:00,19.28,4.78,92.16,437.71,76350,6.50,14.08,6.38,89.86,184.3,100,736800,42.7,218362,OK
2026-08-03 05:50:00,19.44,5.24,101.87,454.69,83567,6.67,14.24,6.97,99.32,203.7,100,737400,44.0,218146,OK
2026-08-03 06:00:00,19.25,4.71,90.67,469.80,75323,6.83,14.06,6.29,88.40,181.3,100,738000,42.2,224047,OK
2026-08-03 06:10:00,19.33,4.92,95.10,485.65,78450,7.00,14.13,6.56,92.72,190.2,100,738600,43.1,218694,OK
2026-08-03 06:20:00,19.27,4.77,91.92,500.97,76061,7.17,14.08,6.37,89.62,183.8,100,739200,43.1,217011,OK
2026-08-03 06:30:00,19.20,4.58,87.94,515.63,73047,7.33,14.01,6.12,85.74,175.9,96,739800,42.4,225783,OK
2026-08-03 06:40:00,19.30,4.84,93.41,531.20,77289,7.50,14.10,6.46,91.07,186.8,100,740400,43.3,215221,OK
2026-08-03 06:50:00,19.27,4.77,91.92,546.52,76028,7.67,14.08,6.37,89.62,183.8,100,741000,42.6,222895,OK
2026-08-03 07:00:00,19.12,4.39,83.94,560.51,70029,7.83,13.94,5.86,81.67,167.9,90,741600,41.3,224963,OK
2026-08-03 07:10:00,19.14,4.43,84.79,574.64,70734,8.00,13.96,5.92,82.59,169.6,91,742200,41.8,215085,OK
2026-08-03 07:20:00,18.96,4.02,76.22,587.34,64003,8.17,13.81,5.34,73.70,152.4,77,742800,40.3,221000,OK
2026-08-03 07:30:00,19.06,4.23,80.62,600.78,67627,8.33,13.89,5.64,78.28,161.2,84,743400,41.8,224186,OK
2026-08-03 07:40:00,18.99,4.07,77.29,613.66,64969,8.50,13.83,5.41,74.82,154.6,78,744000,41.1,211618,OK
2026-08-03 07:50:00,18.75,3.54,66.38,624.72,56347,8.67,13.64,4.67,63.66,132.8,60,744600,39.1,224040,OK
2026-08-03 08:00:00,18.79,3.64,68.40,636.12,57956,8.83,13.68,4.80,65.73,136.8,63,745200,39.6,212177,OK
2026-08-03 08:10:00,18.60,3.24,60.26,646.17,51678,9.00,13.54,4.25,57.49,120.5,49,745800,39.2,225358,OK
2026-08-03 08:20:00,18.70,3.44,64.33,656.89,54897,9.17,13.61,4.52,61.56,128.7,56,746400,39.4,212465,OK
2026-08-03 08:30:00,18.58,3.20,59.46,666.80,51142,9.33,13.52,4.19,56.67,118.9,48,747000,38.5,224694,OK
2026-08-03 08:40:00,18.49,3.02,55.84,676.11,48172,9.50,13.46,3.94,53.05,111.7,42,747600,37.6,213539,OK
2026-08-03 08:50:00,18.41,2.88,53.02,684.94,46118,9.67,13.41,3.75,50.26,106.0,37,748200,37.9,215659,OK
2026-08-03 09:00:00,18.22,2.56,46.64,692.72,40740,9.83,13.30,3.31,43.98,93.3,26,748800,36.5,212067,OK
2026-08-03 09:10:00,18.15,2.44,44.29,700.10,38908,10.00,13.26,3.14,41.68,88.6,22,749400,36.9,221782,OK
2026-08-03 09:20:00,17.88,2.04,36.48,706.18,32644,10.17,13.12,2.60,34.07,73.0,35,750000,35.6,223658,OK
2026-08-03 09:30:00,17.87,2.02,36.10,712.19,32283,10.33,13.11,2.57,33.72,72.2,35,750600,35.8,214818,OK
2026-08-03 09:40:00,17.65,1.73,30.53,717.28,27744,10.50,13.01,2.18,28.36,61.1,27,751200,34.7,220326,OK
2026-08-03 09:50:00,17.53,1.59,27.87,721.93,25418,10.67,12.96,1.99,25.84,55.7,23,751800,34.3,215820,OK
2026-08-03 10:00:00,17.19,1.24,21.32,725.48,19825,10.83,12.83,1.53,19.64,42.6,15,752400,34.3,219140,OK
2026-08-03 10:10:00,17.02,1.08,18.38,728.54,17391,11.00,12.78,1.32,16.87,36.8,11,753000,33.0,217193,OK
2026-08-03 10:20:00,16.81,0.91,15.30,731.09,14751,11.17,12.72,1.10,14.00,30.6,0,753600,32.8,215077,OK
2026-08-03 10:30:00,16.38,0.63,10.32,732.81,10181,11.33,12.62,0.74,9.39,20.6,0,754200,32.0,223923,OK
2026-08-03 10:40:00,16.07,0.47,7.55,734.07,7568,11.50,12.56,0.55,6.86,15.1,0,754800,32.3,223260,OK
2026-08-03 10:50:00,15.39,0.22,3.39,734.64,3774,11.50,12.48,0.25,3.06,6.8,0,755400,31.1,219259,OK
2026-08-03 11:00:00,12.00,0.00,0.00,734.64,145,11.50,12.40,0.00,0.00,0.0,0,756000,31.2,224973,OK
2026-08-03 11:10:00,12.00,0.00,0.00,734.64,214,11.50,12.40,0.00,0.00,0.0,0,756600,31.5,223021,OK
2026-08-03 11:20:00,12.00,0.00,0.00,734.64,2,11.50,12.40,0.00,0.00,0.0,0,757200,31.2,223790,OK
2026-08-03 11:30:00,12.00,0.00,0.00,734.64,14,11.50,12.40,0.00,0.00,0.0,0,757800,31.3,225367,OK
2026-08-03 11:40:00,12.00,0.00,0.00,734.64,271,11.50,12.40,0.00,0.00,0.0,0,758400,30.8,213474,OK
2026-08-03 11:50:00,12.00,0.00,0.00,734.64,269,11.50,12.40,0.00,0.00,0.0,0,759000,30.8,218628,OK
2026-08-03 23:00:00,12.00,0.00,0.00,0.00,109,0.00,12.40,0.00,0.00,0.0,0,799200,31.4,223002,OK
2026-08-03 23:10:00,15.42,0.23,3.55,0.59,3913,0.00,12.48,0.26,3.21,7.1,0,799800,31.1,221159,OK
2026-08-03 23:20:00,16.07,0.47,7.55,1.85,7689,0.17,12.57,0.55,6.86,15.1,0,800400,31.8,219100,OK
2026-08-03 23:30:00,16.47,0.68,11.20,3.72,11068,0.33,12.64,0.81,10.20,22.4,0,801000,32.1,213832,OK
2026-08-03 23:40:00,16.73,0.85,14.22,6.09,13667,0.50,12.70,1.02,13.00,28.4,0,801600,33.1,211120,OK
2026-08-03 23:50:00,17.09,1.15,19.65,9.36,18485,0.67,12.80,1.41,18.06,39.3,12,802200,34.2,216632,OK
2026-08-04 00:00:00,17.19,1.23,21.14,12.88,19849,0.83,12.83,1.52,19.47,42.3,14,802800,34.2,217644,OK
2026-08-04 00:10:00,17.47,1.52,26.55,17.31,24293,1.00,12.94,1.90,24.56,53.1,22,803400,34.1,224138,OK
2026-08-04 00:20:00,17.61,1.69,29.76,22.27,27132,1.17,12.99,2.13,27.62,59.5,26,804000,35.3,218545,OK
2026-08-04 00:30:00,17.78,1.90,33.78,27.90,30472,1.33,13.07,2.41,31.48,67.6,32,804600,35.8,222197,OK
2026-08-04 00:40:00,17.91,2.08,37.25,34.11,33338,1.50,13.13,2.65,34.83,74.5,36,805200,35.8,213392,OK
2026-08-04 00:50:00,18.17,2.47,44.88,41.59,39645,1.67,13.27,3.18,42.23,89.8,23,805800,36.8,213670,OK
2026-08-04 01:00:00,18.24,2.59,47.24,49.46,41311,1.83,13.31,3.35,44.55,94.5,27,806400,37.0,213335,OK
2026-08-04 01:10:00,18.25,2.61,47.63,57.40,41754,2.00,13.32,3.37,44.92,95.3,28,807000,37.5,213586,OK
2026-08-04 01:20:00,18.37,2.81,51.62,66.00,44828,2.17,13.39,3.65,48.88,103.2,35,807600,37.4,213817,OK
2026-08-04 01:30:00,18.51,3.06,56.64,75.44,48813,2.33,13.48,4.00,53.86,113.3,43,808200,38.3,215725,OK
2026-08-04 01:40:00,18.61,3.26,60.67,85.55,52056,2.50,13.55,4.27,57.88,121.3,50,808800,38.6,215788,OK
2026-08-04 01:50:00,18.60,3.24,60.26,95.60,51604,2.67,13.54,4.25,57.49,120.5,49,809400,39.2,225932,OK
2026-08-04 02:00:00,18.77,3.59,67.38,106.83,57262,2.83,13.66,4.73,64.68,134.8,62,810000,39.9,223993,OK
2026-08-04 02:10:00,18.83,3.72,70.05,118.50,59456,3.00,13.71,4.92,67.39,140.1,66,810600,39.9,223192,OK
2026-08-04 02:20:00,18.95,3.99,75.61,131.10,63497,3.17,13.80,5.29,73.04,151.2,76,811200,41.1,217801,OK
2026-08-04 02:30:00,19.06,4.24,80.81,144.57,67660,3.33,13.89,5.65,78.47,161.6,84,811800,41.1,215579,OK
2026-08-04 02:40:00,19.04,4.20,79.97,157.90,66902,3.50,13.88,5.59,77.57,159.9,83,812400,41.4,223224,OK
2026-08-04 02:50:00,19.12,4.38,83.75,171.86,70072,3.67,13.94,5.85,81.49,167.5,89,813000,42.3,213842,OK
2026-08-04 03:00:00,19.15,4.46,85.41,186.09,71081,3.83,13.97,5.95,83.19,170.8,92,813600,41.3,222715,OK
2026-08-04 03:10:00,19.05,4.22,80.39,199.49,67431,4.00,13.89,5.61,77.98,160.8,84,814200,41.3,223601,OK
2026-08-04 03:20:00,19.18,4.53,86.89,213.97,72166,4.17,13.99,6.06,84.72,173.8,95,814800,42.2,220668,OK
2026-08-04 03:30:00,19.15,4.45,85.22,228.18,71004,4.33,13.97,5.94,83.00,170.4,92,815400,41.5,223874,OK
2026-08-04 03:40:00,19.24,4.68,90.04,243.18,74544,4.50,14.05,6.25,87.79,180.1,100,816000,42.4,225865,OK
2026-08-04 03:50:00,19.38,5.05,97.87,259.50,80724,4.67,14.18,6.73,95.42,195.7,100,816600,42.9,216106,OK
2026-08-04 04:00:00,19.25,4.72,90.86,274.64,75292,4.83,14.06,6.30,88.59,181.7,100,817200,42.7,218953,OK
2026-08-04 04:10:00,19.26,4.74,91.29,289.85,75644,5.00,14.07,6.33,89.01,182.6,100,817800,42.5,225177,OK
2026-08-04 04:20:00,19.26,4.75,91.49,305.10,75629,5.17,14.07,6.34,89.20,183.0,100,818400,42.9,217400,OK
2026-08-04 04:30:00,19.42,5.18,100.60,321.87,82772,5.33,14.22,6.90,98.08,201.2,100,819000,44.0,213821,OK
2026-08-04 04:40:00,19.27,4.78,92.11,337.22,76368,5.50,14.08,6.38,89.81,184.2,100,819600,43.1,213242,OK
2026-08-04 04:50:00,19.36,5.02,97.19,353.42,80055,5.67,14.17,6.69,94.76,194.4,100,820200,43.9,216020,OK
2026-08-04 05:00:00,19.34,4.96,95.93,369.41,79029,5.83,14.15,6.61,93.53,191.9,100,820800,42.7,213776,OK
2026-08-04 05:10:00,19.46,5.30,103.14,386.60,84630,6.00,14.26,7.05,100.56,206.3,100,821400,44.0,211888,OK
2026-08-04 05:20:00,19.47,5.32,103.58,403.86,84877,6.17,14.27,7.08,100.99,207.2,100,822000,44.2,216574,OK
2026-08-04 05:30:00,19.34,4.95,95.73,419.82,79079,6.33,14.14,6.60,93.34,191.5,100,822600,43.5,211838,OK
2026-08-04 05:40:00,19.29,4.82,92.98,435.31,77017,6.50,14.10,6.43,90.66,186.0,100,823200,42.4,219880,OK
2026-08-04 05:50:00,19.27,4.77,91.92,450.63,76237,6.67,14.08,6.37,89.62,183.8,100,823800,43.0,225578,OK
2026-08-04 06:00:00,19.40,5.11,99.13,467.15,81375,6.83,14.20,6.81,96.65,198.3,100,824400,43.0,216282,OK
2026-08-04 06:10:00,19.41,5.15,99.96,483.81,82264,7.00,14.21,6.86,97.46,199.9,100,825000,43.8,214757,OK
2026-08-04 06:20:00,19.18,4.54,87.08,498.33,72525,7.17,14.00,6.06,84.90,174.2,95,825600,42.2,223950,OK
2026-08-04 06:30:00,19.17,4.51,86.46,512.74,72017,7.33,13.99,6.03,84.30,172.9,94,826200,42.3,212814,OK
2026-08-04 06:40:00,19.15,4.45,85.22,526.94,71111,7.50,13.97,5.94,83.00,170.4,92,826800,41.7,212877,OK
2026-08-04 06:50:00,19.11,4.36,83.32,540.83,69625,7.67,13.93,5.82,81.07,166.6,89,827400,41.8,211456,OK
2026-08-04 07:00:00,19.11,4.37,83.51,554.75,69738,7.83,13.94,5.83,81.26,167.0,89,828000,41.9,215542,OK
2026-08-04 07:10:00,19.18,4.53,86.89,569.23,72442,8.00,13.99,6.06,84.72,173.8,95,828600,41.9,214662,OK
2026-08-04 07:20:00,18.94,3.96,75.00,581.73,63112,8.17,13.79,5.25,72.45,150.0,75,829200,40.4,219410,OK
2026-08-04 07:30:00,19.06,4.23,80.62,595.16,67574,8.33,13.89,5.64,78.28,161.2,84,829800,41.2,220563,OK
2026-08-04 07:40:00,19.01,4.12,78.32,608.22,65982,8.50,13.85,5.48,75.89,156.6,80,830400,41.2,216391,OK
2026-08-04 07:50:00,18.79,3.63,68.21,619.59,58011,8.67,13.68,4.79,65.55,136.4,63,831000,39.2,219962,OK
2026-08-04 08:00:00,18.86,3.77,71.10,631.44,60187,8.83,13.73,4.99,68.47,142.2,68,831600,40.4,215501,OK
2026-08-04 08:10:00,18.59,3.22,59.86,641.41,51407,9.00,13.53,4.22,57.11,119.7,49,832200,39.2,223021,OK
2026-08-04 08:20:00,18.62,3.29,61.26,651.62,52633,9.17,13.56,4.31,58.50,122.5,51,832800,38.6,215270,OK
2026-08-04 08:30:00,18.48,3.02,55.81,660.92,48261,9.33,13.46,3.94,53.02,111.6,42,833400,37.8,224965,OK
2026-08-04 08:40:00,18.38,2.83,52.02,669.59,45247,9.50,13.40,3.68,49.26,104.0,35,834000,37.8,215619,OK
2026-08-04 08:50:00,18.25,2.60,47.45,677.50,41691,9.67,13.32,3.36,44.75,94.9,28,834600,37.3,212173,OK
2026-08-04 09:00:00,18.19,2.50,45.48,685.08,39992,9.83,13.28,3.23,42.84,91.0,24,835200,36.8,214685,OK
2026-08-04 09:10:00,18.08,2.34,42.31,692.13,37503,10.00,13.22,3.01,39.73,84.6,19,835800,36.4,225199,OK
2026-08-04 09:20:00,18.03,2.26,40.75,698.93,36055,10.17,13.20,2.90,38.22,81.5,16,836400,36.4,217477,OK
2026-08-04 09:30:00,17.83,1.97,35.13,704.78,31437,10.33,13.09,2.50,32.78,70.3,33,837000,35.2,216445,OK
2026-08-04 09:40:00,17.64,1.73,30.52,709.87,27713,10.50,13.01,2.18,28.35,61.0,27,837600,35.2,218779,OK
2026-08-04 09:50:00,17.39,1.44,25.04,714.04,23038,10.67,12.91,1.79,23.14,50.1,20,838200,34.2,211890,OK
2026-08-04 10:00:00,17.19,1.23,21.14,717.56,19744,10.83,12.83,1.52,19.47,42.3,14,838800,34.3,219849,OK
2026-08-04 10:10:00,16.96,1.04,17.64,720.50,16661,11.00,12.76,1.27,16.18,35.3,0,839400,33.2,216484,OK
2026-08-04 10:20:00,16.78,0.89,14.93,722.99,14428,11.17,12.71,1.07,13.66,29.9,0,840000,33.6,223476,OK
2026-08-04 10:30:00,16.41,0.64,10.50,724.74,10419,11.33,12.63,0.76,9.57,21.0,0,840600,32.4,220925,OK
2026-08-04 10:40:00,16.01,0.44,7.04,725.92,7112,11.50,12.56,0.51,6.39,14.1,0,841200,32.6,223101,OK
2026-08-04 10:50:00,15.40,0.23,3.54,726.51,3870,11.50,12.48,0.26,3.20,7.1,0,841800,31.1,215312,OK
2026-08-04 11:00:00,12.00,0.00,0.00,726.51,148,11.50,12.40,0.00,0.00,0.0,0,842400,31.2,218701,OK
2026-08-04 11:10:00,12.00,0.00,0.00,726.51,25,11.50,12.40,0.00,0.00,0.0,0,843000,31.5,218052,OK
2026-08-04 11:20:00,12.00,0.00,0.00,726.51,133,11.50,12.40,0.00,0.00,0.0,0,843600,31.2,221559,OK
2026-08-04 11:30:00,12.00,0.00,0.00,726.51,97,11.50,12.40,0.00,0.00,0.0,0,844200,31.3,223478,OK
2026-08-04 11:40:00,12.00,0.00,0.00,726.51,60,11.50,12.40,0.00,0.00,0.0,0,844800,31.4,214888,OK
2026-08-04 11:50:00,12.00,0.00,0.00,726.51,180,11.50,12.40,0.00,0.00,0.0,0,845400,31.2,211411,OK
2026-08-04 23:00:00,12.00,0.00,0.00,0.00,168,0.00,12.40,0.00,0.00,0.0,0,885600,31.3,221352,OK
2026-08-04 23:10:00,15.40,0.23,3.54,0.59,3894,0.00,12.48,0.26,3.20,7.1,0,886200,32.0,224839,OK
2026-08-04 23:20:00,15.90,0.39,6.20,1.62,6403,0.17,12.54,0.45,5.62,12.4,0,886800,31.5,224764,OK
2026-08-04 23:30:00,16.38,0.63,10.32,3.34,10301,0.33,12.62,0.74,9.39,20.6,0,887400,32.7,222463,OK
2026-08-04 23:40:00,16.78,0.89,14.93,5.83,14196,0.50,12.71,1.07,13.66,29.9,0,888000,33.2,217762,OK
2026-08-04 23:50:00,16.91,0.99,16.74,8.62,16009,0.67,12.75,1.20,15.33,33.5,0,888600,33.2,213663,OK
2026-08-05 00:00:00,17.30,1.35,23.36,12.51,21616,0.83,12.87,1.67,21.54,46.7,17,889200,34.0,223371,OK
2026-08-05 00:10:00,17.49,1.55,27.11,17.03,24744,1.00,12.95,1.94,25.10,54.2,22,889800,34.7,221305,OK
2026-08-05 00:20:00,17.67,1.76,31.10,22.22,28116,1.17,13.02,2.22,28.89,62.2,28,890400,34.7,212458,OK
2026-08-05 00:30:00,17.76,1.88,33.39,27.78,30206,1.33,13.06,2.38,31.09,66.8,31,891000,35.9,218487,OK
2026-08-05 00:40:00,17.84,1.98,35.32,33.67,31706,1.50,13.10,2.52,32.95,70.6,34,891600,35.5,216214,OK
2026-08-05 00:50:00,18.01,2.22,39.98,40.33,35445,1.67,13.18,2.84,37.46,80.0,40,892200,35.8,220957,OK
2026-08-05 01:00:00,18.25,2.60,47.45,48.24,41712,1.83,13.31,3.36,44.75,94.9,28,892800,36.8,213198,OK
2026-08-05 01:10:00,18.35,2.77,50.83,56.71,44286,2.00,13.37,3.60,48.09,101.7,33,893400,37.6,217082,OK
2026-08-05 01:20:00,18.47,2.98,55.04,65.88,47805,2.17,13.45,3.89,52.29,110.1,41,894000,38.6,217578,OK
2026-08-05 01:30:00,18.47,3.00,55.41,75.12,47947,2.33,13.46,3.91,52.64,110.8,41,894600,37.7,222506,OK
2026-08-05 01:40:00,18.43,2.91,53.63,84.06,46465,2.50,13.42,3.79,50.89,107.3,38,895200,38.3,224315,OK
2026-08-05 01:50:00,18.55,3.15,58.43,93.80,50393,2.67,13.51,4.12,55.68,116.9,46,895800,38.4,212335,OK
2026-08-05 02:00:00,18.76,3.56,66.79,104.93,56777,2.83,13.65,4.69,64.05,133.6,61,896400,40.1,225392,OK
2026-08-05 02:10:00,18.65,3.34,62.29,115.31,53513,3.00,13.58,4.39,59.55,124.6,53,897000,38.7,221064,OK
2026-08-05 02:20:00,18.93,3.95,74.77,127.77,62854,3.17,13.79,5.24,72.23,149.5,74,897600,40.6,225533,OK
2026-08-05 02:30:00,18.80,3.65,68.62,139.21,58243,3.33,13.68,4.82,65.94,137.2,64,898200,39.8,220044,OK
2026-08-05 02:40:00,18.93,3.94,74.58,151.64,62705,3.50,13.78,5.23,72.04,149.2,74,898800,40.6,211126,OK
2026-08-05 02:50:00,18.97,4.04,76.64,164.41,64465,3.67,13.82,5.36,74.11,153.3,77,899400,40.2,225425,OK
2026-08-05 03:00:00,18.00,2.22,39.96,171.07,35577,3.83,13.18,2.84,37.44,79.9,40,900000,36.4,224077,OK
2026-08-05 03:10:00,18.10,2.37,42.90,178.22,38010,4.00,13.23,3.04,40.28,85.8,20,900600,36.4,217330,OK
2026-08-05 03:20:00,19.19,4.56,87.51,192.81,72711,4.17,14.00,6.09,85.32,175.0,96,901200,42.4,222221,OK
2026-08-05 03:30:00,18.13,2.41,43.69,200.09,38592,4.33,13.25,3.10,41.07,87.4,21,901800,37.2,213721,OK
2026-08-05 03:40:00,17.65,1.74,30.71,205.21,27792,4.50,13.01,2.19,28.53,61.4,27,902400,35.2,214849,OK
2026-08-05 03:50:00,18.04,2.27,40.95,212.03,36098,4.67,13.20,2.91,38.41,81.9,17,903000,36.2,223410,OK
2026-08-05 04:00:00,19.34,4.96,95.93,228.02,79277,4.83,14.15,6.61,93.53,191.9,100,903600,43.8,220098,OK
2026-08-05 04:10:00,19.38,5.06,98.06,244.36,80528,5.00,14.18,6.74,95.61,196.1,100,904200,44.0,211032,OK
2026-08-05 04:20:00,19.20,4.59,88.13,259.05,73334,5.17,14.01,6.13,85.93,176.3,97,904800,42.6,224659,OK
2026-08-05 04:30:00,19.20,4.58,87.94,273.71,73033,5.33,14.01,6.12,85.74,175.9,96,905400,42.3,217510,OK
2026-08-05 04:40:00,19.23,4.65,89.42,288.61,74364,5.50,14.04,6.21,87.18,178.8,99,906000,42.6,215861,OK
2026-08-05 04:50:00,19.41,5.15,99.96,305.27,82132,5.67,14.21,6.86,97.46,199.9,100,906600,44.0,211572,OK
2026-08-05 05:00:00,19.20,4.58,87.94,319.93,72952,5.83,14.01,6.12,85.74,175.9,96,907200,42.3,215859,OK
2026-08-05 05:10:00,19.40,5.12,99.33,336.48,81850,6.00,14.20,6.82,96.85,198.7,100,907800,43.6,222001,OK
2026-08-05 05:20:00,19.28,4.78,92.16,351.84,76268,6.17,14.08,6.38,89.86,184.3,100,908400,42.2,211929,OK
2026-08-05 05:30:00,19.39,5.08,98.50,368.26,80959,6.33,14.19,6.77,96.04,197.0,100,909000,43.9,216224,OK
2026-08-05 05:40:00,19.21,4.62,88.75,383.05,73710,6.50,14.03,6.17,86.53,177.5,98,909600,42.0,217211,OK
2026-08-05 05:50:00,19.23,4.65,89.42,397.95,74243,6.67,14.04,6.21,87.18,178.8,99,910200,42.9,212867,OK
2026-08-05 06:00:00,19.30,4.85,93.60,413.56,77461,6.83,14.11,6.47,91.26,187.2,100,910800,43.2,211944,OK
2026-08-05 06:10:00,19.07,4.26,81.24,427.10,68029,7.00,13.90,5.67,78.88,162.5,85,911400,41.3,214506,OK
2026-08-05 06:20:00,19.09,4.30,82.09,440.78,68591,7.17,13.91,5.74,79.79,164.2,87,912000,41.1,215090,OK
2026-08-05 06:30:00,19.02,4.15,78.93,453.93,66307,7.33,13.86,5.52,76.48,157.9,81,912600,40.8,219884,OK
2026-08-05 06:40:00,19.12,4.38,83.75,467.89,69937,7.50,13.94,5.85,81.49,167.5,89,913200,42.2,214501,OK
2026-08-05 06:50:00,19.17,4.52,86.65,482.33,72140,7.67,13.99,6.04,84.48,173.3,94,913800,42.1,217312,OK
2026-08-05 07:00:00,17.88,2.04,36.48,488.41,32817,7.83,13.12,2.60,34.07,73.0,35,914400,36.3,217012,OK
2026-08-05 07:10:00,17.84,1.99,35.50,494.33,31835,8.00,13.10,2.53,33.12,71.0,34,915000,35.3,224929,OK
2026-08-05 07:20:00,17.78,1.90,33.78,499.96,30412,8.17,13.07,2.41,31.48,67.6,32,915600,35.7,221707,OK
2026-08-05 07:30:00,17.75,1.86,33.02,505.46,29843,8.33,13.05,2.36,30.74,66.0,30,916200,35.3,224004,OK
2026-08-05 07:40:00,17.33,1.37,23.74,509.42,22139,8.50,12.88,1.70,21.91,47.5,18,916800,33.7,213448,OK
2026-08-05 07:50:00,17.66,1.75,30.91,514.57,28077,8.67,13.02,2.21,28.72,61.8,28,917400,35.4,212137,OK
2026-08-05 08:00:00,18.59,3.22,59.86,524.55,51352,8.83,13.53,4.22,57.11,119.7,49,918000,38.6,212875,OK
2026-08-05 08:10:00,18.66,3.36,62.70,535.00,53794,9.00,13.58,4.41,59.94,125.4,54,918600,39.1,215999,OK
2026-08-05 08:20:00,18.59,3.22,59.86,544.97,51430,9.17,13.53,4.22,57.11,119.7,49,919200,38.2,217573,OK
2026-08-05 08:30:00,18.34,2.76,50.62,553.41,44178,9.33,13.37,3.58,47.89,101.2,33,919800,37.7,225901,OK
2026-08-05 08:40:00,18.43,2.91,53.63,562.35,46611,9.50,13.42,3.79,50.89,107.3,38,920400,37.4,223439,OK
2026-08-05 08:50:00,18.30,2.70,49.41,570.58,43055,9.67,13.35,3.50,46.69,98.8,31,921000,36.9,216999,OK
2026-08-05 09:00:00,18.03,2.26,40.75,577.38,36064,9.83,13.20,2.90,38.22,81.5,16,921600,36.9,214873,OK
2026-08-05 09:10:00,18.11,2.38,43.10,584.56,38008,10.00,13.24,3.06,40.51,86.2,20,922200,36.2,212110,OK
2026-08-05 09:20:00,17.92,2.10,37.63,590.83,33471,10.17,13.14,2.68,35.18,75.3,37,922800,35.6,215765,OK
2026-08-05 09:30:00,17.85,2.00,35.70,596.78,32089,10.33,13.10,2.54,33.31,71.4,34,923400,35.9,218454,OK
2026-08-05 09:40:00,17.63,1.71,30.15,601.80,27422,10.50,13.00,2.15,28.01,60.3,27,924000,35.5,225746,OK
2026-08-05 09:50:00,17.49,1.55,27.11,606.32,24979,10.67,12.95,1.94,25.10,54.2,22,924600,34.2,222213,OK
2026-08-05 10:00:00,17.18,1.23,21.13,609.84,19753,10.83,12.83,1.52,19.44,42.3,14,925200,34.3,224438,OK
2026-08-05 10:10:00,16.91,0.99,16.74,612.63,15847,11.00,12.75,1.20,15.35,33.5,0,925800,33.5,220656,OK
2026-08-05 10:20:00,16.70,0.83,13.86,614.94,13448,11.17,12.69,1.00,12.67,27.7,0,926400,32.7,215555,OK
2026-08-05 10:30:00,16.29,0.58,9.45,616.52,9275,11.33,12.60,0.68,8.60,18.9,0,927000,32.2,216659,OK
2026-08-05 10:40:00,15.95,0.42,6.70,617.64,6650,11.50,12.55,0.48,6.08,13.4,0,927600,31.9,220718,OK
2026-08-05 10:50:00,15.36,0.22,3.38,618.20,3509,11.50,12.48,0.25,3.06,6.8,0,928200,31.2,212882,OK
2026-08-05 11:00:00,12.00,0.00,0.00,618.20,282,11.50,12.40,0.00,0.00,0.0,0,928800,31.7,223583,OK
2026-08-05 11:10:00,12.00,0.00,0.00,618.20,93,11.50,12.40,0.00,0.00,0.0,0,929400,30.6,219970,OK
2026-08-05 11:20:00,12.00,0.00,0.00,618.20,105,11.50,12.40,0.00,0.00,0.0,0,930000,31.4,214963,OK
2026-08-05 11:30:00,12.00,0.00,0.00,618.20,99,11.50,12.40,0.00,0.00,0.0,0,930600,31.0,217818,OK
2026-08-05 11:40:00,12.00,0.00,0.00,618.20,14,11.50,12.40,0.00,0.00,0.0,0,931200,31.1,220299,OK
2026-08-05 11:50:00,12.00,0.00,0.00,618.20,36,11.50,12.40,0.00,0.00,0.0,0,931800,30.9,214826,OK
2026-08-05 23:00:00,12.00,0.00,0.00,0.00,180,0.00,12.40,0.00,0.00,0.0,0,972000,31.1,213475,OK
2026-08-05 23:10:00,15.34,0.21,3.22,0.54,3683,0.00,12.48,0.23,2.91,6.4,0,972600,31.7,224665,OK
2026-08-05 23:20:00,16.01,0.44,7.04,1.71,7125,0.17,12.56,0.51,6.39,14.1,0,973200,32.7,217923,OK
2026-08-05 23:30:00,16.38,0.63,10.32,3.43,10194,0.33,12.62,0.74,9.39,20.6,0,973800,32.3,224184,OK
2026-08-05 23:40:00,16.78,0.89,14.93,5.92,14280,0.50,12.71,1.07,13.66,29.9,0,974400,33.6,225227,OK
2026-08-05 23:50:00,17.06,1.12,19.11,9.10,17914,0.67,12.79,1.37,17.56,38.2,12,975000,33.4,213325,OK
2026-08-06 00:00:00,17.34,1.38,23.93,13.09,22117,0.83,12.89,1.71,22.09,47.9,18,975600,34.3,214031,OK
2026-08-06 00:10:00,17.51,1.57,27.49,17.67,25053,1.00,12.95,1.97,25.46,55.0,23,976200,34.7,211399,OK
2026-08-06 00:20:00,17.73,1.84,32.62,23.11,29481,1.17,13.05,2.33,30.37,65.2,30,976800,35.5,225924,OK
2026-08-06 00:30:00,17.76,1.88,33.39,28.67,30113,1.33,13.06,2.38,31.09,66.8,31,977400,35.6,222632,OK
2026-08-06 00:40:00,17.92,2.10,37.63,34.95,33583,1.50,13.14,2.68,35.18,75.3,37,978000,35.9,216453,OK
2026-08-06 00:50:00,18.09,2.35,42.51,42.03,37463,1.67,13.23,3.02,39.92,85.0,19,978600,37.0,222572,OK
2026-08-06 01:00:00,18.23,2.58,47.03,49.87,41213,1.83,13.31,3.33,44.35,94.1,27,979200,36.9,221803,OK
2026-08-06 01:10:00,18.24,2.59,47.24,57.74,41350,2.00,13.31,3.35,44.55,94.5,27,979800,36.8,224142,OK
2026-08-06 01:20:00,18.35,2.77,50.83,66.22,44233,2.17,13.37,3.60,48.09,101.7,33,980400,37.5,219059,OK
2026-08-06 01:30:00,18.55,3.14,58.25,75.92,50020,2.33,13.50,4.11,55.45,116.5,46,981000,38.6,212576,OK
2026-08-06 01:40:00,18.69,3.42,63.92,86.58,54535,2.50,13.60,4.50,61.17,127.8,56,981600,39.4,224488,OK
2026-08-06 01:50:00,18.77,3.59,67.38,97.81,57243,2.67,13.66,4.73,64.68,134.8,62,982200,39.3,225571,OK
2026-08-06 02:00:00,18.87,3.81,71.89,109.79,60809,2.83,13.74,5.04,69.23,143.8,69,982800,40.7,221471,OK
2026-08-06 02:10:00,18.79,3.64,68.40,121.19,58048,3.00,13.68,4.80,65.73,136.8,63,983400,40.2,215282,OK
2026-08-06 02:20:00,18.81,3.66,68.84,132.66,58349,3.17,13.69,4.83,66.16,137.7,64,984000,40.0,223054,OK
2026-08-06 02:30:00,19.06,4.24,80.81,146.13,67654,3.33,13.89,5.65,78.47,161.6,84,984600,41.3,216511,OK
2026-08-06 02:40:00,19.09,4.30,82.09,159.81,68799,3.50,13.91,5.74,79.79,164.2,87,985200,41.1,223387,OK
2026-08-06 02:50:00,19.15,4.47,85.60,174.08,71175,3.67,13.97,5.97,83.37,171.2,93,985800,42.4,219021,OK
2026-08-06 03:00:00,19.19,4.56,87.51,188.66,72841,3.83,14.00,6.09,85.32,175.0,96,986400,42.4,225667,OK
2026-08-06 03:10:00,19.13,4.40,84.17,202.69,70320,4.00,13.95,5.87,81.90,168.3,90,987000,41.5,224359,OK
2026-08-06 03:20:00,19.28,4.80,92.54,218.12,76764,4.17,14.09,6.40,90.23,185.1,100,987600,42.4,222694,OK
2026-08-06 03:30:00,19.17,4.51,86.46,232.53,71946,4.33,13.99,6.03,84.30,172.9,94,988200,42.1,219194,OK
2026-08-06 03:40:00,19.30,4.85,93.60,248.13,77492,4.50,14.11,6.47,91.26,187.2,100,988800,43.0,217854,OK
2026-08-06 03:50:00,19.31,4.88,94.23,263.83,77949,4.67,14.12,6.51,91.87,188.5,100,989400,42.6,223467,OK
2026-08-06 04:00:00,19.42,5.16,100.21,280.53,82435,4.83,14.22,6.87,97.70,200.4,100,990000,43.5,222531,OK
2026-08-06 04:10:00,19.45,5.27,102.50,297.62,84149,5.00,14.25,7.01,99.94,205.0,100,990600,44.5,222669,OK
2026-08-06 04:20:00,19.26,4.73,91.10,312.80,75620,5.17,14.06,6.32,88.82,182.2,100,991200,42.7,223777,OK
2026-08-06 04:30:00,19.39,5.08,98.50,329.22,80975,5.33,14.19,6.77,96.04,197.0,100,991800,43.2,211676,OK
2026-08-06 04:40:00,19.28,4.79,92.35,344.61,76613,5.50,14.09,6.39,90.04,184.7,100,992400,42.2,217461,OK
2026-08-06 04:50:00,19.29,4.82,92.98,360.10,76813,5.67,14.10,6.43,90.66,186.0,100,993000,42.8,219596,OK
2026-08-06 05:00:00,19.43,5.19,100.84,376.91,82672,5.83,14.23,6.91,98.32,201.7,100,993600,44.3,222475,OK
2026-08-06 05:10:00,19.45,5.24,101.92,393.90,83621,6.00,14.25,6.97,99.37,203.8,100,994200,43.5,225812,OK
2026-08-06 05:20:00,19.44,5.22,101.48,410.81,83446,6.17,14.24,6.95,98.94,203.0,100,994800,43.5,225341,OK
2026-08-06 05:30:00,19.26,4.75,91.49,426.06,75978,6.33,14.07,6.34,89.20,183.0,100,995400,42.8,220569,OK
2026-08-06 05:40:00,19.36,5.01,96.99,442.22,80095,6.50,14.16,6.68,94.57,194.0,100,996000,43.6,222146,OK
2026-08-06 05:50:00,19.31,4.88,94.23,457.93,77907,6.67,14.12,6.51,91.87,188.5,100,996600,42.6,211721,OK
2026-08-06 06:00:00,19.26,4.75,91.49,473.18,75745,6.83,14.07,6.34,89.20,183.0,100,997200,42.9,217713,OK
2026-08-06 06:10:00,19.38,5.06,98.06,489.52,80633,7.00,14.18,6.74,95.61,196.1,100,997800,43.6,213110,OK
2026-08-06 06:20:00,19.37,5.04,97.62,505.79,80557,7.17,14.17,6.72,95.18,195.2,100,998400,43.0,214140,OK
2026-08-06 06:30:00,19.19,4.55,87.31,520.34,72617,7.33,14.00,6.08,85.13,174.6,95,999000,42.0,220160,OK
2026-08-06 06:40:00,19.25,4.70,90.48,535.42,74976,7.50,14.06,6.27,88.22,181.0,100,999600,42.2,221216,OK
2026-08-06 06:50:00,19.25,4.72,90.86,550.57,75455,7.67,14.06,6.30,88.59,181.7,100,1000200,42.0,215626,OK
2026-08-06 07:00:00,19.09,4.31,82.28,564.28,68714,7.83,13.92,5.75,79.98,164.6,87,1000800,41.0,225750,OK
2026-08-06 07:10:00,18.99,4.08,77.48,577.19,65046,8.00,13.84,5.42,75.00,155.0,79,1001400,41.4,212626,OK
2026-08-06 07:20:00,18.91,3.90,73.75,589.48,62127,8.17,13.77,5.17,71.17,147.5,72,1002000,40.5,223796,OK
2026-08-06 07:30:00,19.07,4.26,81.24,603.02,68085,8.33,13.90,5.67,78.88,162.5,85,1002600,41.0,212092,OK
2026-08-06 07:40:00,18.98,4.06,77.06,615.87,64757,8.50,13.83,5.39,74.59,154.1,78,1003200,40.6,215738,OK
2026-08-06 07:50:00,18.92,3.90,73.79,628.16,62272,8.67,13.77,5.17,71.21,147.6,72,1003800,40.4,217493,OK
2026-08-06 08:00:00,18.78,3.62,67.98,639.50,57700,8.83,13.67,4.77,65.26,136.0,63,1004400,39.5,222550,OK
2026-08-06 08:10:00,18.68,3.39,63.33,650.05,54194,9.00,13.59,4.46,60.61,126.7,55,1005000,39.1,213616,OK
2026-08-06 08:20:00,18.70,3.44,64.33,660.77,54900,9.17,13.61,4.52,61.56,128.7,56,1005600,39.6,225754,OK
2026-08-06 08:30:00,18.56,3.16,58.65,670.55,50352,9.33,13.51,4.14,55.89,117.3,47,1006200,38.7,217731,OK
2026-08-06 08:40:00,18.41,2.88,53.02,679.38,45982,9.50,13.41,3.75,50.26,106.0,37,1006800,37.9,211232,OK
2026-08-06 08:50:00,18.41,2.87,52.84,688.19,46029,9.67,13.41,3.74,50.09,105.7,37,1007400,37.6,219693,OK
2026-08-06 09:00:00,18.21,2.54,46.25,695.90,40444,9.83,13.29,3.28,43.57,92.5,26,1008000,37.0,217156,OK
2026-08-06 09:10:00,18.09,2.34,42.33,702.95,37437,10.00,13.22,3.01,39.75,84.7,19,1008600,36.1,220495,OK
2026-08-06 09:20:00,17.88,2.04,36.48,709.03,32634,10.17,13.12,2.60,34.07,73.0,35,1009200,35.7,224586,OK
2026-08-06 09:30:00,17.85,2.00,35.70,714.98,31845,10.33,13.10,2.54,33.31,71.4,34,1009800,35.6,221528,OK
2026-08-06 09:40:00,17.58,1.66,29.18,719.85,26550,10.50,12.98,2.09,27.08,58.4,25,1010400,34.9,219904,OK
2026-08-06 09:50:00,17.40,1.45,25.23,724.05,23302,10.67,12.91,1.81,23.31,50.5,20,1011000,34.8,215492,OK
2026-08-06 10:00:00,17.26,1.31,22.61,727.82,21069,10.83,12.86,1.62,20.85,45.2,16,1011600,33.4,221942,OK
2026-08-06 10:10:00,16.97,1.04,17.65,730.76,16899,11.00,12.77,1.27,16.19,35.3,0,1012200,33.6,218458,OK
2026-08-06 10:20:00,16.78,0.89,14.93,733.25,14467,11.17,12.71,1.07,13.66,29.9,0,1012800,32.6,223355,OK
2026-08-06 10:30:00,16.50,0.70,11.55,735.18,11241,11.33,12.65,0.83,10.53,23.1,0,1013400,32.2,225259,OK
2026-08-06 10:40:00,15.98,0.43,6.87,736.32,6917,11.50,12.55,0.50,6.23,13.7,0,1014000,31.5,216367,OK
2026-08-06 10:50:00,15.42,0.23,3.55,736.91,3970,11.50,12.48,0.26,3.21,7.1,0,1014600,31.9,217811,OK
2026-08-06 11:00:00,12.00,0.00,0.00,736.91,269,11.50,12.40,0.00,0.00,0.0,0,1015200,31.1,212304,OK
2026-08-06 11:10:00,12.00,0.00,0.00,736.91,276,11.50,12.40,0.00,0.00,0.0,0,1015800,31.7,220787,OK
2026-08-06 11:20:00,12.00,0.00,0.00,736.91,193,11.50,12.40,0.00,0.00,0.0,0,1016400,31.5,220009,OK
2026-08-06 11:30:00,12.00,0.00,0.00,736.91,223,11.50,12.40,0.00,0.00,0.0,0,1017000,30.9,221292,OK
2026-08-06 11:40:00,12.00,0.00,0.00,736.91,287,11.50,12.40,0.00,0.00,0.0,0,1017600,30.8,213480,OK
2026-08-06 11:50:00,12.00,0.00,0.00,736.91,135,11.50,12.40,0.00,0.00,0.0,0,1018200,31.3,221430,OK
2026-08-06 23:00:00,12.00,0.00,0.00,0.00,84,0.00,12.40,0.00,0.00,0.0,0,1058400,31.5,214072,OK
2026-08-06 23:10:00,15.42,0.23,3.55,0.59,3886,0.00,12.48,0.26,3.21,7.1,0,1059000,31.1,211051,OK
2026-08-06 23:20:00,16.02,0.45,7.21,1.79,7218,0.17,12.56,0.52,6.54,14.4,0,1059600,31.6,225051,OK
2026-08-06 23:30:00,16.39,0.63,10.33,3.51,10112,0.33,12.62,0.75,9.41,20.7,0,1060200,33.0,221593,OK
2026-08-06 23:40:00,16.80,0.90,15.12,6.03,14687,0.50,12.72,1.09,13.83,30.2,0,1060800,33.6,218170,OK
2026-08-06 23:50:00,17.03,1.10,18.73,9.16,17667,0.67,12.79,1.34,17.19,37.5,11,1061400,33.9,221979,OK
2026-08-07 00:00:00,17.24,1.29,22.24,12.86,20713,0.83,12.85,1.59,20.48,44.5,16,1062000,34.1,216476,OK
2026-08-07 00:10:00,17.38,1.43,24.85,17.00,23048,1.00,12.90,1.78,22.96,49.7,19,1062600,34.4,220449,OK
2026-08-07 00:20:00,17.60,1.67,29.39,21.90,26945,1.17,12.99,2.10,27.27,58.8,26,1063200,35.4,212751,OK
2026-08-07 00:30:00,17.81,1.94,34.55,27.66,31039,1.33,13.08,2.46,32.20,69.1,33,1063800,35.5,221969,OK
2026-08-07 00:40:00,18.01,2.23,40.16,34.35,35630,1.50,13.18,2.86,37.63,80.3,15,1064400,36.1,213997,OK
2026-08-07 00:50:00,18.04,2.28,41.13,41.21,36354,1.67,13.20,2.92,38.58,82.3,17,1065000,36.6,220023,OK
2026-08-07 01:00:00,18.25,2.60,47.45,49.12,41716,1.83,13.32,3.36,44.75,94.9,28,1065600,36.9,215635,OK
2026-08-07 01:10:00,18.34,2.76,50.62,57.55,44117,2.00,13.37,3.58,47.89,101.2,33,1066200,37.6,213682,OK
2026-08-07 01:20:00,18.35,2.78,51.01,66.06,44413,2.17,13.38,3.61,48.26,102.0,34,1066800,38.1,222883,OK
2026-08-07 01:30:00,18.59,3.21,59.67,76.00,51267,2.33,13.53,4.21,56.93,119.3,48,1067400,38.4,216194,OK
2026-08-07 01:40:00,18.62,3.28,61.07,86.18,52365,2.50,13.55,4.30,58.32,122.1,51,1068000,38.7,218935,OK
2026-08-07 01:50:00,18.59,3.23,60.05,96.19,51521,2.67,13.53,4.23,57.29,120.1,49,1068600,38.4,218279,OK
2026-08-07 02:00:00,18.84,3.75,70.65,107.96,59885,2.83,13.72,4.95,67.97,141.3,67,1069200,40.4,216933,OK
2026-08-07 02:10:00,18.84,3.73,70.27,119.68,59438,3.00,13.71,4.93,67.60,140.5,66,1069800,40.0,218244,OK
2026-08-07 02:20:00,18.95,3.99,75.61,132.28,63623,3.17,13.80,5.30,73.11,151.2,76,1070400,41.1,217568,OK
2026-08-07 02:30:00,18.91,3.89,73.56,144.54,62205,3.33,13.77,5.16,70.99,147.1,72,1071000,40.1,212816,OK
2026-08-07 02:40:00,19.05,4.23,80.58,157.97,67356,3.50,13.89,5.63,78.16,161.2,84,1071600,41.7,215911,OK
2026-08-07 02:50:00,18.99,4.08,77.48,170.88,65232,3.67,13.84,5.42,75.00,155.0,79,1072200,41.1,221317,OK
2026-08-07 03:00:00,19.04,4.19,79.78,184.18,66882,3.83,13.87,5.58,77.39,159.6,83,1072800,41.0,212663,OK
2026-08-07 03:10:00,19.25,4.73,91.05,199.35,75565,4.00,14.06,6.31,88.77,182.1,100,1073400,42.8,219780,OK
2026-08-07 03:20:00,19.24,4.68,90.04,214.36,74619,4.17,14.05,6.25,87.79,180.1,100,1074000,41.9,212721,OK
2026-08-07 03:30:00,19.17,4.51,86.46,228.77,71798,4.33,13.99,6.03,84.30,172.9,94,1074600,42.0,215323,OK
2026-08-07 03:40:00,19.22,4.63,88.99,243.60,73915,4.50,14.03,6.18,86.77,178.0,98,1075200,41.9,222363,OK
2026-08-07 03:50:00,19.23,4.67,89.80,258.57,74607,4.67,14.04,6.24,87.55,179.6,100,1075800,41.8,217171,OK
2026-08-07 04:00:00,19.38,5.06,98.06,274.91,80651,4.83,14.18,6.74,95.61,196.1,100,1076400,42.9,216303,OK
2026-08-07 04:10:00,19.37,5.02,97.24,291.12,80115,5.00,14.17,6.69,94.81,194.5,100,1077000,42.9,218559,OK
2026-08-07 04:20:00,19.47,5.30,103.19,308.31,84713,5.17,14.27,7.05,100.61,206.4,100,1077600,43.8,217312,OK
2026-08-07 04:30:00,19.27,4.77,91.92,323.63,76236,5.33,14.08,6.37,89.62,183.8,100,1078200,42.7,216085,OK
2026-08-07 04:40:00,19.47,5.33,103.78,340.93,84868,5.50,14.27,7.09,101.19,207.6,100,1078800,43.6,224858,OK
2026-08-07 04:50:00,19.48,5.34,104.02,358.27,85186,5.67,14.28,7.10,101.42,208.0,100,1079400,44.8,213504,OK
2026-08-07 05:00:00,19.44,5.23,101.67,375.21,83444,5.83,14.24,6.96,99.13,203.3,100,1080000,43.7,217474,OK
2026-08-07 05:10:00,19.34,4.96,95.93,391.20,79238,6.00,14.15,6.61,93.53,191.9,100,1080600,43.4,211838,OK
2026-08-07 05:20:00,19.47,5.32,103.58,408.46,84733,6.17,14.27,7.08,100.99,207.2,100,1081200,44.4,224978,OK
2026-08-07 05:30:00,19.38,5.05,97.87,424.78,80583,6.33,14.18,6.73,95.42,195.7,100,1081800,43.8,218286,OK
2026-08-07 05:40:00,19.25,4.72,90.86,439.92,75192,6.50,14.06,6.30,88.59,181.7,100,1082400,42.8,211493,OK
2026-08-07 05:50:00,19.25,4.71,90.67,455.03,75330,6.67,14.06,6.29,88.40,181.3,100,1083000,42.6,213241,OK
2026-08-07 06:00:00,19.34,4.97,96.12,471.05,79384,6.83,14.15,6.62,93.72,192.2,100,1083600,43.1,216903,OK
2026-08-07 06:10:00,19.25,4.73,91.05,486.23,75309,7.00,14.06,6.31,88.77,182.1,100,1084200,42.3,219794,OK
2026-08-07 06:20:00,19.26,4.73,91.10,501.41,75595,7.17,14.07,6.31,88.82,182.2,100,1084800,42.9,221123,OK
2026-08-07 06:30:00,19.23,4.67,89.80,516.38,74550,7.33,14.04,6.24,87.55,179.6,100,1085400,43.0,225233,OK
2026-08-07 06:40:00,19.23,4.66,89.61,531.31,74471,7.50,14.04,6.22,87.37,179.2,99,1086000,42.6,224696,OK
2026-08-07 06:50:00,19.09,4.32,82.47,545.06,69016,7.67,13.92,5.76,80.16,164.9,87,1086600,41.5,212382,OK
2026-08-07 07:00:00,19.09,4.32,82.47,558.80,69016,7.83,13.92,5.76,80.16,164.9,87,1087200,41.1,222883,OK
2026-08-07 07:10:00,19.16,4.48,85.84,573.11,71364,8.00,13.97,5.99,83.69,171.7,93,1087800,41.9,212287,OK
2026-08-07 07:20:00,19.08,4.28,81.66,586.72,68178,8.17,13.90,5.70,79.29,163.3,86,1088400,41.1,216509,OK
2026-08-07 07:30:00,18.95,3.99,75.61,599.32,63773,8.33,13.80,5.30,73.11,151.2,76,1089000,40.6,211538,OK
2026-08-07 07:40:00,18.87,3.79,71.52,611.24,60596,8.50,13.73,5.02,68.87,143.0,69,1089600,40.3,223507,OK
2026-08-07 07:50:00,18.84,3.74,70.46,622.98,59511,8.67,13.71,4.94,67.78,140.9,67,1090200,39.6,225505,OK
2026-08-07 08:00:00,18.69,3.43,64.11,633.67,54627,8.83,13.61,4.51,61.35,128.2,56,1090800,38.9,216666,OK
2026-08-07 08:10:00,18.64,3.31,61.70,643.95,53029,9.00,13.57,4.34,58.92,123.4,52,1091400,39.1,225537,OK
2026-08-07 08:20:00,18.52,3.09,57.23,653.49,49257,9.17,13.49,4.04,54.48,114.5,44,1092000,38.4,218091,OK
2026-08-07 08:30:00,18.46,2.97,54.83,662.63,47454,9.33,13.45,3.87,52.09,109.7,40,1092600,38.1,224417,OK
2026-08-07 08:40:00,18.45,2.95,54.43,671.70,47327,9.50,13.44,3.84,51.65,108.9,40,1093200,38.0,215079,OK
2026-08-07 08:50:00,18.39,2.85,52.41,680.43,45658,9.67,13.40,3.71,49.68,104.8,36,1093800,37.2,221524,OK
2026-08-07 09:00:00,18.17,2.48,45.06,687.94,39552,9.83,13.27,3.20,42.40,90.1,24,1094400,37.0,212916,OK
2026-08-07 09:10:00,18.13,2.41,43.69,695.23,38600,10.00,13.25,3.10,41.07,87.4,21,1095000,36.1,221097,OK
2026-08-07 09:20:00,18.01,2.23,40.16,701.92,35534,10.17,13.18,2.86,37.63,80.3,15,1095600,36.7,211737,OK
2026-08-07 09:30:00,17.87,2.03,36.28,707.97,32564,10.33,13.11,2.59,33.89,72.6,35,1096200,36.2,218211,OK
2026-08-07 09:40:00,17.72,1.82,32.25,713.34,29294,10.50,13.04,2.30,29.99,64.5,29,1096800,35.4,216883,OK
2026-08-07 09:50:00,17.52,1.59,27.86,717.98,25489,10.67,12.96,1.99,25.80,55.7,23,1097400,34.6,221998,OK
2026-08-07 10:00:00,17.31,1.35,23.37,721.88,21809,10.83,12.88,1.67,21.57,46.7,17,1098000,34.0,223625,OK
2026-08-07 10:10:00,17.03,1.09,18.56,724.97,17459,11.00,12.78,1.33,17.04,37.1,11,1098600,33.9,221791,OK
2026-08-07 10:20:00,16.78,0.89,14.93,727.46,14364,11.17,12.71,1.07,13.66,29.9,0,1099200,32.8,211434,OK
2026-08-07 10:30:00,16.50,0.70,11.55,729.39,11157,11.33,12.65,0.83,10.53,23.1,0,1099800,32.6,217123,OK
2026-08-07 10:40:00,15.96,0.42,6.70,730.50,6961,11.50,12.55,0.48,6.08,13.4,0,1100400,32.2,213612,OK
2026-08-07 10:50:00,15.39,0.23,3.54,731.09,3765,11.50,12.48,0.26,3.20,7.1,0,1101000,31.2,219907,OK
2026-08-07 11:00:00,12.00,0.00,0.00,731.09,154,11.50,12.40,0.00,0.00,0.0,0,1101600,31.0,216316,OK
2026-08-07 11:10:00,12.00,0.00,0.00,731.09,12,11.50,12.40,0.00,0.00,0.0,0,1102200,30.7,211662,OK
2026-08-07 11:20:00,12.00,0.00,0.00,731.09,277,11.50,12.40,0.00,0.00,0.0,0,1102800,30.7,219064,OK
2026-08-07 11:30:00,12.00,0.00,0.00,731.09,106,11.50,12.40,0.00,0.00,0.0,0,1103400,30.8,221223,OK
2026-08-07 11:40:00,12.00,0.00,0.00,731.09,281,11.50,12.40,0.00,0.00,0.0,0,1104000,30.7,221518,OK
2026-08-07 11:50:00,12.00,0.00,0.00,731.09,291,11.50,12.40,0.00,0.00,0.0,0,1104600,31.6,214426,OK
2026-08-07 23:00:00,12.00,0.00,0.00,0.00,72,0.00,12.40,0.00,0.00,0.0,0,1144800,31.5,216608,OK
2026-08-07 23:10:00,15.32,0.21,3.22,0.54,3415,0.00,12.47,0.23,2.91,6.4,0,1145400,31.5,224144,OK
2026-08-07 23:20:00,15.97,0.42,6.71,1.65,6980,0.17,12.55,0.49,6.09,13.4,0,1146000,31.7,223411,OK
2026-08-07 23:30:00,16.42,0.65,10.67,3.43,10664,0.33,12.63,0.77,9.72,21.3,0,1146600,33.1,223583,OK
2026-08-07 23:40:00,16.74,0.86,14.40,5.83,13960,0.50,12.70,1.04,13.16,28.8,0,1147200,33.3,218754,OK
2026-08-07 23:50:00,17.06,1.12,19.11,9.02,17967,0.67,12.79,1.37,17.56,38.2,12,1147800,33.8,213014,OK
2026-08-08 00:00:00,17.23,1.28,22.05,12.69,20623,0.83,12.85,1.58,20.31,44.1,16,1148400,33.7,216420,OK
2026-08-08 00:10:00,17.49,1.55,27.11,17.21,24749,1.00,12.94,1.94,25.10,54.2,22,1149000,34.6,220835,OK
2026-08-08 00:20:00,17.61,1.69,29.76,22.17,26976,1.17,12.99,2.13,27.62,59.5,26,1149600,34.9,211288,OK
2026-08-08 00:30:00,17.74,1.85,32.82,27.64,29712,1.33,13.05,2.34,30.56,65.6,30,1150200,35.3,214698,OK
2026-08-08 00:40:00,17.88,2.04,36.48,33.72,32442,1.50,13.12,2.60,34.07,73.0,35,1150800,35.8,223459,OK
2026-08-08 00:50:00,18.09,2.34,42.33,40.78,37346,1.67,13.22,3.01,39.75,84.7,19,1151400,36.4,221110,OK
2026-08-08 01:00:00,18.16,2.46,44.67,48.22,39429,1.83,13.27,3.17,42.03,89.3,23,1152000,36.2,213762,OK
2026-08-08 01:10:00,18.30,2.68,49.04,56.39,42730,2.00,13.34,3.47,46.34,98.1,30,1152600,37.5,217436,OK
2026-08-08 01:20:00,18.45,2.96,54.61,65.50,47192,2.17,13.44,3.86,51.82,109.2,40,1153200,38.2,216426,OK
2026-08-08 01:30:00,18.45,2.96,54.61,74.60,47133,2.33,13.44,3.86,51.82,109.2,40,1153800,38.3,212331,OK
2026-08-08 01:40:00,18.64,3.31,61.70,84.88,52885,2.50,13.57,4.34,58.92,123.4,52,1154400,38.5,222728,OK
2026-08-08 01:50:00,18.78,3.61,67.80,96.18,57660,2.67,13.67,4.76,65.09,135.6,62,1155000,39.5,211857,OK
2026-08-08 02:00:00,18.82,3.68,69.26,107.72,58799,2.83,13.70,4.86,66.56,138.5,65,1155600,39.8,221635,OK
2026-08-08 02:10:00,18.75,3.55,66.56,118.82,56545,3.00,13.65,4.68,63.83,133.1,60,1156200,39.2,213631,OK
2026-08-08 02:20:00,19.01,4.12,78.32,131.87,65862,3.17,13.85,5.48,75.89,156.6,80,1156800,41.5,216794,OK
2026-08-08 02:30:00,19.08,4.28,81.66,145.48,68215,3.33,13.91,5.70,79.29,163.3,86,1157400,41.2,213761,OK
2026-08-08 02:40:00,19.02,4.14,78.74,158.61,66025,3.50,13.86,5.51,76.30,157.5,81,1158000,40.8,221834,OK
2026-08-08 02:50:00,19.18,4.52,86.69,173.05,72090,3.67,13.99,6.04,84.52,173.4,94,1158600,42.0,223275,OK
2026-08-08 03:00:00,19.16,4.49,86.03,187.39,71738,3.83,13.98,6.00,83.88,172.1,93,1159200,41.6,225857,OK
2026-08-08 03:10:00,19.23,4.65,89.42,202.30,74382,4.00,14.04,6.21,87.18,178.8,99,1159800,42.1,218160,OK
2026-08-08 03:20:00,19.18,4.52,86.69,216.74,72335,4.17,13.99,6.04,84.52,173.4,94,1160400,41.6,225601,OK
2026-08-08 03:30:00,19.13,4.42,84.55,230.84,70543,4.33,13.95,5.90,82.35,169.1,91,1161000,42.0,212093,OK
2026-08-08 03:40:00,19.23,4.66,89.61,245.77,74302,4.50,14.04,6.22,87.37,179.2,99,1161600,41.8,218941,OK
2026-08-08 03:50:00,19.32,4.89,94.47,261.51,78000,4.67,14.12,6.52,92.11,188.9,100,1162200,43.4,217611,OK
2026-08-08 04:00:00,19.43,5.20,101.04,278.35,82929,4.83,14.23,6.92,98.51,202.1,100,1162800,44.1,222594,OK
2026-08-08 04:10:00,19.45,5.25,102.11,295.37,83913,5.00,14.25,6.99,99.56,204.2,100,1163400,44.4,211936,OK
2026-08-08 04:20:00,19.30,4.84,93.41,310.94,77256,5.17,14.10,6.46,91.07,186.8,100,1164000,42.6,223595,OK
2026-08-08 04:30:00,19.28,4.80,92.54,326.36,76467,5.33,14.09,6.40,90.23,185.1,100,1164600,42.3,212451,OK
2026-08-08 04:40:00,19.43,5.20,101.04,343.20,83013,5.50,14.23,6.92,98.51,202.1,100,1165200,43.8,217416,OK
2026-08-08 04:50:00,19.48,5.33,103.83,360.51,85038,5.67,14.28,7.09,101.23,207.7,100,1165800,43.8,216652,OK
2026-08-08 05:00:00,19.49,5.37,104.66,377.95,85828,5.83,14.29,7.14,102.04,209.3,100,1166400,44.8,220171,OK
2026-08-08 05:10:00,19.35,4.99,96.56,394.05,79515,6.00,14.15,6.65,94.15,193.1,100,1167000,43.0,213779,OK
2026-08-08 05:20:00,19.28,4.79,92.35,409.44,76517,6.17,14.09,6.39,90.04,184.7,100,1167600,43.2,212171,OK
2026-08-08 05:30:00,19.48,5.33,103.83,426.74,85029,6.33,14.28,7.09,101.23,207.7,100,1168200,44.6,218550,OK
2026-08-08 05:40:00,19.39,5.08,98.50,443.16,81067,6.50,14.19,6.77,96.04,197.0,100,1168800,43.2,224631,OK
2026-08-08 05:50:00,19.41,5.14,99.77,459.79,82154,6.67,14.21,6.85,97.28,199.5,100,1169400,43.4,217187,OK
2026-08-08 06:00:00,19.25,4.72,90.86,474.93,75399,6.83,14.06,6.30,88.59,181.7,100,1170000,42.1,216873,OK
2026-08-08 06:10:00,19.33,4.93,95.30,490.81,78882,7.00,14.14,6.57,92.92,190.6,100,1170600,42.8,211586,OK
2026-08-08 06:20:00,19.33,4.93,95.30,506.70,78670,7.17,14.13,6.58,92.92,190.6,100,1171200,43.1,213310,OK
2026-08-08 06:30:00,19.32,4.91,94.86,522.51,78423,7.33,14.13,6.55,92.49,189.7,100,1171800,42.7,222518,OK
2026-08-08 06:40:00,19.24,4.68,90.04,537.51,74665,7.50,14.05,6.25,87.79,180.1,100,1172400,42.7,224307,OK
2026-08-08 06:50:00,19.23,4.66,89.61,552.45,74410,7.67,14.04,6.22,87.37,179.2,99,1173000,42.6,211401,OK
2026-08-08 07:00:00,19.21,4.61,88.56,567.21,73628,7.83,14.02,6.16,86.35,177.1,98,1173600,42.5,216510,OK
2026-08-08 07:10:00,19.09,4.31,82.28,580.92,68785,8.00,13.92,5.75,79.98,164.6,87,1174200,41.5,225143,OK
2026-08-08 07:20:00,19.09,4.31,82.28,594.64,68896,8.17,13.92,5.75,79.98,164.6,87,1174800,41.3,224761,OK
2026-08-08 07:30:00,18.99,4.07,77.29,607.52,64912,8.33,13.83,5.41,74.82,154.6,78,1175400,40.5,220922,OK
2026-08-08 07:40:00,18.88,3.83,72.31,619.57,61172,8.50,13.75,5.07,69.71,144.6,70,1176000,40.5,211562,OK
2026-08-08 07:50:00,18.81,3.67,69.03,631.07,58474,8.67,13.69,4.85,66.34,138.1,64,1176600,40.3,219037,OK
2026-08-08 08:00:00,18.75,3.55,66.56,642.17,56743,8.83,13.65,4.68,63.83,133.1,60,1177200,40.0,223314,OK
2026-08-08 08:10:00,18.62,3.27,60.89,652.32,52235,9.00,13.55,4.29,58.09,121.8,51,1177800,38.7,212106,OK
2026-08-08 08:20:00,18.52,3.08,57.04,661.82,49179,9.17,13.48,4.02,54.25,114.1,44,1178400,38.0,213631,OK
2026-08-08 08:30:00,18.53,3.10,57.44,671.40,49646,9.33,13.49,4.05,54.68,114.9,45,1179000,37.9,225204,OK
2026-08-08 08:40:00,18.52,3.09,57.23,680.93,49261,9.50,13.49,4.03,54.43,114.5,44,1179600,38.6,211676,OK
2026-08-08 08:50:00,18.37,2.82,51.80,689.57,45140,9.67,13.39,3.66,49.05,103.6,35,1180200,38.1,219990,OK
2026-08-08 09:00:00,18.13,2.41,43.69,696.85,38596,9.83,13.25,3.10,41.07,87.4,21,1180800,37.2,220638,OK
2026-08-08 09:10:00,18.04,2.27,40.95,703.67,36313,10.00,13.20,2.91,38.41,81.9,17,1181400,36.4,217113,OK
2026-08-08 09:20:00,17.87,2.03,36.28,709.72,32471,10.17,13.11,2.59,33.89,72.6,35,1182000,36.3,223868,OK
2026-08-08 09:30:00,17.87,2.02,36.10,715.74,32295,10.33,13.11,2.57,33.72,72.2,35,1182600,35.8,217489,OK
2026-08-08 09:40:00,17.56,1.63,28.62,720.51,25943,10.50,12.97,2.05,26.53,57.2,24,1183200,34.4,224808,OK
2026-08-08 09:50:00,17.38,1.43,24.85,724.65,22814,10.67,12.90,1.78,22.96,49.7,19,1183800,34.6,223966,OK
2026-08-08 10:00:00,17.30,1.35,23.36,728.54,21549,10.83,12.87,1.67,21.54,46.7,17,1184400,33.6,219538,OK
2026-08-08 10:10:00,17.05,1.11,18.93,731.70,17742,11.00,12.79,1.36,17.38,37.9,11,1185000,33.7,212634,OK
2026-08-08 10:20:00,16.82,0.92,15.47,734.28,14797,11.17,12.72,1.11,14.16,30.9,0,1185600,33.0,219056,OK
2026-08-08 10:30:00,16.48,0.69,11.37,736.17,11150,11.33,12.64,0.82,10.36,22.7,0,1186200,32.3,224197,OK
2026-08-08 10:40:00,16.06,0.46,7.39,737.40,7471,11.50,12.56,0.53,6.71,14.8,0,1186800,31.9,213001,OK
2026-08-08 10:50:00,15.39,0.23,3.54,737.99,3818,11.50,12.48,0.26,3.20,7.1,0,1187400,31.4,216650,OK
2026-08-08 11:00:00,12.00,0.00,0.00,737.99,193,11.50,12.40,0.00,0.00,0.0,0,1188000,31.8,213979,OK
2026-08-08 11:10:00,12.00,0.00,0.00,737.99,74,11.50,12.40,0.00,0.00,0.0,0,1188600,31.2,224731,OK
2026-08-08 11:20:00,12.00,0.00,0.00,737.99,247,11.50,12.40,0.00,0.00,0.0,0,1189200,31.6,218521,OK
2026-08-08 11:30:00,12.00,0.00,0.00,737.99,292,11.50,12.40,0.00,0.00,0.0,0,1189800,31.1,211426,OK
2026-08-08 11:40:00,12.00,0.00,0.00,737.99,252,11.50,12.40,0.00,0.00,0.0,0,1190400,31.0,217909,OK
2026-08-08 11:50:00,12.00,0.00,0.00,737.99,84,11.50,12.40,0.00,0.00,0.0,0,1191000,31.2,216341,OK
2026-08-08 23:00:00,12.00,0.00,0.00,0.00,35,0.00,12.40,0.00,0.00,0.0,0,1231200,30.6,217075,OK
2026-08-08 23:10:00,15.38,0.22,3.38,0.56,3646,0.00,12.48,0.25,3.06,6.8,0,1231800,31.9,224781,OK
2026-08-08 23:20:00,16.04,0.45,7.22,1.77,7327,0.17,12.56,0.52,6.56,14.4,0,1232400,31.7,212240,OK
2026-08-08 23:30:00,16.39,0.63,10.33,3.49,10233,0.33,12.62,0.75,9.41,20.7,0,1233000,32.5,215367,OK
2026-08-08 23:40:00,16.79,0.90,15.11,6.01,14635,0.50,12.72,1.09,13.83,30.2,0,1233600,32.7,215471,OK
2026-08-08 23:50:00,16.97,1.04,17.65,8.95,16651,0.67,12.77,1.27,16.19,35.3,0,1234200,33.6,212346,OK
2026-08-09 00:00:00,17.24,1.28,22.07,12.63,20563,0.83,12.85,1.58,20.33,44.1,16,1234800,33.6,214401,OK
2026-08-09 00:10:00,17.46,1.51,26.36,17.02,24236,1.00,12.93,1.89,24.38,52.7,21,1235400,34.8,215082,OK
2026-08-09 00:20:00,17.64,1.72,30.34,22.08,27684,1.17,13.01,2.17,28.19,60.7,27,1236000,35.0,218376,OK
2026-08-09 00:30:00,17.88,2.03,36.30,28.13,32450,1.33,13.12,2.58,33.90,72.6,35,1236600,35.7,216389,OK
2026-08-09 00:40:00,17.86,2.02,36.08,34.14,32371,1.50,13.11,2.57,33.70,72.2,35,1237200,35.7,216224,OK
2026-08-09 00:50:00,18.12,2.40,43.49,41.39,38367,1.67,13.24,3.09,40.88,87.0,21,1237800,37.2,225491,OK
2026-08-09 01:00:00,18.30,2.69,49.23,49.59,43098,1.83,13.35,3.48,46.52,98.5,31,1238400,37.5,221803,OK
2026-08-09 01:10:00,18.23,2.57,46.85,57.40,41262,2.00,13.31,3.32,44.18,93.7,27,1239000,37.7,220142,OK
2026-08-09 01:20:00,18.34,2.76,50.62,65.84,44273,2.17,13.37,3.58,47.89,101.2,33,1239600,37.6,219402,OK
2026-08-09 01:30:00,18.59,3.22,59.86,75.81,51593,2.33,13.53,4.22,57.11,119.7,49,1240200,38.8,217598,OK
2026-08-09 01:40:00,18.57,3.17,58.87,85.63,50606,2.50,13.52,4.15,56.10,117.7,47,1240800,38.4,211791,OK
2026-08-09 01:50:00,18.75,3.53,66.19,96.66,56448,2.67,13.64,4.65,63.48,132.4,60,1241400,39.8,225559,OK
2026-08-09 02:00:00,18.73,3.50,65.56,107.58,55691,2.83,13.63,4.61,62.81,131.1,58,1242000,39.9,211552,OK
2026-08-09 02:10:00,18.73,3.51,65.74,118.54,55994,3.00,13.63,4.62,62.98,131.5,59,1242600,39.2,214580,OK
2026-08-09 02:20:00,18.89,3.85,72.73,130.66,61377,3.17,13.76,5.10,70.11,145.5,71,1243200,40.1,218696,OK
2026-08-09 02:30:00,19.05,4.21,80.20,144.03,67272,3.33,13.88,5.60,77.79,160.4,83,1243800,41.7,223239,OK
2026-08-09 02:40:00,19.08,4.30,82.04,157.70,68603,3.50,13.91,5.73,79.74,164.1,86,1244400,41.1,220148,OK
2026-08-09 02:50:00,19.14,4.44,84.98,171.87,70814,3.67,13.96,5.93,82.77,170.0,91,1245000,41.6,223254,OK
2026-08-09 03:00:00,19.01,4.12,78.32,184.92,65910,3.83,13.85,5.48,75.89,156.6,80,1245600,41.0,212226,OK
2026-08-09 03:10:00,19.06,4.24,80.81,198.39,67609,4.00,13.89,5.65,78.47,161.6,84,1246200,41.7,212808,OK
2026-08-09 03:20:00,19.29,4.83,93.17,213.92,77146,4.17,14.10,6.44,90.84,186.3,100,1246800,42.5,221568,OK
2026-08-09 03:30:00,19.28,4.79,92.35,229.31,76577,4.33,14.09,6.39,90.04,184.7,100,1247400,42.3,221225,OK
2026-08-09 03:40:00,19.33,4.93,95.30,245.19,78522,4.50,14.13,6.58,92.92,190.6,100,1248000,43.0,219820,OK
2026-08-09 03:50:00,19.24,4.69,90.24,260.23,74671,4.67,14.05,6.26,87.98,180.5,100,1248600,43.0,218676,OK
2026-08-09 04:00:00,19.40,5.11,99.13,276.75,81470,4.83,14.20,6.81,96.65,198.3,100,1249200,43.9,221088,OK
2026-08-09 04:10:00,19.40,5.11,99.13,293.27,81313,5.00,14.20,6.81,96.65,198.3,100,1249800,43.9,223998,OK
2026-08-09 04:20:00,19.38,5.05,97.87,309.59,80740,5.17,14.18,6.73,95.42,195.7,100,1250400,43.4,217582,OK
2026-08-09 04:30:00,19.32,4.89,94.47,325.33,78111,5.33,14.12,6.52,92.11,188.9,100,1251000,43.5,216935,OK
2026-08-09 04:40:00,19.46,5.29,102.94,342.49,84389,5.50,14.26,7.04,100.37,205.9,100,1251600,44.3,221072,OK
2026-08-09 04:50:00,19.47,5.32,103.58,359.75,84797,5.67,14.27,7.08,100.99,207.2,100,1252200,44.6,216729,OK
2026-08-09 05:00:00,19.35,4.97,96.17,375.78,79500,5.83,14.15,6.63,93.77,192.3,100,1252800,43.3,219672,OK
2026-08-09 05:10:00,19.42,5.17,100.40,392.51,82313,6.00,14.22,6.88,97.89,200.8,100,1253400,44.0,211236,OK
2026-08-09 05:20:00,19.34,4.96,95.93,408.50,79095,6.17,14.14,6.61,93.53,191.9,100,1254000,42.6,219311,OK
2026-08-09 05:30:00,19.42,5.16,100.21,425.20,82522,6.33,14.22,6.87,97.70,200.4,100,1254600,43.3,211002,OK
2026-08-09 05:40:00,19.46,5.29,102.94,442.36,84202,6.50,14.26,7.04,100.37,205.9,100,1255200,43.6,221164,OK
2026-08-09 05:50:00,19.43,5.21,101.23,459.23,83039,6.67,14.23,6.94,98.70,202.5,100,1255800,43.5,218721,OK
2026-08-09 06:00:00,19.39,5.08,98.50,475.65,81142,6.83,14.19,6.77,96.04,197.0,100,1256400,43.6,220628,OK
2026-08-09 06:10:00,19.41,5.14,99.77,492.28,81975,7.00,14.21,6.85,97.28,199.5,100,1257000,44.0,217572,OK
2026-08-09 06:20:00,19.29,4.82,92.98,507.77,77036,7.17,14.10,6.43,90.66,186.0,100,1257600,43.2,218584,OK
2026-08-09 06:30:00,19.34,4.96,95.93,523.76,79277,7.33,14.14,6.61,93.53,191.9,100,1258200,43.4,223184,OK
2026-08-09 06:40:00,19.18,4.53,86.89,538.24,72241,7.50,13.99,6.06,84.72,173.8,95,1258800,42.0,217125,OK
2026-08-09 06:50:00,19.15,4.46,85.41,552.48,71221,7.67,13.97,5.95,83.19,170.8,92,1259400,42.2,217412,OK
2026-08-09 07:00:00,19.24,4.68,90.04,567.49,74744,7.83,14.05,6.25,87.79,180.1,100,1260000,42.9,217501,OK
2026-08-09 07:10:00,19.03,4.17,79.36,580.71,66473,8.00,13.87,5.54,76.90,158.7,82,1260600,41.2,220125,OK
2026-08-09 07:20:00,19.07,4.27,81.43,594.28,68043,8.17,13.90,5.69,79.07,162.9,85,1261200,40.9,222137,OK
2026-08-09 07:30:00,18.97,4.03,76.45,607.03,64317,8.33,13.82,5.35,73.93,152.9,77,1261800,40.5,214880,OK
2026-08-09 07:40:00,18.88,3.83,72.31,619.08,61204,8.50,13.75,5.07,69.71,144.6,70,1262400,40.2,214949,OK
2026-08-09 07:50:00,18.81,3.67,69.03,630.58,58438,8.67,13.69,4.85,66.34,138.1,64,1263000,39.4,217400,OK
2026-08-09 08:00:00,18.72,3.49,65.33,641.47,55717,8.83,13.63,4.59,62.59,130.7,58,1263600,38.9,224664,OK
2026-08-09 08:10:00,18.80,3.64,68.43,652.88,57986,9.00,13.68,4.81,65.76,136.9,63,1264200,39.2,218030,OK
2026-08-09 08:20:00,18.51,3.07,56.83,662.35,48993,9.17,13.48,4.01,54.05,113.7,44,1264800,38.6,216218,OK
2026-08-09 08:30:00,18.52,3.09,57.23,671.88,49418,9.33,13.49,4.03,54.43,114.5,44,1265400,37.8,219725,OK
2026-08-09 08:40:00,18.52,3.08,57.04,681.39,49210,9.50,13.48,4.02,54.25,114.1,44,1266000,38.6,222304,OK
2026-08-09 08:50:00,18.25,2.61,47.63,689.33,41744,9.67,13.32,3.37,44.92,95.3,28,1266600,36.9,219660,OK
2026-08-09 09:00:00,18.27,2.63,48.05,697.34,42194,9.83,13.33,3.40,45.36,96.1,29,1267200,36.8,225225,OK
2026-08-09 09:10:00,18.03,2.26,40.75,704.13,36028,10.00,13.19,2.90,38.22,81.5,16,1267800,36.8,215726,OK
2026-08-09 09:20:00,17.94,2.13,38.21,710.50,34121,10.17,13.15,2.72,35.73,76.4,38,1268400,35.9,216456,OK
2026-08-09 09:30:00,17.81,1.95,34.73,716.29,31298,10.33,13.09,2.47,32.37,69.5,33,1269000,35.3,222676,OK
2026-08-09 09:40:00,17.56,1.63,28.62,721.06,26023,10.50,12.97,2.05,26.53,57.2,24,1269600,34.5,216578,OK
2026-08-09 09:50:00,17.50,1.56,27.30,725.61,24992,10.67,12.95,1.95,25.28,54.6,23,1270200,34.3,225703,OK
2026-08-09 10:00:00,17.20,1.25,21.50,729.19,19888,10.83,12.84,1.54,19.80,43.0,15,1270800,34.2,212787,OK
2026-08-09 10:10:00,17.04,1.10,18.74,732.31,17754,11.00,12.79,1.34,17.20,37.5,11,1271400,33.5,215008,OK
2026-08-09 10:20:00,16.70,0.83,13.86,734.62,13329,11.17,12.69,1.00,12.67,27.7,0,1272000,32.5,214547,OK
2026-08-09 10:30:00,16.39,0.64,10.49,736.37,10303,11.33,12.62,0.76,9.56,21.0,0,1272600,33.0,216255,OK
2026-08-09 10:40:00,16.04,0.45,7.22,737.57,7418,11.50,12.56,0.52,6.56,14.4,0,1273200,31.8,221892,OK
2026-08-09 10:50:00,15.43,0.24,3.70,738.19,3838,11.50,12.48,0.27,3.34,7.4,0,1273800,31.1,216458,OK
2026-08-09 11:00:00,12.00,0.00,0.00,738.19,297,11.50,12.40,0.00,0.00,0.0,0,1274400,31.1,222374,OK
2026-08-09 11:10:00,12.00,0.00,0.00,738.19,160,11.50,12.40,0.00,0.00,0.0,0,1275000,31.1,225582,OK
2026-08-09 11:20:00,12.00,0.00,0.00,738.19,234,11.50,12.40,0.00,0.00,0.0,0,1275600,30.7,215302,OK
2026-08-09 11:30:00,12.00,0.00,0.00,738.19,144,11.50,12.40,0.00,0.00,0.0,0,1276200,30.7,217227,OK
2026-08-09 11:40:00,12.00,0.00,0.00,738.19,49,11.50,12.40,0.00,0.00,0.0,0,1276800,30.8,220116,OK
2026-08-09 11:50:00,12.00,0.00,0.00,738.19,83,11.50,12.40,0.00,0.00,0.0,0,1277400,31.1,212160,OK
2026-08-09 23:00:00,12.00,0.00,0.00,0.00,240,0.00,12.40,0.00,0.00,0.0,0,1317600,30.7,215228,OK
2026-08-09 23:10:00,15.35,0.22,3.38,0.56,3688,0.00,12.48,0.25,3.06,6.8,0,1318200,31.2,215582,OK
2026-08-09 23:20:00,16.07,0.47,7.55,1.82,7473,0.17,12.56,0.55,6.86,15.1,0,1318800,32.3,217316,OK
2026-08-09 23:30:00,16.47,0.68,11.20,3.69,11135,0.33,12.64,0.81,10.20,22.4,0,1319400,33.1,217083,OK
2026-08-09 23:40:00,16.79,0.90,15.11,6.21,14439,0.50,12.72,1.09,13.83,30.2,0,1320000,33.5,223916,OK
2026-08-09 23:50:00,17.08,1.13,19.30,9.42,18138,0.67,12.80,1.39,17.74,38.6,12,1320600,33.4,214305,OK
2026-08-10 00:00:00,17.34,1.39,24.10,13.44,22293,0.83,12.89,1.73,22.24,48.2,18,1321200,33.9,218767,OK
2026-08-10 00:10:00,17.44,1.50,26.16,17.80,23846,1.00,12.93,1.87,24.20,52.3,21,1321800,34.4,214129,OK
2026-08-10 00:20:00,17.67,1.77,31.28,23.01,28324,1.17,13.02,2.23,29.06,62.6,28,1322400,35.1,214138,OK
2026-08-10 00:30:00,17.88,2.04,36.48,29.09,32702,1.33,13.12,2.60,34.07,73.0,35,1323000,35.9,224558,OK
2026-08-10 00:40:00,17.90,2.06,36.87,35.24,33100,1.50,13.13,2.62,34.44,73.7,36,1323600,35.4,218833,OK
2026-08-10 00:50:00,18.13,2.41,43.69,42.52,38433,1.67,13.25,3.10,41.07,87.4,21,1324200,36.7,219885,OK
2026-08-10 01:00:00,18.26,2.62,47.84,50.49,41709,1.83,13.32,3.39,45.16,95.7,28,1324800,37.6,214179,OK
2026-08-10 01:10:00,18.29,2.68,49.02,58.66,42667,2.00,13.34,3.47,46.32,98.0,30,1325400,36.7,213140,OK
2026-08-10 01:20:00,18.48,3.02,55.81,67.97,48161,2.17,13.46,3.94,53.02,111.6,42,1326000,38.7,225644,OK
2026-08-10 01:30:00,18.53,3.10,57.44,77.54,49508,2.33,13.49,4.05,54.68,114.9,45,1326600,38.0,216016,OK
2026-08-10 01:40:00,18.65,3.33,62.10,87.89,53144,2.50,13.57,4.38,59.37,124.2,53,1327200,39.3,225635,OK
2026-08-10 01:50:00,18.73,3.51,65.74,98.84,55992,2.67,13.63,4.62,62.98,131.5,59,1327800,39.7,214568,OK
2026-08-10 02:00:00,18.70,3.43,64.14,109.53,54629,2.83,13.61,4.51,61.38,128.3,56,1328400,38.9,220673,OK
2026-08-10 02:10:00,18.88,3.83,72.31,121.59,61143,3.00,13.75,5.07,69.71,144.6,70,1329000,40.7,222143,OK
2026-08-10 02:20:00,18.81,3.67,69.03,133.09,58436,3.17,13.69,4.85,66.34,138.1,64,1329600,39.3,220176,OK
2026-08-10 02:30:00,19.07,4.26,81.24,146.63,67849,3.33,13.90,5.67,78.88,162.5,85,1330200,41.6,225203,OK
2026-08-10 02:40:00,19.04,4.20,79.97,159.96,67021,3.50,13.88,5.59,77.57,159.9,83,1330800,41.4,222359,OK
2026-08-10 02:50:00,18.98,4.06,77.06,172.80,64914,3.67,13.83,5.39,74.59,154.1,78,1331400,40.5,212706,OK
2026-08-10 03:00:00,19.12,4.38,83.75,186.76,69855,3.83,13.94,5.85,81.49,167.5,89,1332000,41.4,222526,OK
2026-08-10 03:10:00,19.28,4.79,92.35,202.15,76372,4.00,14.09,6.39,90.04,184.7,100,1332600,42.4,220294,OK
2026-08-10 03:20:00,19.29,4.81,92.78,217.62,76844,4.17,14.09,6.42,90.46,185.6,100,1333200,43.0,223206,OK
2026-08-10 03:30:00,19.21,4.62,88.75,232.41,73866,4.33,14.03,6.17,86.53,177.5,98,1333800,42.4,217855,OK
2026-08-10 03:40:00,19.30,4.85,93.60,248.01,77320,4.50,14.11,6.47,91.26,187.2,100,1334400,43.0,222959,OK
2026-08-10 03:50:00,19.23,4.65,89.42,262.91,74414,4.67,14.04,6.21,87.18,178.8,99,1335000,42.7,217408,OK
2026-08-10 04:00:00,19.41,5.14,99.77,279.54,82181,4.83,14.21,6.85,97.28,199.5,100,1335600,43.9,222482,OK
2026-08-10 04:10:00,19.29,4.82,92.98,295.04,76802,5.00,14.10,6.43,90.66,186.0,100,1336200,42.9,223298,OK
2026-08-10 04:20:00,19.30,4.86,93.80,310.67,77521,5.17,14.11,6.48,91.45,187.6,100,1336800,42.6,216111,OK
2026-08-10 04:30:00,19.31,4.88,94.23,326.37,77783,5.33,14.12,6.51,91.87,188.5,100,1337400,43.3,218925,OK
2026-08-10 04:40:00,19.30,4.85,93.60,341.97,77360,5.50,14.11,6.47,91.26,187.2,100,1338000,43.1,217774,OK
2026-08-10 04:50:00,19.44,5.22,101.48,358.89,83403,5.67,14.24,6.95,98.94,203.0,100,1338600,43.6,218759,OK
2026-08-10 05:00:00,19.34,4.97,96.12,374.91,79200,5.83,14.15,6.62,93.72,192.2,100,1339200,43.5,214756,OK
2026-08-10 05:10:00,19.30,4.85,93.60,390.51,77413,6.00,14.11,6.47,91.26,187.2,100,1339800,42.3,224119,OK
2026-08-10 05:20:00,19.45,5.25,102.11,407.53,83731,6.17,14.25,6.99,99.56,204.2,100,1340400,43.8,218231,OK
2026-08-10 05:30:00,19.36,5.01,96.99,423.69,79947,6.33,14.16,6.68,94.57,194.0,100,1341000,42.9,214513,OK
2026-08-10 05:40:00,19.34,4.97,96.12,439.71,79203,6.50,14.15,6.62,93.72,192.2,100,1341600,42.9,220152,OK
2026-08-10 05:50:00,19.26,4.74,91.29,454.93,75697,6.67,14.07,6.33,89.01,182.6,100,1342200,42.8,216980,OK
2026-08-10 06:00:00,19.21,4.62,88.75,469.72,73663,6.83,14.03,6.17,86.53,177.5,98,1342800,42.0,225044,OK
2026-08-10 06:10:00,19.40,5.11,99.13,486.24,81425,7.00,14.20,6.81,96.65,198.3,100,1343400,43.5,225389,OK
2026-08-10 06:20:00,19.23,4.67,89.80,501.21,74485,7.17,14.04,6.24,87.55,179.6,100,1344000,42.5,215317,OK
2026-08-10 06:30:00,19.16,4.49,86.03,515.54,71679,7.33,13.98,6.00,83.88,172.1,93,1344600,42.4,221557,OK
2026-08-10 06:40:00,19.27,4.76,91.73,530.83,75913,7.50,14.08,6.35,89.44,183.5,100,1345200,42.7,225714,OK
2026-08-10 06:50:00,19.07,4.27,81.43,544.40,68313,7.67,13.90,5.69,79.07,162.9,85,1345800,41.7,213333,OK
2026-08-10 07:00:00,19.20,4.60,88.32,559.13,73229,7.83,14.02,6.14,86.11,176.6,97,1346400,41.9,216264,OK
2026-08-10 07:10:00,19.11,4.35,83.13,572.98,69522,8.00,13.93,5.81,80.89,166.3,88,1347000,41.2,218044,OK
2026-08-10 07:20:00,18.96,4.00,75.84,585.62,63817,8.17,13.81,5.31,73.34,151.7,76,1347600,40.7,217461,OK
2026-08-10 07:30:00,18.95,3.99,75.61,598.22,63582,8.33,13.80,5.29,73.04,151.2,76,1348200,40.6,220889,OK
2026-08-10 07:40:00,18.82,3.70,69.63,609.83,59007,8.50,13.70,4.89,66.98,139.3,65,1348800,40.1,223245,OK
2026-08-10 07:50:00,18.95,3.98,75.42,622.40,63423,8.67,13.80,5.28,72.86,150.8,75,1349400,40.4,225215,OK
2026-08-10 08:00:00,18.85,3.77,71.06,634.24,60050,8.83,13.73,4.98,68.43,142.1,68,1350000,40.1,213471,OK
2026-08-10 08:10:00,18.66,3.36,62.70,644.69,53758,9.00,13.58,4.41,59.94,125.4,54,1350600,39.2,211753,OK
2026-08-10 08:20:00,18.68,3.39,63.33,655.25,54048,9.17,13.59,4.45,60.54,126.7,55,1351200,39.5,219430,OK
2026-08-10 08:30:00,18.49,3.03,56.02,664.58,48277,9.33,13.47,3.96,53.28,112.0,42,1351800,38.0,215986,OK
2026-08-10 08:40:00,18.48,3.01,55.62,673.85,47926,9.50,13.46,3.93,52.84,111.2,42,1352400,38.0,218022,OK
2026-08-10 08:50:00,18.41,2.89,53.20,682.72,46168,9.67,13.42,3.76,50.43,106.4,37,1353000,38.4,223099,OK
2026-08-10 09:00:00,18.29,2.67,48.83,690.86,42581,9.83,13.34,3.46,46.10,97.7,30,1353600,37.3,222199,OK
2026-08-10 09:10:00,18.02,2.24,40.36,697.58,35706,10.00,13.19,2.87,37.82,80.7,16,1354200,36.1,212566,OK
2026-08-10 09:20:00,17.92,2.10,37.63,703.86,33662,10.17,13.14,2.68,35.18,75.3,37,1354800,35.7,224236,OK
2026-08-10 09:30:00,17.75,1.87,33.19,709.39,29987,10.33,13.06,2.37,30.90,66.4,31,1355400,35.0,214022,OK
2026-08-10 09:40:00,17.57,1.64,28.81,714.19,26268,10.50,12.98,2.06,26.71,57.6,25,1356000,34.6,223006,OK
2026-08-10 09:50:00,17.45,1.51,26.35,718.58,24092,10.67,12.93,1.88,24.37,52.7,21,1356600,34.0,212571,OK
2026-08-10 10:00:00,17.26,1.31,22.61,722.35,20830,10.83,12.86,1.62,20.85,45.2,16,1357200,33.7,216760,OK
2026-08-10 10:10:00,17.05,1.11,18.93,725.50,17902,11.00,12.79,1.36,17.40,37.9,11,1357800,34.1,217910,OK
2026-08-10 10:20:00,16.83,0.93,15.65,728.11,14843,11.17,12.73,1.13,14.34,31.3,0,1358400,32.8,214507,OK
2026-08-10 10:30:00,16.49,0.69,11.38,730.01,11241,11.33,12.64,0.82,10.38,22.8,0,1359000,32.2,219503,OK
2026-08-10 10:40:00,16.07,0.47,7.55,731.27,7656,11.50,12.57,0.55,6.86,15.1,0,1359600,32.2,224126,OK
2026-08-10 10:50:00,15.35,0.22,3.38,731.83,3529,11.50,12.48,0.25,3.06,6.8,0,1360200,31.1,225948,OK
2026-08-10 11:00:00,12.00,0.00,0.00,731.83,186,11.50,12.40,0.00,0.00,0.0,0,1360800,30.7,216968,OK
2026-08-10 11:10:00,12.00,0.00,0.00,731.83,182,11.50,12.40,0.00,0.00,0.0,0,1361400,31.0,223538,OK
2026-08-10 11:20:00,12.00,0.00,0.00,731.83,176,11.50,12.40,0.00,0.00,0.0,0,1362000,31.7,218061,OK
2026-08-10 11:30:00,12.00,0.00,0.00,731.83,181,11.50,12.40,0.00,0.00,0.0,0,1362600,31.1,221042,OK
2026-08-10 11:40:00,12.00,0.00,0.00,731.83,129,11.50,12.40,0.00,0.00,0.0,0,1363200,31.0,217702,OK
2026-08-10 11:50:00,12.00,0.00,0.00,731.83,46,11.50,12.40,0.00,0.00,0.0,0,1363800,31.5,211541,OK
2026-08-10 23:00:00,12.00,0.00,0.00,0.00,263,0.00,12.40,0.00,0.00,0.0,0,1404000,31.8,215177,OK
2026-08-10 23:10:00,15.42,0.23,3.55,0.59,3769,0.00,12.48,0.26,3.21,7.1,0,1404600,31.3,222546,OK
2026-08-10 23:20:00,16.05,0.46,7.38,1.82,7529,0.17,12.56,0.53,6.70,14.8,0,1405200,32.3,220785,OK
2026-08-10 23:30:00,16.50,0.70,11.55,3.75,11195,0.33,12.65,0.83,10.53,23.1,0,1405800,33.2,223215,OK
2026-08-10 23:40:00,16.71,0.84,14.04,6.09,13597,0.50,12.70,1.01,12.83,28.1,0,1406400,33.3,215024,OK
2026-08-10 23:50:00,17.00,1.07,18.19,9.12,17114,0.67,12.78,1.31,16.70,36.4,10,1407000,34.0,218176,OK
2026-08-11 00:00:00,17.32,1.36,23.56,13.04,21826,0.83,12.88,1.69,21.75,47.1,18,1407600,33.7,216754,OK
2026-08-11 00:10:00,17.50,1.56,27.30,17.59,25211,1.00,12.95,1.95,25.28,54.6,23,1408200,34.2,215171,OK
2026-08-11 00:20:00,17.65,1.74,30.71,22.71,27784,1.17,13.01,2.19,28.53,61.4,27,1408800,35.5,211289,OK
2026-08-11 00:30:00,17.73,1.84,32.62,28.15,29422,1.33,13.05,2.33,30.37,65.2,30,1409400,35.4,217076,OK
2026-08-11 00:40:00,18.01,2.22,39.98,34.81,35602,1.50,13.18,2.84,37.46,80.0,40,1410000,36.1,220789,OK
2026-08-11 00:50:00,18.11,2.38,43.10,42.00,38076,1.67,13.24,3.06,40.51,86.2,20,1410600,36.1,219774,OK
2026-08-11 01:00:00,18.17,2.47,44.88,49.48,39426,1.83,13.27,3.18,42.23,89.8,23,1411200,36.2,225741,OK
2026-08-11 01:10:00,18.42,2.90,53.42,58.38,46245,2.00,13.42,3.77,50.64,106.8,38,1411800,37.8,218942,OK
2026-08-11 01:20:00,18.33,2.75,50.41,66.78,43849,2.17,13.37,3.57,47.69,100.8,33,1412400,37.6,215122,OK
2026-08-11 01:30:00,18.51,3.06,56.64,76.22,48827,2.33,13.48,4.00,53.86,113.3,43,1413000,38.4,213831,OK
2026-08-11 01:40:00,18.70,3.45,64.52,86.98,54915,2.50,13.61,4.54,61.75,129.0,57,1413600,38.8,217695,OK
2026-08-11 01:50:00,18.75,3.55,66.56,98.07,56628,2.67,13.65,4.68,63.83,133.1,60,1414200,39.9,215781,OK
2026-08-11 02:00:00,18.71,3.47,64.92,108.89,55355,2.83,13.62,4.57,62.19,129.8,57,1414800,39.5,220141,OK
2026-08-11 02:10:00,18.78,3.61,67.80,120.19,57558,3.00,13.67,4.76,65.09,135.6,62,1415400,39.5,212752,OK
2026-08-11 02:20:00,18.81,3.68,69.22,131.73,58682,3.17,13.69,4.86,66.52,138.4,65,1416000,40.1,211148,OK
2026-08-11 02:30:00,18.89,3.84,72.54,143.82,61343,3.33,13.75,5.09,69.93,145.1,70,1416600,40.0,220149,OK
2026-08-11 02:40:00,19.01,4.11,78.13,156.84,65502,3.50,13.85,5.47,75.71,156.3,80,1417200,41.3,219005,OK
2026-08-11 02:50:00,19.07,4.26,81.24,170.38,68002,3.67,13.90,5.67,78.88,162.5,85,1417800,41.6,220583,OK
2026-08-11 03:00:00,19.06,4.25,81.00,183.88,67796,3.83,13.89,5.66,78.65,162.0,85,1418400,40.8,214651,OK
2026-08-11 03:10:00,19.10,4.34,82.89,197.69,69171,4.00,13.93,5.78,80.57,165.8,88,1419000,41.0,218991,OK
2026-08-11 03:20:00,19.24,4.68,90.04,212.70,74558,4.17,14.05,6.25,87.79,180.1,100,1419600,41.9,214374,OK
2026-08-11 03:30:00,19.28,4.79,92.35,228.09,76333,4.33,14.09,6.39,90.04,184.7,100,1420200,43.3,222229,OK
2026-08-11 03:40:00,19.37,5.03,97.43,244.33,80123,4.50,14.17,6.70,94.99,194.9,100,1420800,43.6,218184,OK
2026-08-11 03:50:00,19.23,4.66,89.61,259.26,74386,4.67,14.04,6.22,87.37,179.2,99,1421400,42.8,216674,OK
2026-08-11 04:00:00,19.34,4.95,95.73,275.22,79101,4.83,14.14,6.60,93.34,191.5,100,1422000,43.7,214012,OK
2026-08-11 04:10:00,19.39,5.10,98.89,291.70,81292,5.00,14.19,6.79,96.42,197.8,100,1422600,43.5,221623,OK
2026-08-11 04:20:00,19.44,5.23,101.67,308.65,83316,5.17,14.24,6.96,99.13,203.3,100,1423200,44.2,224381,OK
2026-08-11 04:30:00,19.47,5.31,103.39,325.88,84735,5.33,14.27,7.06,100.81,206.8,100,1423800,44.5,214252,OK
2026-08-11 04:40:00,19.46,5.29,102.94,343.03,84487,5.50,14.26,7.04,100.37,205.9,100,1424400,43.9,211580,OK
2026-08-11 04:50:00,19.34,4.95,95.73,358.99,79063,5.67,14.14,6.60,93.34,191.5,100,1425000,43.7,217634,OK
2026-08-11 05:00:00,19.30,4.84,93.41,374.56,77211,5.83,14.10,6.46,91.07,186.8,100,1425600,42.8,214270,OK
2026-08-11 05:10:00,19.36,5.01,96.99,390.72,79772,6.00,14.16,6.68,94.57,194.0,100,1426200,43.0,218349,OK
2026-08-11 05:20:00,19.38,5.06,98.06,407.07,80555,6.17,14.18,6.74,95.61,196.1,100,1426800,43.4,219909,OK
2026-08-11 05:30:00,19.46,5.28,102.75,424.19,84163,6.33,14.26,7.03,100.18,205.5,100,1427400,43.9,224962,OK
2026-08-11 05:40:00,19.40,5.11,99.13,440.71,81404,6.50,14.20,6.81,96.65,198.3,100,1428000,43.7,223463,OK
2026-08-11 05:50:00,19.37,5.03,97.43,456.95,80364,6.67,14.17,6.70,94.99,194.9,100,1428600,43.0,213549,OK
2026-08-11 06:00:00,19.30,4.86,93.80,472.58,77578,6.83,14.11,6.48,91.45,187.6,100,1429200,43.1,215665,OK
2026-08-11 06:10:00,19.27,4.76,91.73,487.87,75867,7.00,14.07,6.36,89.44,183.5,100,1429800,42.6,219116,OK
2026-08-11 06:20:00,19.28,4.78,92.16,503.23,76458,7.17,14.08,6.38,89.86,184.3,100,1430400,43.1,223860,OK
2026-08-11 06:30:00,19.17,4.51,86.46,517.64,71861,7.33,13.99,6.03,84.30,172.9,94,1431000,42.6,221697,OK
2026-08-11 06:40:00,19.17,4.50,86.27,532.02,71812,7.50,13.98,6.02,84.11,172.5,94,1431600,41.5,214043,OK
2026-08-11 06:50:00,19.12,4.40,84.13,546.04,70223,7.67,13.95,5.87,81.86,168.3,90,1432200,41.2,213296,OK
2026-08-11 07:00:00,19.20,4.57,87.74,560.67,72871,7.83,14.01,6.11,85.55,175.5,96,1432800,42.0,225596,OK
2026-08-11 07:10:00,19.03,4.16,79.16,573.86,66434,8.00,13.86,5.53,76.71,158.3,82,1433400,40.9,214323,OK
2026-08-11 07:20:00,18.95,3.97,75.23,586.40,63442,8.17,13.80,5.27,72.67,150.5,75,1434000,40.3,216774,OK
2026-08-11 07:30:00,18.89,3.84,72.54,598.49,61415,8.33,13.75,5.09,69.93,145.1,70,1434600,40.1,224818,OK
2026-08-11 07:40:00,18.82,3.69,69.45,610.06,58784,8.50,13.70,4.87,66.74,138.9,65,1435200,40.4,220253,OK
2026-08-11 07:50:00,18.94,3.95,74.81,622.53,62884,8.67,13.79,5.24,72.27,149.6,74,1435800,40.9,219485,OK
2026-08-11 08:00:00,18.66,3.36,62.70,632.98,53774,8.83,13.58,4.41,59.94,125.4,54,1436400,39.5,216909,OK
2026-08-11 08:10:00,18.79,3.64,68.40,644.38,57937,9.00,13.68,4.80,65.73,136.8,63,1437000,39.9,216850,OK
2026-08-11 08:20:00,18.67,3.39,63.29,654.93,54108,9.17,13.59,4.45,60.51,126.6,55,1437600,39.1,225891,OK
2026-08-11 08:30:00,18.47,3.00,55.41,664.16,47750,9.33,13.45,3.91,52.64,110.8,41,1438200,38.0,213505,OK
2026-08-11 08:40:00,18.45,2.96,54.61,673.27,47280,9.50,13.44,3.86,51.82,109.2,40,1438800,38.4,220294,OK
2026-08-11 08:50:00,18.39,2.85,52.41,682.00,45579,9.67,13.40,3.71,49.68,104.8,36,1439400,38.3,214108,OK
2026-08-11 09:00:00,18.21,2.53,46.07,689.68,40477,9.83,13.29,3.27,43.40,92.1,25,1440000,37.3,218203,OK
2026-08-11 09:10:00,18.05,2.28,41.15,696.54,36511,10.00,13.20,2.92,38.60,82.3,17,1440600,36.7,211506,OK
2026-08-11 09:20:00,17.91,2.08,37.25,702.75,33444,10.17,13.13,2.65,34.83,74.5,36,1441200,35.7,218186,OK
2026-08-11 09:30:00,17.79,1.92,34.16,708.44,30924,10.33,13.08,2.43,31.84,68.3,32,1441800,35.8,215008,OK
2026-08-11 09:40:00,17.65,1.73,30.53,713.53,27652,10.50,13.01,2.18,28.36,61.1,27,1442400,35.1,222794,OK
2026-08-11 09:50:00,17.50,1.56,27.30,718.08,25121,10.67,12.95,1.95,25.28,54.6,23,1443000,34.4,217163,OK
2026-08-11 10:00:00,17.18,1.23,21.13,721.60,19842,10.83,12.83,1.52,19.46,42.3,14,1443600,34.2,224062,OK
2026-08-11 10:10:00,17.04,1.10,18.74,724.72,17729,11.00,12.79,1.34,17.20,37.5,11,1444200,33.0,213020,OK
2026-08-11 10:20:00,16.79,0.90,15.11,727.24,14631,11.17,12.72,1.09,13.83,30.2,0,1444800,33.5,215734,OK
2026-08-11 10:30:00,16.38,0.63,10.32,728.96,10226,11.33,12.62,0.74,9.39,20.6,0,1445400,32.8,211403,OK
2026-08-11 10:40:00,16.07,0.47,7.55,730.22,7707,11.50,12.56,0.55,6.86,15.1,0,1446000,31.8,219182,OK
2026-08-11 10:50:00,15.35,0.22,3.38,730.78,3542,11.50,12.48,0.25,3.06,6.8,0,1446600,31.3,214826,OK
2026-08-11 11:00:00,12.00,0.00,0.00,730.78,47,11.50,12.40,0.00,0.00,0.0,0,1447200,31.3,222463,OK
2026-08-11 11:10:00,12.00,0.00,0.00,730.78,125,11.50,12.40,0.00,0.00,0.0,0,1447800,30.8,211538,OK
2026-08-11 11:20:00,12.00,0.00,0.00,730.78,236,11.50,12.40,0.00,0.00,0.0,0,1448400,31.7,218424,OK
2026-08-11 11:30:00,12.00,0.00,0.00,730.78,240,11.50,12.40,0.00,0.00,0.0,0,1449000,31.0,213628,OK
2026-08-11 11:40:00,12.00,0.00,0.00,730.78,105,11.50,12.40,0.00,0.00,0.0,0,1449600,31.4,211915,OK
2026-08-11 11:50:00,12.00,0.00,0.00,730.78,50,11.50,12.40,0.00,0.00,0.0,0,1450200,31.4,225536,OK
2026-08-11 23:00:00,12.00,0.00,0.00,0.00,75,0.00,12.40,0.00,0.00,0.0,0,1490400,31.1,215376,OK
2026-08-11 23:10:00,15.40,0.23,3.54,0.59,3885,0.00,12.48,0.26,3.20,7.1,0,1491000,31.3,214878,OK
2026-08-11 23:20:00,16.06,0.46,7.39,1.82,7430,0.17,12.56,0.53,6.71,14.8,0,1491600,32.7,224964,OK
2026-08-11 23:30:00,16.46,0.68,11.19,3.69,10844,0.33,12.64,0.81,10.19,22.4,0,1492200,32.1,221928,OK
2026-08-11 23:40:00,16.80,0.90,15.12,6.21,14660,0.50,12.72,1.09,13.83,30.2,0,1492800,33.0,222235,OK
2026-08-11 23:50:00,16.99,1.06,18.01,9.21,16951,0.67,12.77,1.29,16.53,36.0,10,1493400,33.9,224088,OK
2026-08-12 00:00:00,17.22,1.27,21.87,12.85,20221,0.83,12.85,1.57,20.14,43.7,15,1494000,33.6,216668,OK
2026-08-12 00:10:00,17.43,1.49,25.97,17.18,23775,1.00,12.92,1.86,24.02,51.9,21,1494600,34.2,221839,OK
2026-08-12 00:20:00,17.72,1.83,32.43,22.59,29265,1.17,13.04,2.31,30.16,64.9,30,1495200,35.2,211929,OK
2026-08-12 00:30:00,17.72,1.82,32.25,27.96,29088,1.33,13.04,2.30,29.99,64.5,29,1495800,35.5,211280,OK
2026-08-12 00:40:00,17.91,2.08,37.25,34.17,33377,1.50,13.13,2.65,34.83,74.5,36,1496400,36.1,220875,OK
2026-08-12 00:50:00,18.08,2.33,42.13,41.19,37295,1.67,13.22,2.99,39.56,84.3,19,1497000,36.8,221583,OK
2026-08-12 01:00:00,18.24,2.59,47.24,49.07,41449,1.83,13.31,3.35,44.55,94.5,27,1497600,37.3,224304,OK
2026-08-12 01:10:00,18.39,2.85,52.41,57.80,45753,2.00,13.40,3.71,49.68,104.8,36,1498200,37.4,215592,OK
2026-08-12 01:20:00,18.44,2.94,54.21,66.84,46819,2.17,13.43,3.83,51.45,108.4,39,1498800,38.4,211766,OK
2026-08-12 01:30:00,18.50,3.04,56.24,76.21,48600,2.33,13.47,3.97,53.48,112.5,43,1499400,38.2,220894,OK
2026-08-12 01:40:00,18.58,3.19,59.27,86.09,51092,2.50,13.52,4.18,56.48,118.5,48,1500000,38.3,213468,OK
2026-08-12 01:50:00,18.59,3.22,59.86,96.06,51509,2.67,13.53,4.22,57.11,119.7,49,1500600,38.9,219137,OK
2026-08-12 02:00:00,18.82,3.68,69.26,107.61,58786,2.83,13.70,4.86,66.56,138.5,65,1501200,39.7,219844,OK
2026-08-12 02:10:00,18.74,3.51,65.78,118.57,55976,3.00,13.64,4.62,63.08,131.6,59,1501800,39.2,221246,OK
2026-08-12 02:20:00,18.82,3.70,69.63,130.18,59184,3.17,13.70,4.89,66.98,139.3,65,1502400,40.5,222921,OK
2026-08-12 02:30:00,18.87,3.80,71.71,142.13,60695,3.33,13.74,5.03,69.06,143.4,69,1503000,39.7,221356,OK
2026-08-12 02:40:00,18.99,4.07,77.29,155.01,64951,3.50,13.83,5.41,74.82,154.6,78,1503600,40.6,225355,OK
2026-08-12 02:50:00,18.98,4.05,76.87,167.82,64654,3.67,13.83,5.38,74.41,153.7,78,1504200,40.5,216601,OK
2026-08-12 03:00:00,19.10,4.34,82.89,181.63,69150,3.83,13.93,5.78,80.57,165.8,88,1504800,41.5,223365,OK
2026-08-12 03:10:00,19.22,4.63,88.99,196.47,73994,4.00,14.03,6.18,86.77,178.0,98,1505400,42.1,212409,OK
2026-08-12 03:20:00,19.15,4.46,85.41,210.70,71164,4.17,13.97,5.95,83.19,170.8,92,1506000,41.9,223541,OK
2026-08-12 03:30:00,19.35,4.97,96.17,226.73,79456,4.33,14.15,6.63,93.77,192.3,100,1506600,43.0,223184,OK
2026-08-12 03:40:00,19.17,4.50,86.27,241.11,71684,4.50,13.98,6.02,84.11,172.5,94,1507200,41.8,214466,OK
2026-08-12 03:50:00,19.35,4.98,96.36,257.17,79561,4.67,14.15,6.64,93.95,192.7,100,1507800,43.5,215092,OK
2026-08-12 04:00:00,19.36,5.01,96.99,273.33,80111,4.83,14.16,6.68,94.57,194.0,100,1508400,43.5,211450,OK
2026-08-12 04:10:00,19.36,5.00,96.80,289.47,79644,5.00,14.16,6.67,94.38,193.6,100,1509000,42.9,225617,OK
2026-08-12 04:20:00,19.26,4.73,91.10,304.65,75462,5.17,14.07,6.31,88.82,182.2,100,1509600,42.8,220080,OK
2026-08-12 04:30:00,19.29,4.82,92.98,320.15,76901,5.33,14.09,6.43,90.66,186.0,100,1510200,42.6,218301,OK
2026-08-12 04:40:00,19.43,5.21,101.23,337.02,82949,5.50,14.23,6.94,98.70,202.5,100,1510800,44.3,221294,OK
2026-08-12 04:50:00,19.27,4.76,91.73,352.31,75947,5.67,14.08,6.35,89.44,183.5,100,1511400,42.7,220048,OK
2026-08-12 05:00:00,19.26,4.75,91.49,367.56,75892,5.83,14.07,6.34,89.20,183.0,100,1512000,42.9,223618,OK
2026-08-12 05:10:00,19.36,5.01,96.99,383.72,79930,6.00,14.16,6.68,94.57,194.0,100,1512600,43.6,217872,OK
2026-08-12 05:20:00,19.31,4.87,94.04,399.39,77530,6.17,14.11,6.50,91.69,188.1,100,1513200,42.4,224663,OK
2026-08-12 05:30:00,19.46,5.29,102.94,416.55,84493,6.33,14.26,7.04,100.37,205.9,100,1513800,44.1,224340,OK
2026-08-12 05:40:00,19.37,5.04,97.62,432.82,80502,6.50,14.17,6.72,95.18,195.2,100,1514400,43.5,223169,OK
2026-08-12 05:50:00,19.25,4.73,91.05,448.00,75339,6.67,14.06,6.31,88.77,182.1,100,1515000,42.2,214071,OK
2026-08-12 06:00:00,19.35,4.98,96.36,464.06,79476,6.83,14.15,6.64,93.95,192.7,100,1515600,43.5,212792,OK
2026-08-12 06:10:00,19.34,4.96,95.93,480.04,78966,7.00,14.14,6.61,93.53,191.9,100,1516200,43.5,214120,OK
2026-08-12 06:20:00,19.38,5.06,98.06,496.39,80681,7.17,14.18,6.74,95.61,196.1,100,1516800,43.2,214930,OK
2026-08-12 06:30:00,19.14,4.43,84.79,510.52,70901,7.33,13.96,5.92,82.59,169.6,91,1517400,41.6,216033,OK
2026-08-12 06:40:00,19.13,4.42,84.55,524.61,70486,7.50,13.96,5.90,82.35,169.1,91,1518000,41.3,220359,OK
2026-08-12 06:50:00,19.28,4.79,92.35,540.00,76240,7.67,14.08,6.39,90.04,184.7,100,1518600,43.1,224721,OK
2026-08-12 07:00:00,19.22,4.65,89.37,554.90,74160,7.83,14.04,6.21,87.14,178.7,99,1519200,41.9,214779,OK
2026-08-12 07:10:00,18.97,4.03,76.45,567.64,64489,8.00,13.82,5.35,73.93,152.9,77,1519800,40.2,211797,OK
2026-08-12 07:20:00,19.06,4.25,81.00,581.14,67882,8.17,13.90,5.66,78.65,162.0,85,1520400,41.3,220327,OK
2026-08-12 07:30:00,18.98,4.05,76.87,593.95,64712,8.33,13.82,5.38,74.33,153.7,78,1521000,40.6,219595,OK
2026-08-12 07:40:00,18.88,3.82,72.12,605.97,60821,8.50,13.74,5.06,69.52,144.2,70,1521600,40.2,223862,OK
2026-08-12 07:50:00,18.84,3.74,70.46,617.71,59812,8.67,13.72,4.94,67.78,140.9,67,1522200,40.5,217984,OK
2026-08-12 08:00:00,18.73,3.51,65.74,628.67,56073,8.83,13.63,4.62,62.98,131.5,59,1522800,38.9,212120,OK
2026-08-12 08:10:00,18.70,3.43,64.14,639.36,54746,9.00,13.61,4.51,61.38,128.3,56,1523400,38.7,219596,OK
2026-08-12 08:20:00,18.63,3.29,61.29,649.58,52716,9.17,13.56,4.32,58.53,122.6,51,1524000,39.0,213356,OK
2026-08-12 08:30:00,18.49,3.04,56.21,658.94,48522,9.33,13.47,3.97,53.46,112.4,43,1524600,37.8,219226,OK
2026-08-12 08:40:00,18.51,3.06,56.64,668.38,48806,9.50,13.48,4.00,53.86,113.3,43,1525200,38.8,223437,OK
2026-08-12 08:50:00,18.39,2.85,52.41,677.12,45565,9.67,13.40,3.70,49.63,104.8,36,1525800,38.2,217078,OK
2026-08-12 09:00:00,18.13,2.40,43.51,684.37,38564,9.83,13.25,3.09,40.90,87.0,21,1526400,36.5,212643,OK
2026-08-12 09:10:00,18.16,2.46,44.67,691.82,39344,10.00,13.26,3.17,42.03,89.3,23,1527000,37.0,212524,OK
2026-08-12 09:20:00,17.95,2.14,38.41,698.22,34324,10.17,13.15,2.73,35.95,76.8,38,1527600,35.7,213278,OK
2026-08-12 09:30:00,17.72,1.83,32.43,703.62,29243,10.33,13.04,2.32,30.19,64.9,30,1528200,35.2,214841,OK
2026-08-12 09:40:00,17.72,1.82,32.25,709.00,29288,10.50,13.04,2.30,29.99,64.5,29,1528800,35.4,220377,OK
2026-08-12 09:50:00,17.39,1.44,25.04,713.17,22882,10.67,12.91,1.79,23.14,50.1,20,1529400,34.6,224241,OK
2026-08-12 10:00:00,17.23,1.28,22.05,716.85,20475,10.83,12.85,1.58,20.31,44.1,16,1530000,33.5,216844,OK
2026-08-12 10:10:00,17.09,1.15,19.65,720.12,18360,11.00,12.80,1.41,18.06,39.3,12,1530600,33.2,218987,OK
2026-08-12 10:20:00,16.78,0.89,14.93,722.61,14227,11.17,12.71,1.07,13.66,29.9,0,1531200,32.5,217454,OK
2026-08-12 10:30:00,16.44,0.66,10.85,724.42,10753,11.33,12.63,0.78,9.88,21.7,0,1531800,32.2,215119,OK
2026-08-12 10:40:00,16.03,0.45,7.21,725.62,7354,11.50,12.56,0.52,6.55,14.4,0,1532400,32.7,223678,OK
2026-08-12 10:50:00,15.42,0.23,3.55,726.21,3806,11.50,12.48,0.26,3.21,7.1,0,1533000,31.9,218193,OK
2026-08-12 11:00:00,12.00,0.00,0.00,726.21,161,11.50,12.40,0.00,0.00,0.0,0,1533600,31.1,217190,OK
2026-08-12 11:10:00,12.00,0.00,0.00,726.21,130,11.50,12.40,0.00,0.00,0.0,0,1534200,31.4,215564,OK
2026-08-12 11:20:00,12.00,0.00,0.00,726.21,153,11.50,12.40,0.00,0.00,0.0,0,1534800,30.6,220567,OK
2026-08-12 11:30:00,12.00,0.00,0.00,726.21,239,11.50,12.40,0.00,0.00,0.0,0,1535400,31.5,211607,OK
2026-08-12 11:40:00,12.00,0.00,0.00,726.21,193,11.50,12.40,0.00,0.00,0.0,0,1536000,30.8,223147,OK
2026-08-12 11:50:00,12.00,0.00,0.00,726.21,134,11.50,12.40,0.00,0.00,0.0,0,1536600,31.3,211246,OK
2026-08-12 23:00:00,12.00,0.00,0.00,0.00,245,0.00,12.40,0.00,0.00,0.0,0,1576800,30.9,212698,OK
2026-08-12 23:10:00,15.42,0.23,3.55,0.59,3737,0.00,12.48,0.26,3.21,7.1,0,1577400,31.6,213907,OK
2026-08-12 23:20:00,15.95,0.41,6.54,1.68,6655,0.17,12.55,0.47,5.93,13.1,0,1578000,31.5,225809,OK
2026-08-12 23:30:00,16.41,0.65,10.67,3.46,10562,0.33,12.63,0.77,9.72,21.3,0,1578600,32.6,222703,OK
2026-08-12 23:40:00,16.82,0.92,15.47,6.04,14750,0.50,12.72,1.11,14.16,30.9,0,1579200,33.7,221081,OK
2026-08-12 23:50:00,16.98,1.05,17.83,9.01,16886,0.67,12.77,1.28,16.37,35.7,0,1579800,34.0,212011,OK
2026-08-13 00:00:00,17.25,1.29,22.25,12.72,20818,0.83,12.86,1.59,20.51,44.5,16,1580400,33.7,216225,OK
2026-08-13 00:10:00,17.54,1.61,28.24,17.43,25888,1.00,12.97,2.02,26.18,56.5,24,1581000,34.9,211196,OK
2026-08-13 00:20:00,17.58,1.65,29.01,22.26,26616,1.17,12.98,2.07,26.92,58.0,25,1581600,35.1,220030,OK
2026-08-13 00:30:00,17.80,1.93,34.35,27.98,30801,1.33,13.08,2.45,32.01,68.7,32,1582200,35.1,225145,OK
2026-08-13 00:40:00,18.04,2.28,41.13,34.84,36271,1.50,13.20,2.92,38.58,82.3,17,1582800,35.8,213186,OK
2026-08-13 00:50:00,18.13,2.40,43.51,42.09,38485,1.67,13.25,3.09,40.90,87.0,21,1583400,36.6,220761,OK
2026-08-13 01:00:00,18.24,2.58,47.06,49.94,41281,1.83,13.31,3.33,44.38,94.1,27,1584000,36.5,218795,OK
2026-08-13 01:10:00,18.24,2.60,47.42,57.84,41634,2.00,13.31,3.36,44.72,94.8,28,1584600,36.6,214401,OK
2026-08-13 01:20:00,18.43,2.92,53.82,66.81,46528,2.17,13.43,3.80,51.08,107.6,38,1585200,37.7,212779,OK
2026-08-13 01:30:00,18.46,2.98,55.01,75.98,47669,2.33,13.45,3.89,52.26,110.0,41,1585800,38.4,217425,OK
2026-08-13 01:40:00,18.58,3.21,59.64,85.92,51149,2.50,13.53,4.20,56.84,119.3,48,1586400,39.0,218395,OK
2026-08-13 01:50:00,18.64,3.32,61.88,96.23,52991,2.67,13.57,4.36,59.10,123.8,52,1587000,39.4,211742,OK
2026-08-13 02:00:00,18.88,3.81,71.93,108.22,60891,2.83,13.74,5.05,69.34,143.9,69,1587600,40.7,212277,OK
2026-08-13 02:10:00,18.76,3.57,66.97,119.38,57087,3.00,13.66,4.70,64.22,133.9,61,1588200,39.8,221705,OK
2026-08-13 02:20:00,18.90,3.86,72.95,131.54,61608,3.17,13.76,5.11,70.32,145.9,71,1588800,40.6,218338,OK
2026-08-13 02:30:00,19.02,4.15,78.93,144.69,66345,3.33,13.86,5.52,76.48,157.9,81,1589400,40.5,225131,OK
2026-08-13 02:40:00,19.13,4.42,84.55,158.78,70433,3.50,13.95,5.90,82.35,169.1,91,1590000,41.4,215741,OK
2026-08-13 02:50:00,19.01,4.13,78.51,171.87,65899,3.67,13.85,5.49,76.08,157.0,80,1590600,40.8,212635,OK
2026-08-13 03:00:00,19.16,4.49,86.03,186.21,71667,3.83,13.98,6.00,83.88,172.1,93,1591200,42.3,219617,OK
2026-08-13 03:10:00,19.20,4.60,88.32,200.93,73287,4.00,14.02,6.14,86.11,176.6,97,1591800,42.1,223690,OK
2026-08-13 03:20:00,19.21,4.61,88.56,215.69,73590,4.17,14.02,6.16,86.35,177.1,98,1592400,42.8,220611,OK
2026-08-13 03:30:00,19.32,4.91,94.86,231.50,78308,4.33,14.13,6.55,92.49,189.7,100,1593000,43.0,215584,OK
2026-08-13 03:40:00,19.37,5.05,97.82,247.80,80467,4.50,14.18,6.73,95.37,195.6,100,1593600,43.3,218778,OK
2026-08-13 03:50:00,19.28,4.80,92.54,263.23,76678,4.67,14.09,6.40,90.23,185.1,100,1594200,43.0,216791,OK
2026-08-13 04:00:00,19.21,4.60,88.37,277.95,73419,4.83,14.02,6.15,86.16,176.7,97,1594800,41.8,223019,OK
2026-08-13 04:10:00,19.43,5.19,100.84,294.76,82638,5.00,14.23,6.91,98.32,201.7,100,1595400,43.9,212005,OK
2026-08-13 04:20:00,19.26,4.75,91.49,310.01,75821,5.17,14.07,6.34,89.20,183.0,100,1596000,42.5,214364,OK
2026-08-13 04:30:00,19.26,4.75,91.49,325.26,75819,5.33,14.07,6.34,89.20,183.0,100,1596600,42.2,218860,OK
2026-08-13 04:40:00,19.46,5.30,103.14,342.45,84489,5.50,14.26,7.05,100.56,206.3,100,1597200,43.5,220893,OK
2026-08-13 04:50:00,19.50,5.39,105.10,359.96,85982,5.67,14.30,7.17,102.47,210.2,100,1597800,44.3,220169,OK
2026-08-13 05:00:00,19.29,4.83,93.17,375.49,77109,5.83,14.10,6.44,90.84,186.3,100,1598400,43.1,212222,OK
2026-08-13 05:10:00,19.28,4.80,92.54,390.92,76723,6.00,14.09,6.40,90.23,185.1,100,1599000,43.1,213728,OK
2026-08-13 05:20:00,19.43,5.20,101.04,407.75,82968,6.17,14.23,6.92,98.51,202.1,100,1599600,44.0,211287,OK
2026-08-13 05:30:00,19.48,5.33,103.83,425.06,85180,6.33,14.28,7.09,101.23,207.7,100,1600200,44.2,212881,OK
2026-08-13 05:40:00,19.46,5.29,102.94,442.22,84453,6.50,14.26,7.04,100.37,205.9,100,1600800,44.3,223843,OK
2026-08-13 05:50:00,19.41,5.15,99.96,458.88,82267,6.67,14.21,6.86,97.46,199.9,100,1601400,43.4,212244,OK
2026-08-13 06:00:00,19.38,5.05,97.87,475.19,80658,6.83,14.18,6.73,95.42,195.7,100,1602000,42.9,221007,OK
2026-08-13 06:10:00,19.29,4.82,92.98,490.69,77053,7.00,14.10,6.43,90.66,186.0,100,1602600,42.8,224188,OK
2026-08-13 06:20:00,19.31,4.88,94.23,506.39,78066,7.17,14.12,6.51,91.87,188.5,100,1603200,43.3,211638,OK
2026-08-13 06:30:00,19.29,4.81,92.78,521.85,76919,7.33,14.09,6.42,90.46,185.6,100,1603800,43.1,222592,OK
2026-08-13 06:40:00,19.29,4.83,93.17,537.38,77083,7.50,14.10,6.44,90.84,186.3,100,1604400,43.1,211511,OK
2026-08-13 06:50:00,19.28,4.79,92.35,552.77,76393,7.67,14.08,6.39,90.04,184.7,100,1605000,42.8,218947,OK
2026-08-13 07:00:00,19.17,4.50,86.27,567.15,71998,7.83,13.98,6.02,84.11,172.5,94,1605600,42.2,224172,OK
2026-08-13 07:10:00,19.06,4.23,80.62,580.59,67571,8.00,13.89,5.64,78.28,161.2,84,1606200,40.8,217590,OK
2026-08-13 07:20:00,19.08,4.28,81.66,594.20,68458,8.17,13.91,5.70,79.29,163.3,86,1606800,41.9,223371,OK
2026-08-13 07:30:00,19.07,4.26,81.24,607.74,67925,8.33,13.90,5.67,78.88,162.5,85,1607400,41.6,216574,OK
2026-08-13 07:40:00,18.86,3.78,71.29,619.62,60333,8.50,13.73,5.00,68.65,142.6,68,1608000,40.5,221314,OK
2026-08-13 07:50:00,18.89,3.85,72.73,631.74,61308,8.67,13.75,5.10,70.11,145.5,71,1608600,40.3,218920,OK
2026-08-13 08:00:00,18.78,3.61,67.80,643.04,57585,8.83,13.67,4.76,65.09,135.6,62,1609200,39.2,214342,OK
2026-08-13 08:10:00,18.80,3.65,68.62,654.48,58360,9.00,13.68,4.82,65.94,137.2,64,1609800,39.9,225565,OK
2026-08-13 08:20:00,18.57,3.17,58.87,664.29,50615,9.17,13.52,4.15,56.10,117.7,47,1610400,38.2,211592,OK
2026-08-13 08:30:00,18.61,3.26,60.67,674.40,51992,9.33,13.55,4.27,57.88,121.3,50,1611000,38.5,211487,OK
2026-08-13 08:40:00,18.45,2.96,54.61,683.50,47357,9.50,13.44,3.86,51.82,109.2,40,1611600,38.3,221659,OK
2026-08-13 08:50:00,18.30,2.69,49.23,691.71,43139,9.67,13.35,3.48,46.52,98.5,31,1612200,36.8,223681,OK
2026-08-13 09:00:00,18.14,2.42,43.90,699.02,38606,9.83,13.25,3.11,41.27,87.8,22,1612800,36.3,222664,OK
2026-08-13 09:10:00,18.12,2.39,43.31,706.24,38276,10.00,13.24,3.07,40.71,86.6,21,1613400,36.9,221961,OK
2026-08-13 09:20:00,18.03,2.26,40.75,713.03,35941,10.17,13.19,2.90,38.22,81.5,16,1614000,36.2,221919,OK
2026-08-13 09:30:00,17.79,1.92,34.16,718.73,30635,10.33,13.08,2.43,31.84,68.3,32,1614600,35.3,214561,OK
2026-08-13 09:40:00,17.71,1.81,32.06,724.07,28942,10.50,13.04,2.29,29.82,64.1,29,1615200,34.7,215969,OK
2026-08-13 09:50:00,17.52,1.59,27.86,728.72,25514,10.67,12.96,1.99,25.80,55.7,23,1615800,34.4,216975,OK
2026-08-13 10:00:00,17.21,1.26,21.68,732.33,20199,10.83,12.84,1.56,19.97,43.4,15,1616400,34.0,218334,OK
2026-08-13 10:10:00,16.98,1.05,17.83,735.30,16664,11.00,12.77,1.28,16.35,35.7,0,1617000,33.0,225794,OK
2026-08-13 10:20:00,16.80,0.90,15.12,737.82,14466,11.17,12.72,1.09,13.83,30.2,0,1617600,33.6,212138,OK
2026-08-13 10:30:00,16.45,0.67,11.02,739.66,10778,11.33,12.64,0.79,10.04,22.0,0,1618200,32.3,212008,OK
2026-08-13 10:40:00,16.00,0.44,7.04,740.83,7180,11.50,12.55,0.51,6.39,14.1,0,1618800,32.2,218233,OK
2026-08-13 10:50:00,15.36,0.22,3.38,741.39,3608,11.50,12.48,0.25,3.06,6.8,0,1619400,31.5,221444,OK
2026-08-13 11:00:00,12.00,0.00,0.00,741.39,15,11.50,12.40,0.00,0.00,0.0,0,1620000,31.2,222563,OK
2026-08-13 11:10:00,12.00,0.00,0.00,741.39,271,11.50,12.40,0.00,0.00,0.0,0,1620600,31.2,221376,OK
2026-08-13 11:20:00,12.00,0.00,0.00,741.39,172,11.50,12.40,0.00,0.00,0.0,0,1621200,31.7,223996,OK
2026-08-13 11:30:00,12.00,0.00,0.00,741.39,164,11.50,12.40,0.00,0.00,0.0,0,1621800,31.0,222449,OK
2026-08-13 11:40:00,12.00,0.00,0.00,741.39,29,11.50,12.40,0.00,0.00,0.0,0,1622400,31.6,219870,OK
2026-08-13 11:50:00,12.00,0.00,0.00,741.39,163,11.50,12.40,0.00,0.00,0.0,0,1623000,30.8,216977,OK
2026-08-13 23:00:00,12.00,0.00,0.00,0.00,70,0.00,12.40,0.00,0.00,0.0,0,1663200,30.8,212358,OK
2026-08-13 23:10:00,15.35,0.21,3.22,0.54,3639,0.00,12.48,0.23,2.91,6.4,0,1663800,31.5,222353,OK
2026-08-13 23:20:00,15.94,0.41,6.54,1.63,6746,0.17,12.54,0.47,5.93,13.1,0,1664400,32.1,222932,OK
2026-08-13 23:30:00,16.32,0.60,9.79,3.26,9666,0.33,12.61,0.71,8.91,19.6,0,1665000,32.3,218155,OK
2026-08-13 23:40:00,16.67,0.81,13.50,5.51,12942,0.50,12.69,0.97,12.34,27.0,0,1665600,32.8,216994,OK
2026-08-13 23:50:00,17.03,1.09,18.56,8.60,17510,0.67,12.78,1.33,17.04,37.1,11,1666200,34.0,215226,OK
2026-08-14 00:00:00,17.20,1.24,21.33,12.16,19923,0.83,12.84,1.53,19.64,42.7,15,1666800,34.2,218421,OK
2026-08-14 00:10:00,17.49,1.55,27.11,16.67,24909,1.00,12.94,1.94,25.10,54.2,22,1667400,34.7,223504,OK
2026-08-14 00:20:00,17.60,1.68,29.57,21.60,27019,1.17,12.99,2.11,27.44,59.1,26,1668000,34.7,212543,OK
2026-08-14 00:30:00,17.75,1.86,33.02,27.11,29905,1.33,13.06,2.35,30.74,66.0,30,1668600,35.0,225732,OK
2026-08-14 00:40:00,17.97,2.16,38.82,33.58,34472,1.50,13.16,2.76,36.34,77.6,38,1669200,35.6,223914,OK
2026-08-14 00:50:00,17.95,2.13,38.23,39.95,34095,1.67,13.15,2.72,35.78,76.5,38,1669800,36.5,217877,OK
2026-08-14 01:00:00,18.04,2.27,40.95,46.77,36281,1.83,13.20,2.91,38.41,81.9,17,1670400,36.9,216525,OK
2026-08-14 01:10:00,18.25,2.60,47.45,54.68,41594,2.00,13.32,3.36,44.75,94.9,28,1671000,37.4,224252,OK
2026-08-14 01:20:00,18.44,2.93,54.03,63.69,46897,2.17,13.43,3.82,51.27,108.1,39,1671600,38.0,225979,OK
2026-08-14 01:30:00,18.45,2.96,54.61,72.79,47317,2.33,13.44,3.86,51.82,109.2,40,1672200,37.6,212260,OK
2026-08-14 01:40:00,18.57,3.19,59.24,82.66,50922,2.50,13.52,4.18,56.46,118.5,48,1672800,38.3,216855,OK
2026-08-14 01:50:00,18.62,3.28,61.07,92.84,52251,2.67,13.55,4.30,58.32,122.1,51,1673400,38.2,211816,OK
2026-08-14 02:00:00,18.66,3.36,62.70,103.29,53685,2.83,13.58,4.41,59.94,125.4,54,1674000,39.1,213357,OK
2026-08-14 02:10:00,18.72,3.48,65.15,114.15,55621,3.00,13.62,4.58,62.41,130.3,58,1674600,39.9,219795,OK
2026-08-14 02:20:00,18.95,3.98,75.42,126.72,63590,3.17,13.80,5.28,72.86,150.8,75,1675200,40.6,222509,OK
2026-08-14 02:30:00,18.88,3.82,72.12,138.74,60959,3.33,13.75,5.06,69.52,144.2,70,1675800,39.8,225384,OK
2026-08-14 02:40:00,18.98,4.05,76.87,151.55,64622,3.50,13.82,5.38,74.33,153.7,78,1676400,40.8,218294,OK
2026-08-14 02:50:00,19.09,4.31,82.28,165.26,68622,3.67,13.92,5.75,79.98,164.6,87,1677000,41.4,216946,OK
2026-08-14 03:00:00,17.70,1.80,31.86,170.57,28889,3.83,13.03,2.27,29.63,63.7,29,1677600,34.9,222091,OK
2026-08-14 03:10:00,19.15,4.47,85.60,184.84,71487,4.00,13.97,5.97,83.46,171.2,93,1678200,41.5,219749,OK
2026-08-14 03:20:00,17.89,2.06,36.85,190.98,32907,4.17,13.12,2.62,34.42,73.7,36,1678800,35.9,218681,OK
2026-08-14 03:30:00,19.18,4.53,86.89,205.46,72269,4.33,13.99,6.06,84.72,173.8,95,1679400,42.6,222662,OK
2026-08-14 03:40:00,19.22,4.65,89.37,220.36,74232,4.50,14.04,6.21,87.14,178.7,99,1680000,42.1,219716,OK
2026-08-14 03:50:00,18.13,2.40,43.51,227.61,38393,4.67,13.25,3.09,40.90,87.0,21,1680600,37.1,217122,OK
2026-08-14 04:00:00,19.29,4.83,93.17,243.14,77144,4.83,14.10,6.44,90.84,186.3,100,1681200,42.3,215942,OK
2026-08-14 04:10:00,19.15,4.46,85.41,257.37,71059,5.00,13.97,5.95,83.19,170.8,92,1681800,42.0,213032,OK
2026-08-14 04:20:00,19.23,4.65,89.42,272.28,74165,5.17,14.04,6.21,87.18,178.8,99,1682400,41.9,216190,OK
2026-08-14 04:30:00,19.22,4.64,89.18,287.14,73993,5.33,14.03,6.20,86.95,178.4,99,1683000,41.8,224788,OK
2026-08-14 04:40:00,19.35,4.99,96.56,303.23,79415,5.50,14.15,6.65,94.15,193.1,100,1683600,43.7,225638,OK
2026-08-14 04:50:00,19.40,5.12,99.33,319.79,81576,5.67,14.20,6.82,96.85,198.7,100,1684200,44.2,225693,OK
2026-08-14 05:00:00,19.34,4.96,95.93,335.78,79059,5.83,14.14,6.61,93.53,191.9,100,1684800,43.0,211076,OK
2026-08-14 05:10:00,19.36,5.02,97.19,351.98,80028,6.00,14.17,6.69,94.76,194.4,100,1685400,42.9,221578,OK
2026-08-14 05:20:00,19.36,5.01,96.99,368.14,79825,6.17,14.16,6.68,94.57,194.0,100,1686000,43.9,220698,OK
2026-08-14 05:30:00,19.18,4.52,86.69,382.59,72193,6.33,13.99,6.04,84.52,173.4,94,1686600,41.6,214559,OK
2026-08-14 05:40:00,19.36,5.01,96.99,398.75,80075,6.50,14.16,6.68,94.57,194.0,100,1687200,42.7,215132,OK
2026-08-14 05:50:00,19.26,4.74,91.29,413.97,75493,6.67,14.07,6.33,89.01,182.6,100,1687800,42.7,214625,OK
2026-08-14 06:00:00,19.13,4.40,84.17,428.00,70149,6.83,13.95,5.87,81.90,168.3,90,1688400,42.2,213101,OK
2026-08-14 06:10:00,19.15,4.47,85.60,442.26,71388,7.00,13.97,5.97,83.46,171.2,93,1689000,41.7,216507,OK
2026-08-14 06:20:00,19.31,4.87,94.04,457.94,77891,7.17,14.12,6.49,91.69,188.1,100,1689600,43.3,218434,OK
2026-08-14 06:30:00,19.00,4.10,77.90,470.92,65470,7.33,13.84,5.45,75.41,155.8,79,1690200,41.4,216339,OK
2026-08-14 06:40:00,19.08,4.29,81.85,484.56,68565,7.50,13.91,5.71,79.48,163.7,86,1690800,41.4,219506,OK
2026-08-14 06:50:00,19.15,4.46,85.41,498.80,71272,7.67,13.97,5.95,83.19,170.8,92,1691400,42.4,213114,OK
2026-08-14 07:00:00,17.96,2.15,38.61,505.23,34415,7.83,13.16,2.75,36.14,77.2,38,1692000,35.9,220577,OK
2026-08-14 07:10:00,17.70,1.80,31.86,510.54,28819,8.00,13.03,2.27,29.63,63.7,29,1692600,35.6,218133,OK
2026-08-14 07:20:00,17.49,1.55,27.11,515.06,25024,8.17,12.95,1.94,25.10,54.2,22,1693200,34.3,225560,OK
2026-08-14 07:30:00,17.90,2.07,37.05,521.24,33106,8.33,13.13,2.64,34.60,74.1,36,1693800,35.7,214107,OK
2026-08-14 07:40:00,17.32,1.37,23.73,525.19,21832,8.50,12.88,1.70,21.90,47.5,18,1694400,34.2,218259,OK
2026-08-14 07:50:00,17.23,1.27,21.88,528.84,20295,8.67,12.85,1.57,20.15,43.8,15,1695000,34.1,218642,OK
2026-08-14 08:00:00,18.67,3.37,62.92,539.32,53937,8.83,13.59,4.43,60.15,125.8,54,1695600,39.1,220129,OK
2026-08-14 08:10:00,18.61,3.26,60.67,549.44,52048,9.00,13.55,4.27,57.88,121.3,50,1696200,38.3,213468,OK
2026-08-14 08:20:00,18.56,3.16,58.65,559.21,50495,9.17,13.51,4.14,55.89,117.3,47,1696800,38.5,221527,OK
2026-08-14 08:30:00,18.35,2.77,50.83,567.68,44272,9.33,13.37,3.60,48.09,101.7,33,1697400,37.0,223886,OK
2026-08-14 08:40:00,18.43,2.93,54.00,576.68,46612,9.50,13.43,3.82,51.25,108.0,39,1698000,38.2,220283,OK
2026-08-14 08:50:00,18.21,2.54,46.25,584.39,40628,9.67,13.29,3.28,43.57,92.5,26,1698600,37.1,224308,OK
2026-08-14 09:00:00,18.03,2.26,40.75,591.18,36047,9.83,13.19,2.90,38.22,81.5,16,1699200,36.1,217350,OK
2026-08-14 09:10:00,17.96,2.15,38.61,597.62,34388,10.00,13.16,2.75,36.14,77.2,38,1699800,36.5,217163,OK
2026-08-14 09:20:00,17.86,2.01,35.90,603.60,32169,10.17,13.11,2.56,33.53,71.8,34,1700400,35.8,220430,OK
2026-08-14 09:30:00,17.66,1.75,30.91,608.75,28085,10.33,13.02,2.21,28.72,61.8,28,1701000,34.7,223725,OK
2026-08-14 09:40:00,17.47,1.53,26.73,613.21,24479,10.50,12.94,1.91,24.75,53.5,22,1701600,34.6,212635,OK
2026-08-14 09:50:00,17.43,1.49,25.97,617.54,23897,10.67,12.92,1.86,24.02,51.9,21,1702200,34.1,214203,OK
2026-08-14 10:00:00,17.28,1.33,22.98,621.37,21239,10.83,12.87,1.65,21.19,46.0,17,1702800,34.4,219363,OK
2026-08-14 10:10:00,17.04,1.10,18.74,624.49,17625,11.00,12.79,1.34,17.20,37.5,11,1703400,34.0,222203,OK
2026-08-14 10:20:00,16.69,0.83,13.85,626.80,13221,11.17,12.69,1.00,12.66,27.7,0,1704000,32.4,215585,OK
2026-08-14 10:30:00,16.41,0.64,10.50,628.55,10431,11.33,12.63,0.76,9.57,21.0,0,1704600,33.0,219732,OK
2026-08-14 10:40:00,15.96,0.42,6.70,629.66,6818,11.50,12.55,0.48,6.08,13.4,0,1705200,32.4,223531,OK
2026-08-14 10:50:00,15.39,0.23,3.54,630.25,3884,11.50,12.48,0.26,3.20,7.1,0,1705800,32.0,212204,OK
2026-08-14 11:00:00,12.00,0.00,0.00,630.25,167,11.50,12.40,0.00,0.00,0.0,0,1706400,31.7,220236,OK
2026-08-14 11:10:00,12.00,0.00,0.00,630.25,117,11.50,12.40,0.00,0.00,0.0,0,1707000,30.7,224613,OK
2026-08-14 11:20:00,12.00,0.00,0.00,630.25,101,11.50,12.40,0.00,0.00,0.0,0,1707600,30.9,215304,OK
2026-08-14 11:30:00,12.00,0.00,0.00,630.25,165,11.50,12.40,0.00,0.00,0.0,0,1708200,31.7,218981,OK
2026-08-14 11:40:00,12.00,0.00,0.00,630.25,198,11.50,12.40,0.00,0.00,0.0,0,1708800,30.8,224543,OK
2026-08-14 11:50:00,12.00,0.00,0.00,630.25,44,11.50,12.40,0.00,0.00,0.0,0,1709400,31.2,220322,OK
2026-08-14 23:00:00,12.00,0.00,0.00,0.00,66,0.00,12.40,0.00,0.00,0.0,0,1749600,30.8,225097,OK
2026-08-14 23:10:00,15.42,0.23,3.55,0.59,3745,0.00,12.48,0.26,3.21,7.1,0,1750200,31.8,221612,OK
2026-08-14 23:20:00,16.04,0.45,7.22,1.79,7399,0.17,12.56,0.52,6.56,14.4,0,1750800,32.1,219986,OK
2026-08-14 23:30:00,16.41,0.64,10.50,3.54,10476,0.33,12.63,0.76,9.57,21.0,0,1751400,33.0,222079,OK
2026-08-14 23:40:00,16.83,0.93,15.65,6.15,15055,0.50,12.73,1.13,14.34,31.3,0,1752000,33.4,214533,OK
2026-08-14 23:50:00,17.05,1.11,18.93,9.31,17813,0.67,12.79,1.36,17.40,37.9,11,1752600,34.0,211071,OK
2026-08-15 00:00:00,17.26,1.31,22.61,13.08,20849,0.83,12.86,1.62,20.85,45.2,16,1753200,33.9,214344,OK
2026-08-15 00:10:00,17.54,1.61,28.24,17.78,25714,1.00,12.97,2.02,26.18,56.5,24,1753800,34.5,217232,OK
2026-08-15 00:20:00,17.68,1.78,31.47,23.03,28393,1.17,13.03,2.25,29.27,62.9,28,1754400,35.6,214695,OK
2026-08-15 00:30:00,17.85,2.00,35.70,28.98,31984,1.33,13.10,2.54,33.31,71.4,34,1755000,35.7,213629,OK
2026-08-15 00:40:00,17.98,2.18,39.20,35.51,34803,1.50,13.17,2.79,36.69,78.4,39,1755600,36.6,211986,OK
2026-08-15 00:50:00,18.13,2.41,43.69,42.79,38611,1.67,13.25,3.10,41.07,87.4,21,1756200,36.1,213217,OK
2026-08-15 01:00:00,18.28,2.66,48.62,50.90,42477,1.83,13.34,3.44,45.90,97.2,30,1756800,37.8,219901,OK
2026-08-15 01:10:00,18.40,2.87,52.81,59.70,45756,2.00,13.41,3.73,50.06,105.6,37,1757400,38.2,220100,OK
2026-08-15 01:20:00,18.37,2.80,51.44,68.27,44864,2.17,13.39,3.64,48.71,102.9,34,1758000,37.6,221226,OK
2026-08-15 01:30:00,18.47,2.99,55.23,77.48,47589,2.33,13.45,3.90,52.47,110.5,41,1758600,37.6,212424,OK
2026-08-15 01:40:00,18.60,3.24,60.26,87.52,51823,2.50,13.54,4.25,57.49,120.5,49,1759200,39.2,224805,OK
2026-08-15 01:50:00,18.78,3.60,67.61,98.79,57354,2.67,13.67,4.75,64.91,135.2,62,1759800,40.2,215548,OK
2026-08-15 02:00:00,18.69,3.42,63.92,109.44,54445,2.83,13.60,4.50,61.17,127.8,56,1760400,38.8,215553,OK
2026-08-15 02:10:00,18.85,3.76,70.88,121.25,60038,3.00,13.72,4.98,68.26,141.8,67,1761000,40.0,213414,OK
2026-08-15 02:20:00,18.90,3.86,72.95,133.41,61608,3.17,13.76,5.11,70.32,145.9,71,1761600,40.5,224193,OK
2026-08-15 02:30:00,18.93,3.95,74.77,145.88,63012,3.33,13.79,5.24,72.23,149.5,74,1762200,40.1,220448,OK
2026-08-15 02:40:00,19.08,4.30,82.04,159.55,68742,3.50,13.91,5.73,79.74,164.1,86,1762800,41.4,218755,OK
2026-08-15 02:50:00,19.03,4.16,79.16,172.74,66540,3.67,13.87,5.53,76.71,158.3,82,1763400,40.6,222316,OK
2026-08-15 03:00:00,19.13,4.42,84.55,186.83,70556,3.83,13.96,5.90,82.35,169.1,91,1764000,41.8,222488,OK
2026-08-15 03:10:00,19.24,4.69,90.24,201.87,74892,4.00,14.05,6.26,87.98,180.5,100,1764600,42.2,220610,OK
2026-08-15 03:20:00,19.26,4.75,91.49,217.12,75746,4.17,14.07,6.34,89.20,183.0,100,1765200,42.3,223652,OK
2026-08-15 03:30:00,19.26,4.73,91.10,232.31,75331,4.33,14.06,6.32,88.82,182.2,100,1765800,42.9,211317,OK
2026-08-15 03:40:00,19.15,4.47,85.60,246.57,71428,4.50,13.97,5.97,83.37,171.2,93,1766400,42.5,213984,OK
2026-08-15 03:50:00,19.28,4.78,92.16,261.93,76253,4.67,14.08,6.38,89.86,184.3,100,1767000,42.4,213009,OK
2026-08-15 04:00:00,19.43,5.20,101.04,278.77,82940,4.83,14.23,6.92,98.51,202.1,100,1767600,43.4,221816,OK
2026-08-15 04:10:00,19.43,5.19,100.84,295.58,82778,5.00,14.23,6.91,98.32,201.7,100,1768200,43.2,222459,OK
2026-08-15 04:20:00,19.46,5.28,102.75,312.70,84272,5.17,14.26,7.03,100.18,205.5,100,1768800,43.6,217340,OK
2026-08-15 04:30:00,19.30,4.85,93.60,328.30,77255,5.33,14.11,6.47,91.26,187.2,100,1769400,42.6,212458,OK
2026-08-15 04:40:00,19.30,4.86,93.80,343.94,77406,5.50,14.11,6.48,91.45,187.6,100,1770000,43.3,213533,OK
2026-08-15 04:50:00,19.36,5.01,96.99,360.10,79892,5.67,14.16,6.68,94.57,194.0,100,1770600,43.5,212265,OK
2026-08-15 05:00:00,19.36,5.01,96.99,376.27,80080,5.83,14.16,6.68,94.57,194.0,100,1771200,43.2,223469,OK
2026-08-15 05:10:00,19.35,4.98,96.36,392.33,79379,6.00,14.15,6.64,93.95,192.7,100,1771800,43.4,212254,OK
2026-08-15 05:20:00,19.37,5.05,97.82,408.63,80398,6.17,14.18,6.73,95.37,195.6,100,1772400,43.6,223120,OK
2026-08-15 05:30:00,19.33,4.93,95.30,424.51,78726,6.33,14.14,6.57,92.92,190.6,100,1773000,42.6,219219,OK
2026-08-15 05:40:00,19.34,4.95,95.73,440.47,78808,6.50,14.14,6.60,93.34,191.5,100,1773600,43.4,213272,OK
2026-08-15 05:50:00,19.32,4.90,94.67,456.25,78348,6.67,14.13,6.53,92.30,189.3,100,1774200,43.0,222476,OK
2026-08-15 06:00:00,19.25,4.72,90.86,471.39,75407,6.83,14.06,6.30,88.59,181.7,100,1774800,42.0,222221,OK
2026-08-15 06:10:00,19.24,4.68,90.04,486.40,74634,7.00,14.05,6.25,87.79,180.1,100,1775400,42.7,214486,OK
2026-08-15 06:20:00,19.28,4.78,92.16,501.76,76151,7.17,14.08,6.38,89.86,184.3,100,1776000,42.9,217957,OK
2026-08-15 06:30:00,19.15,4.45,85.22,515.96,71024,7.33,13.97,5.94,83.00,170.4,92,1776600,41.4,213587,OK
2026-08-15 06:40:00,19.29,4.83,93.17,531.49,76886,7.50,14.10,6.44,90.84,186.3,100,1777200,43.4,225139,OK
2026-08-15 06:50:00,19.13,4.41,84.36,545.55,70438,7.67,13.95,5.89,82.17,168.7,90,1777800,41.8,223427,OK
2026-08-15 07:00:00,19.22,4.63,88.99,560.38,73732,7.83,14.03,6.18,86.77,178.0,98,1778400,42.2,224397,OK
2026-08-15 07:10:00,19.07,4.26,81.24,573.92,67972,8.00,13.90,5.67,78.88,162.5,85,1779000,41.7,222336,OK
2026-08-15 07:20:00,19.08,4.30,82.04,587.59,68551,8.17,13.91,5.73,79.74,164.1,86,1779600,40.9,218360,OK
2026-08-15 07:30:00,18.96,4.01,76.03,600.26,64019,8.33,13.81,5.32,73.52,152.1,76,1780200,40.6,223546,OK
2026-08-15 07:40:00,18.95,3.97,75.23,612.80,63465,8.50,13.80,5.27,72.67,150.5,75,1780800,40.4,216399,OK
2026-08-15 07:50:00,18.79,3.63,68.21,624.17,57887,8.67,13.68,4.79,65.55,136.4,63,1781400,39.4,214471,OK
2026-08-15 08:00:00,18.82,3.69,69.45,635.75,58958,8.83,13.70,4.88,66.81,138.9,65,1782000,39.8,219496,OK
2026-08-15 08:10:00,18.77,3.59,67.38,646.98,57335,9.00,13.66,4.73,64.68,134.8,62,1782600,39.8,224163,OK
2026-08-15 08:20:00,18.72,3.47,64.96,657.80,55436,9.17,13.62,4.57,62.23,129.9,57,1783200,39.8,214264,OK
2026-08-15 08:30:00,18.51,3.07,56.83,667.27,49057,9.33,13.48,4.01,54.05,113.7,44,1783800,38.0,221750,OK
2026-08-15 08:40:00,18.47,2.99,55.23,676.48,47644,9.50,13.45,3.90,52.47,110.5,41,1784400,37.8,219739,OK
2026-08-15 08:50:00,18.32,2.72,49.83,684.78,43378,9.67,13.36,3.52,47.09,99.7,32,1785000,37.0,214168,OK
2026-08-15 09:00:00,18.17,2.47,44.88,692.26,39437,9.83,13.27,3.18,42.23,89.8,23,1785600,37.2,221083,OK
2026-08-15 09:10:00,18.03,2.25,40.57,699.03,35989,10.00,13.19,2.88,38.05,81.1,16,1786200,36.6,224268,OK
2026-08-15 09:20:00,17.94,2.13,38.21,705.39,34075,10.17,13.15,2.72,35.76,76.4,38,1786800,36.5,213986,OK
2026-08-15 09:30:00,17.87,2.03,36.28,711.44,32423,10.33,13.11,2.59,33.89,72.6,35,1787400,36.2,214588,OK
2026-08-15 09:40:00,17.61,1.69,29.76,716.40,27147,10.50,13.00,2.12,27.62,59.5,26,1788000,34.5,211801,OK
2026-08-15 09:50:00,17.39,1.44,25.04,720.57,23195,10.67,12.91,1.79,23.14,50.1,20,1788600,34.2,213201,OK
2026-08-15 10:00:00,17.28,1.33,22.98,724.40,21372,10.83,12.87,1.65,21.19,46.0,17,1789200,33.8,221948,OK
2026-08-15 10:10:00,16.96,1.03,17.47,727.32,16442,11.00,12.76,1.26,16.02,34.9,0,1789800,33.9,215119,OK
2026-08-15 10:20:00,16.74,0.86,14.40,729.72,13804,11.17,12.70,1.04,13.16,28.8,0,1790400,33.1,211890,OK
2026-08-15 10:30:00,16.40,0.64,10.50,731.47,10330,11.33,12.63,0.76,9.57,21.0,0,1791000,32.0,225096,OK
2026-08-15 10:40:00,16.07,0.47,7.55,732.72,7686,11.50,12.56,0.55,6.86,15.1,0,1791600,32.6,213192,OK
2026-08-15 10:50:00,15.40,0.23,3.54,733.31,3657,11.50,12.48,0.26,3.20,7.1,0,1792200,31.5,218872,OK
2026-08-15 11:00:00,12.00,0.00,0.00,733.31,181,11.50,12.40,0.00,0.00,0.0,0,1792800,30.8,212462,OK
2026-08-15 11:10:00,12.00,0.00,0.00,733.31,128,11.50,12.40,0.00,0.00,0.0,0,1793400,31.3,221329,OK
2026-08-15 11:20:00,12.00,0.00,0.00,733.31,228,11.50,12.40,0.00,0.00,0.0,0,1794000,30.9,224320,OK
2026-08-15 11:30:00,12.00,0.00,0.00,733.31,132,11.50,12.40,0.00,0.00,0.0,0,1794600,31.1,214492,OK
2026-08-15 11:40:00,12.00,0.00,0.00,733.31,258,11.50,12.40,0.00,0.00,0.0,0,1795200,30.9,212655,OK
2026-08-15 11:50:00,12.00,0.00,0.00,733.31,151,11.50,12.40,0.00,0.00,0.0,0,1795800,30.7,217081,OK
2026-08-15 23:00:00,12.00,0.00,0.00,0.00,170,0.00,12.40,0.00,0.00,0.0,0,1836000,31.2,223353,OK
2026-08-15 23:10:00,15.40,0.23,3.54,0.59,3657,0.00,12.48,0.26,3.20,7.1,0,1836600,31.3,214931,OK
2026-08-15 23:20:00,16.02,0.45,7.21,1.79,7409,0.17,12.56,0.52,6.54,14.4,0,1837200,32.1,212626,OK
2026-08-15 23:30:00,16.47,0.68,11.20,3.66,11115,0.33,12.64,0.81,10.20,22.4,0,1837800,32.3,221817,OK
2026-08-15 23:40:00,16.73,0.85,14.22,6.03,13685,0.50,12.70,1.02,13.00,28.4,0,1838400,33.0,223179,OK
2026-08-15 23:50:00,17.01,1.08,18.37,9.09,17242,0.67,12.78,1.32,16.86,36.7,11,1839000,33.8,220502,OK
2026-08-16 00:00:00,17.22,1.27,21.87,12.73,20442,0.83,12.85,1.57,20.14,43.7,15,1839600,34.3,221664,OK
2026-08-16 00:10:00,17.42,1.48,25.78,17.03,23564,1.00,12.92,1.85,23.85,51.6,21,1840200,34.1,225502,OK
2026-08-16 00:20:00,17.69,1.79,31.67,22.31,28553,1.17,13.03,2.26,29.45,63.3,29,1840800,34.8,224034,OK
2026-08-16 00:30:00,17.84,1.98,35.32,28.20,31708,1.33,13.10,2.52,32.95,70.6,34,1841400,35.7,222271,OK
2026-08-16 00:40:00,17.90,2.08,37.23,34.40,33250,1.50,13.13,2.65,34.81,74.5,36,1842000,36.4,220951,OK
2026-08-16 00:50:00,18.18,2.48,45.09,41.92,39649,1.67,13.27,3.20,42.43,90.2,24,1842600,37.1,220416,OK
2026-08-16 01:00:00,18.29,2.67,48.83,50.05,42534,1.83,13.34,3.46,46.10,97.7,30,1843200,37.0,224063,OK
2026-08-16 01:10:00,18.40,2.86,52.62,58.82,45693,2.00,13.41,3.72,49.88,105.2,36,1843800,38.1,221047,OK
2026-08-16 01:20:00,18.49,3.04,56.21,68.19,48413,2.17,13.47,3.97,53.46,112.4,43,1844400,38.1,225183,OK
2026-08-16 01:30:00,18.46,2.97,54.83,77.33,47450,2.33,13.44,3.87,52.03,109.7,40,1845000,37.5,220877,OK
2026-08-16 01:40:00,18.57,3.18,59.05,87.17,50952,2.50,13.52,4.16,56.27,118.1,47,1845600,38.6,225217,OK
2026-08-16 01:50:00,18.73,3.51,65.74,98.13,56102,2.67,13.63,4.62,62.98,131.5,59,1846200,39.4,221545,OK
2026-08-16 02:00:00,18.82,3.70,69.63,109.73,59142,2.83,13.70,4.89,66.98,139.3,65,1846800,39.7,225706,OK
2026-08-16 02:10:00,18.84,3.73,70.27,121.45,59525,3.00,13.71,4.93,67.60,140.5,66,1847400,39.5,225511,OK
2026-08-16 02:20:00,18.99,4.07,77.29,134.33,65063,3.17,13.83,5.41,74.82,154.6,78,1848000,41.4,215279,OK
2026-08-16 02:30:00,18.95,3.98,75.42,146.90,63752,3.33,13.80,5.28,72.86,150.8,75,1848600,40.3,224902,OK
2026-08-16 02:40:00,19.02,4.14,78.74,160.02,66215,3.50,13.86,5.51,76.30,157.5,81,1849200,40.5,216363,OK
2026-08-16 02:50:00,18.99,4.08,77.48,172.93,65263,3.67,13.84,5.42,75.00,155.0,79,1849800,41.3,214169,OK
2026-08-16 03:00:00,19.01,4.12,78.32,185.99,65683,3.83,13.85,5.48,75.89,156.6,80,1850400,41.5,220570,OK
2026-08-16 03:10:00,19.25,4.72,90.86,201.13,75402,4.00,14.06,6.30,88.59,181.7,100,1851000,42.6,225520,OK
2026-08-16 03:20:00,19.15,4.46,85.41,215.37,71069,4.17,13.97,5.95,83.19,170.8,92,1851600,41.3,215238,OK
2026-08-16 03:30:00,19.17,4.50,86.27,229.75,71924,4.33,13.98,6.02,84.11,172.5,94,1852200,42.5,220443,OK
2026-08-16 03:40:00,19.26,4.73,91.10,244.93,75478,4.50,14.07,6.31,88.82,182.2,100,1852800,42.5,225416,OK
2026-08-16 03:50:00,19.23,4.67,89.80,259.89,74546,4.67,14.04,6.24,87.55,179.6,100,1853400,42.4,215988,OK
2026-08-16 04:00:00,19.35,4.98,96.36,275.95,79594,4.83,14.15,6.64,93.95,192.7,100,1854000,43.8,214006,OK
2026-08-16 04:10:00,19.29,4.83,93.17,291.48,77197,5.00,14.10,6.44,90.84,186.3,100,1854600,42.4,217799,OK
2026-08-16 04:20:00,19.25,4.72,90.86,306.63,75348,5.17,14.06,6.30,88.59,181.7,100,1855200,43.1,220597,OK
2026-08-16 04:30:00,19.36,5.02,97.19,322.82,80247,5.33,14.17,6.69,94.76,194.4,100,1855800,43.0,218423,OK
2026-08-16 04:40:00,19.27,4.78,92.11,338.18,76366,5.50,14.08,6.38,89.81,184.2,100,1856400,42.2,215180,OK
2026-08-16 04:50:00,19.26,4.75,91.49,353.42,75767,5.67,14.07,6.34,89.20,183.0,100,1857000,42.4,213758,OK
2026-08-16 05:00:00,19.32,4.90,94.67,369.20,78217,5.83,14.12,6.54,92.30,189.3,100,1857600,43.1,217209,OK
2026-08-16 05:10:00,19.42,5.16,100.21,385.90,82443,6.00,14.22,6.87,97.70,200.4,100,1858200,43.9,216761,OK
2026-08-16 05:20:00,19.44,5.24,101.87,402.88,83480,6.17,14.24,6.97,99.32,203.7,100,1858800,43.5,211186,OK
2026-08-16 05:30:00,19.43,5.21,101.23,419.75,83190,6.33,14.23,6.94,98.70,202.5,100,1859400,43.7,216032,OK
2026-08-16 05:40:00,19.33,4.94,95.49,435.67,78914,6.50,14.14,6.58,93.10,191.0,100,1860000,43.2,221239,OK
2026-08-16 05:50:00,19.32,4.91,94.86,451.48,78171,6.67,14.13,6.55,92.49,189.7,100,1860600,43.6,213936,OK
2026-08-16 06:00:00,19.26,4.74,91.29,466.69,75746,6.83,14.07,6.33,89.01,182.6,100,1861200,42.1,216958,OK
2026-08-16 06:10:00,19.37,5.04,97.62,482.96,80421,7.00,14.17,6.72,95.18,195.2,100,1861800,42.9,225628,OK
2026-08-16 06:20:00,19.28,4.80,92.54,498.39,76609,7.17,14.09,6.40,90.23,185.1,100,1862400,43.1,216999,OK
2026-08-16 06:30:00,19.29,4.83,93.17,513.92,77048,7.33,14.10,6.44,90.84,186.3,100,1863000,43.2,223918,OK
2026-08-16 06:40:00,19.17,4.52,86.65,528.36,71960,7.50,13.99,6.04,84.48,173.3,94,1863600,42.6,212305,OK
2026-08-16 06:50:00,19.07,4.25,81.05,541.87,67883,7.67,13.90,5.66,78.70,162.1,85,1864200,41.9,223058,OK
2026-08-16 07:00:00,19.13,4.42,84.55,555.96,70643,7.83,13.96,5.90,82.35,169.1,91,1864800,41.4,221510,OK
2026-08-16 07:10:00,19.13,4.40,84.17,569.99,70362,8.00,13.95,5.87,81.90,168.3,90,1865400,41.9,225347,OK
2026-08-16 07:20:00,19.13,4.40,84.17,584.01,70320,8.17,13.95,5.87,81.90,168.3,90,1866000,41.7,222683,OK
2026-08-16 07:30:00,18.97,4.02,76.26,596.73,64047,8.33,13.81,5.34,73.74,152.5,77,1866600,40.6,225754,OK
2026-08-16 07:40:00,19.01,4.13,78.51,609.81,66087,8.50,13.85,5.49,76.08,157.0,80,1867200,40.5,225443,OK
2026-08-16 07:50:00,18.90,3.88,73.33,622.03,61917,8.67,13.77,5.14,70.76,146.7,72,1867800,40.9,212401,OK
2026-08-16 08:00:00,18.79,3.63,68.21,633.40,57793,8.83,13.68,4.79,65.48,136.4,63,1868400,39.1,215913,OK
2026-08-16 08:10:00,18.71,3.46,64.74,644.19,55113,9.00,13.62,4.55,62.02,129.5,57,1869000,39.3,214723,OK
2026-08-16 08:20:00,18.51,3.06,56.64,653.63,49012,9.17,13.48,4.00,53.86,113.3,43,1869600,37.7,219649,OK
2026-08-16 08:30:00,18.57,3.17,58.87,663.44,50751,9.33,13.52,4.15,56.10,117.7,47,1870200,38.1,224108,OK
2026-08-16 08:40:00,18.39,2.84,52.23,672.15,45571,9.50,13.40,3.69,49.46,104.5,36,1870800,37.8,225122,OK
2026-08-16 08:50:00,18.28,2.66,48.62,680.25,42661,9.67,13.34,3.44,45.90,97.2,30,1871400,37.5,225002,OK
2026-08-16 09:00:00,18.11,2.38,43.10,687.43,38145,9.83,13.24,3.06,40.51,86.2,20,1872000,36.6,223465,OK
2026-08-16 09:10:00,18.14,2.42,43.90,694.75,38553,10.00,13.25,3.11,41.27,87.8,22,1872600,36.4,218277,OK
2026-08-16 09:20:00,17.90,2.06,36.87,700.90,32908,10.17,13.13,2.62,34.44,73.7,36,1873200,35.9,217697,OK
2026-08-16 09:30:00,17.72,1.83,32.43,706.30,29195,10.33,13.04,2.32,30.19,64.9,30,1873800,35.4,222493,OK
2026-08-16 09:40:00,17.64,1.73,30.52,711.39,27791,10.50,13.01,2.18,28.35,61.0,27,1874400,35.5,220972,OK
2026-08-16 09:50:00,17.48,1.54,26.92,715.87,24637,10.67,12.94,1.93,24.93,53.8,22,1875000,34.2,216699,OK
2026-08-16 10:00:00,17.19,1.24,21.32,719.43,19795,10.83,12.84,1.53,19.64,42.6,15,1875600,33.8,211486,OK
2026-08-16 10:10:00,16.99,1.06,18.01,722.43,17078,11.00,12.77,1.29,16.53,36.0,10,1876200,33.8,214443,OK
2026-08-16 10:20:00,16.70,0.83,13.86,724.74,13352,11.17,12.69,1.00,12.67,27.7,0,1876800,33.4,225404,OK
2026-08-16 10:30:00,16.39,0.64,10.49,726.49,10418,11.33,12.62,0.76,9.56,21.0,0,1877400,32.6,211835,OK
2026-08-16 10:40:00,15.96,0.42,6.70,727.60,6677,11.50,12.55,0.48,6.08,13.4,0,1878000,31.6,217856,OK
2026-08-16 10:50:00,15.34,0.21,3.22,728.14,3635,11.50,12.47,0.23,2.91,6.4,0,1878600,31.4,214795,OK
2026-08-16 11:00:00,12.00,0.00,0.00,728.14,291,11.50,12.40,0.00,0.00,0.0,0,1879200,30.6,215962,OK
2026-08-16 11:10:00,12.00,0.00,0.00,728.14,69,11.50,12.40,0.00,0.00,0.0,0,1879800,31.5,225609,OK
2026-08-16 11:20:00,12.00,0.00,0.00,728.14,54,11.50,12.40,0.00,0.00,0.0,0,1880400,30.7,225783,OK
2026-08-16 11:30:00,12.00,0.00,0.00,728.14,225,11.50,12.40,0.00,0.00,0.0,0,1881000,31.1,221740,OK
2026-08-16 11:40:00,12.00,0.00,0.00,728.14,189,11.50,12.40,0.00,0.00,0.0,0,1881600,31.4,223228,OK
2026-08-16 11:50:00,12.00,0.00,0.00,728.14,164,11.50,12.40,0.00,0.00,0.0,0,1882200,31.4,224773,OK
2026-08-16 23:00:00,12.00,0.00,0.00,0.00,114,0.00,12.40,0.00,0.00,0.0,0,1922400,31.1,222853,OK
2026-08-16 23:10:00,15.32,0.21,3.22,0.54,3440,0.00,12.47,0.23,2.91,6.4,0,1923000,31.5,211764,OK
2026-08-16 23:20:00,16.00,0.44,7.04,1.71,7161,0.17,12.55,0.51,6.39,14.1,0,1923600,31.5,212179,OK
2026-08-16 23:30:00,16.39,0.64,10.49,3.46,10193,0.33,12.62,0.76,9.56,21.0,0,1924200,31.9,212812,OK
2026-08-16 23:40:00,16.82,0.92,15.47,6.04,14887,0.50,12.72,1.11,14.16,30.9,0,1924800,32.5,219252,OK
2026-08-16 23:50:00,17.06,1.12,19.11,9.22,17985,0.67,12.79,1.37,17.56,38.2,12,1925400,33.2,216835,OK
2026-08-17 00:00:00,17.22,1.27,21.87,12.87,20516,0.83,12.85,1.57,20.14,43.7,15,1926000,33.4,214582,OK
2026-08-17 00:10:00,17.44,1.50,26.16,17.23,24035,1.00,12.93,1.87,24.20,52.3,21,1926600,34.8,220196,OK
2026-08-17 00:20:00,17.62,1.70,29.95,22.22,27067,1.17,13.00,2.14,27.79,59.9,26,1927200,35.0,223509,OK
2026-08-17 00:30:00,17.78,1.90,33.78,27.85,30516,1.33,13.07,2.41,31.48,67.6,32,1927800,34.9,214045,OK
2026-08-17 00:40:00,17.86,2.01,35.90,33.83,32333,1.50,13.11,2.56,33.53,71.8,34,1928400,35.6,219370,OK
2026-08-17 00:50:00,18.09,2.35,42.51,40.92,37638,1.67,13.23,3.02,39.92,85.0,19,1929000,36.0,218027,OK
2026-08-17 01:00:00,18.30,2.68,49.04,49.09,42764,1.83,13.34,3.47,46.34,98.1,30,1929600,37.7,217710,OK
2026-08-17 01:10:00,18.25,2.60,47.45,57.00,41484,2.00,13.32,3.36,44.75,94.9,28,1930200,37.1,222323,OK
2026-08-17 01:20:00,18.44,2.94,54.21,66.03,46778,2.17,13.43,3.83,51.45,108.4,39,1930800,38.4,220028,OK
2026-08-17 01:30:00,18.50,3.05,56.42,75.44,48748,2.33,13.47,3.98,53.66,112.8,43,1931400,38.2,225322,OK
2026-08-17 01:40:00,18.54,3.12,57.84,85.08,49864,2.50,13.50,4.08,55.06,115.7,45,1932000,39.0,218118,OK
2026-08-17 01:50:00,18.62,3.28,61.07,95.25,52496,2.67,13.55,4.30,58.32,122.1,51,1932600,38.9,212408,OK
2026-08-17 02:00:00,18.83,3.71,69.86,106.90,59256,2.83,13.70,4.91,67.21,139.7,66,1933200,39.4,216397,OK
2026-08-17 02:10:00,18.77,3.59,67.38,118.13,57334,3.00,13.66,4.73,64.68,134.8,62,1933800,39.3,216448,OK
2026-08-17 02:20:00,18.94,3.95,74.81,130.60,62926,3.17,13.79,5.24,72.27,149.6,74,1934400,41.0,216731,OK
2026-08-17 02:30:00,18.97,4.02,76.26,143.31,64201,3.33,13.81,5.34,73.74,152.5,77,1935000,41.2,223084,OK
2026-08-17 02:40:00,19.05,4.21,80.20,156.67,67217,3.50,13.88,5.60,77.79,160.4,83,1935600,40.9,218170,OK
2026-08-17 02:50:00,19.16,4.48,85.84,170.98,71620,3.67,13.98,5.99,83.69,171.7,93,1936200,41.7,224911,OK
2026-08-17 03:00:00,19.10,4.34,82.89,184.80,69238,3.83,13.93,5.78,80.57,165.8,88,1936800,41.0,220937,OK
2026-08-17 03:10:00,19.23,4.66,89.61,199.73,74292,4.00,14.04,6.22,87.37,179.2,99,1937400,42.4,218889,OK
2026-08-17 03:20:00,19.28,4.79,92.35,215.12,76582,4.17,14.09,6.39,90.04,184.7,100,1938000,42.2,218676,OK
2026-08-17 03:30:00,19.22,4.63,88.99,229.95,73938,4.33,14.03,6.18,86.77,178.0,98,1938600,42.0,215372,OK
2026-08-17 03:40:00,19.35,4.98,96.36,246.01,79524,4.50,14.15,6.64,93.95,192.7,100,1939200,43.0,214868,OK
2026-08-17 03:50:00,19.33,4.93,95.30,261.90,78487,4.67,14.13,6.58,92.92,190.6,100,1939800,43.3,211197,OK
2026-08-17 04:00:00,19.32,4.91,94.86,277.71,78373,4.83,14.13,6.55,92.49,189.7,100,1940400,42.6,217300,OK
2026-08-17 04:10:00,19.30,4.85,93.60,293.31,77374,5.00,14.11,6.47,91.26,187.2,100,1941000,42.5,212978,OK
2026-08-17 04:20:00,19.25,4.72,90.86,308.45,75262,5.17,14.06,6.30,88.59,181.7,100,1941600,43.0,214640,OK
2026-08-17 04:30:00,19.48,5.33,103.83,325.76,85201,5.33,14.28,7.09,101.23,207.7,100,1942200,44.1,219468,OK
2026-08-17 04:40:00,19.48,5.36,104.41,343.16,85385,5.50,14.28,7.13,101.80,208.8,100,1942800,43.8,220154,OK
2026-08-17 04:50:00,19.40,5.12,99.33,359.71,81779,5.67,14.20,6.82,96.85,198.7,100,1943400,43.8,217845,OK
2026-08-17 05:00:00,19.28,4.79,92.35,375.10,76218,5.83,14.08,6.39,90.04,184.7,100,1944000,42.8,224425,OK
2026-08-17 05:10:00,19.42,5.18,100.60,391.87,82510,6.00,14.22,6.90,98.08,201.2,100,1944600,43.5,212457,OK
2026-08-17 05:20:00,19.29,4.83,93.17,407.40,76999,6.17,14.10,6.44,90.84,186.3,100,1945200,43.2,214051,OK
2026-08-17 05:30:00,19.34,4.95,95.73,423.35,78989,6.33,14.14,6.60,93.34,191.5,100,1945800,43.0,211549,OK
2026-08-17 05:40:00,19.35,4.98,96.36,439.41,79603,6.50,14.15,6.64,93.95,192.7,100,1946400,42.8,220289,OK
2026-08-17 05:50:00,19.31,4.87,94.04,455.09,77799,6.67,14.11,6.50,91.69,188.1,100,1947000,43.1,220752,OK
2026-08-17 06:00:00,19.35,4.97,96.17,471.11,79252,6.83,14.15,6.63,93.77,192.3,100,1947600,43.0,213817,OK
2026-08-17 06:10:00,19.20,4.59,88.13,485.80,73332,7.00,14.01,6.13,85.93,176.3,97,1948200,42.6,221119,OK
2026-08-17 06:20:00,19.31,4.86,93.85,501.44,77463,7.17,14.11,6.48,91.50,187.7,100,1948800,43.4,211193,OK
2026-08-17 06:30:00,19.25,4.71,90.67,516.56,75185,7.33,14.06,6.29,88.40,181.3,100,1949400,42.1,216997,OK
2026-08-17 06:40:00,19.17,4.52,86.65,531.00,72064,7.50,13.99,6.04,84.48,173.3,94,1950000,42.4,222635,OK
2026-08-17 06:50:00,19.15,4.46,85.41,545.23,71100,7.67,13.97,5.95,83.19,170.8,92,1950600,41.7,220862,OK
2026-08-17 07:00:00,19.05,4.21,80.20,558.60,67311,7.83,13.88,5.60,77.79,160.4,83,1951200,41.3,219006,OK
2026-08-17 07:10:00,19.03,4.17,79.36,571.83,66693,8.00,13.87,5.55,76.98,158.7,82,1951800,41.6,212874,OK
2026-08-17 07:20:00,18.98,4.05,76.87,584.64,64763,8.17,13.83,5.38,74.41,153.7,78,1952400,41.1,224091,OK
2026-08-17 07:30:00,18.95,3.98,75.42,597.21,63389,8.33,13.80,5.28,72.86,150.8,75,1953000,40.3,221788,OK
2026-08-17 07:40:00,18.92,3.91,73.98,609.54,62482,8.50,13.78,5.18,71.39,148.0,73,1953600,40.6,219782,OK
2026-08-17 07:50:00,18.90,3.87,73.14,621.73,61682,8.67,13.76,5.12,70.51,146.3,71,1954200,40.7,213292,OK
2026-08-17 08:00:00,18.76,3.57,66.97,632.89,56830,8.83,13.66,4.70,64.22,133.9,61,1954800,39.7,221090,OK
2026-08-17 08:10:00,18.70,3.44,64.33,643.61,54952,9.00,13.61,4.52,61.56,128.7,56,1955400,38.7,221585,OK
2026-08-17 08:20:00,18.68,3.41,63.70,654.23,54536,9.17,13.60,4.48,60.96,127.4,55,1956000,39.2,224691,OK
2026-08-17 08:30:00,18.43,2.91,53.63,663.17,46587,9.33,13.42,3.79,50.89,107.3,38,1956600,37.9,215206,OK
2026-08-17 08:40:00,18.50,3.05,56.42,672.57,48844,9.50,13.47,3.98,53.66,112.8,43,1957200,38.1,211113,OK
2026-08-17 08:50:00,18.26,2.62,47.84,680.54,41993,9.67,13.32,3.39,45.16,95.7,28,1957800,37.3,211305,OK
2026-08-17 09:00:00,18.16,2.46,44.67,687.99,39292,9.83,13.27,3.17,42.03,89.3,23,1958400,36.8,212896,OK
2026-08-17 09:10:00,18.03,2.26,40.75,694.78,36319,10.00,13.20,2.90,38.22,81.5,16,1959000,36.9,216098,OK
2026-08-17 09:20:00,17.87,2.02,36.10,700.80,32219,10.17,13.11,2.57,33.72,72.2,35,1959600,35.4,220118,OK
2026-08-17 09:30:00,17.87,2.02,36.10,706.81,32449,10.33,13.11,2.57,33.72,72.2,35,1960200,35.2,224557,OK
2026-08-17 09:40:00,17.60,1.67,29.39,711.71,26736,10.50,12.99,2.10,27.27,58.8,26,1960800,34.4,217763,OK
2026-08-17 09:50:00,17.39,1.44,25.04,715.88,23212,10.67,12.91,1.79,23.14,50.1,20,1961400,34.3,215707,OK
2026-08-17 10:00:00,17.34,1.39,24.10,719.90,22117,10.83,12.89,1.73,22.24,48.2,18,1962000,33.8,215452,OK
2026-08-17 10:10:00,17.02,1.09,18.55,722.99,17421,11.00,12.78,1.33,17.03,37.1,11,1962600,34.0,211814,OK
2026-08-17 10:20:00,16.71,0.84,14.04,725.33,13681,11.17,12.70,1.01,12.83,28.1,0,1963200,33.4,221671,OK
2026-08-17 10:30:00,16.48,0.69,11.37,727.23,11198,11.33,12.64,0.82,10.36,22.7,0,1963800,32.7,214549,OK
2026-08-17 10:40:00,16.00,0.44,7.04,728.40,6956,11.50,12.55,0.51,6.39,14.1,0,1964400,31.6,213788,OK
2026-08-17 10:50:00,15.40,0.23,3.54,728.99,3854,11.50,12.48,0.26,3.20,7.1,0,1965000,31.7,217268,OK
2026-08-17 11:00:00,12.00,0.00,0.00,728.99,62,11.50,12.40,0.00,0.00,0.0,0,1965600,31.1,223298,OK
2026-08-17 11:10:00,12.00,0.00,0.00,728.99,2,11.50,12.40,0.00,0.00,0.0,0,1966200,31.7,223552,OK
2026-08-17 11:20:00,12.00,0.00,0.00,728.99,204,11.50,12.40,0.00,0.00,0.0,0,1966800,31.5,213766,OK
2026-08-17 11:30:00,12.00,0.00,0.00,728.99,43,11.50,12.40,0.00,0.00,0.0,0,1967400,30.6,214002,OK
2026-08-17 11:40:00,12.00,0.00,0.00,728.99,268,11.50,12.40,0.00,0.00,0.0,0,1968000,31.0,223197,OK
2026-08-17 11:50:00,12.00,0.00,0.00,728.99,87,11.50,12.40,0.00,0.00,0.0,0,1968600,31.7,217697,OK
2026-08-17 23:00:00,12.00,0.00,0.00,0.00,100,0.00,12.40,0.00,0.00,0.0,0,2008800,30.8,214178,OK
2026-08-17 23:10:00,15.32,0.21,3.22,0.54,3502,0.00,12.47,0.23,2.91,6.4,0,2009400,32.1,217926,OK
2026-08-17 23:20:00,15.91,0.40,6.36,1.60,6513,0.17,12.54,0.46,5.77,12.7,0,2010000,31.4,215625,OK
2026-08-17 23:30:00,16.12,0.49,7.90,2.91,8015,0.33,12.57,0.57,7.17,15.8,0,2010600,32.0,224274,OK
2026-08-17 23:40:00,16.31,0.59,9.62,4.52,9623,0.50,12.61,0.69,8.75,19.2,0,2011200,32.0,211873,OK
2026-08-17 23:50:00,16.56,0.74,12.25,6.56,11866,0.67,12.66,0.88,11.17,24.5,0,2011800,33.1,221348,OK
2026-08-18 00:00:00,17.15,1.20,20.58,9.99,19297,0.83,12.82,1.48,18.93,41.2,14,2012400,34.4,223774,OK
2026-08-18 00:10:00,17.38,1.43,24.85,14.13,22948,1.00,12.90,1.78,22.96,49.7,19,2013000,34.7,216357,OK
2026-08-18 00:20:00,17.26,1.31,22.61,17.90,20979,1.17,12.86,1.62,20.85,45.2,16,2013600,34.3,219124,OK
2026-08-18 00:30:00,17.52,1.58,27.68,22.51,25440,1.33,12.96,1.98,25.63,55.4,23,2014200,34.7,215439,OK
2026-08-18 00:40:00,17.65,1.75,30.89,27.66,27961,1.50,13.01,2.21,28.70,61.8,28,2014800,34.7,224192,OK
2026-08-18 00:50:00,17.51,1.58,27.67,32.27,25370,1.67,12.95,1.98,25.62,55.3,23,2015400,34.6,214977,OK
2026-08-18 01:00:00,17.72,1.83,32.43,37.68,29383,1.83,13.04,2.32,30.19,64.9,30,2016000,35.1,217367,OK
2026-08-18 01:10:00,17.70,1.80,31.86,42.99,28866,2.00,13.03,2.27,29.63,63.7,29,2016600,35.6,217072,OK
2026-08-18 01:20:00,17.91,2.08,37.25,49.20,33439,2.17,13.13,2.65,34.83,74.5,36,2017200,35.9,223328,OK
2026-08-18 01:30:00,18.12,2.40,43.49,56.44,38471,2.33,13.24,3.09,40.88,87.0,21,2017800,37.0,224566,OK
2026-08-18 01:40:00,18.04,2.28,41.13,63.30,36576,2.50,13.20,2.92,38.58,82.3,17,2018400,36.4,221509,OK
2026-08-18 01:50:00,18.56,3.17,58.84,73.11,50663,2.67,13.51,4.15,56.07,117.7,47,2019000,38.7,212443,OK
2026-08-18 02:00:00,18.65,3.35,62.48,83.52,53482,2.83,13.58,4.40,59.73,125.0,53,2019600,39.4,213949,OK
2026-08-18 02:10:00,18.58,3.20,59.46,93.43,51044,3.00,13.53,4.19,56.67,118.9,48,2020200,38.3,222315,OK
2026-08-18 02:20:00,18.50,3.05,56.42,102.83,48625,3.17,13.47,3.98,53.66,112.8,43,2020800,38.8,211822,OK
2026-08-18 02:30:00,18.26,2.61,47.66,110.78,41831,3.33,13.32,3.38,44.99,95.3,28,2021400,36.6,221165,OK
2026-08-18 02:40:00,18.79,3.63,68.21,122.14,58033,3.50,13.68,4.79,65.48,136.4,63,2022000,39.7,215170,OK
2026-08-18 02:50:00,18.89,3.84,72.54,134.23,61270,3.67,13.75,5.09,69.93,145.1,70,2022600,40.4,224104,OK
2026-08-18 03:00:00,18.95,3.97,75.23,146.77,63556,3.83,13.80,5.27,72.67,150.5,75,2023200,40.6,222765,OK
2026-08-18 03:10:00,18.66,3.36,62.70,157.22,53709,4.00,13.58,4.41,59.94,125.4,54,2023800,39.5,217723,OK
2026-08-18 03:20:00,18.82,3.69,69.45,168.80,58999,4.17,13.70,4.88,66.81,138.9,65,2024400,39.3,211434,OK
2026-08-18 03:30:00,18.68,3.39,63.33,179.35,54186,4.33,13.59,4.46,60.61,126.7,55,2025000,38.8,213522,OK
2026-08-18 03:40:00,18.76,3.56,66.79,190.48,56869,4.50,13.65,4.69,64.05,133.6,61,2025600,39.5,223842,OK
2026-08-18 03:50:00,18.92,3.91,73.98,202.81,62402,4.67,13.78,5.18,71.39,148.0,73,2026200,41.0,214504,OK
2026-08-18 04:00:00,18.62,3.28,61.07,212.99,52324,4.83,13.56,4.30,58.32,122.1,51,2026800,39.2,217422,OK
2026-08-18 04:10:00,19.01,4.12,78.32,226.05,65906,5.00,13.85,5.48,75.89,156.6,80,2027400,41.2,214610,OK
2026-08-18 04:20:00,18.67,3.38,63.10,236.56,53902,5.17,13.59,4.44,60.32,126.2,54,2028000,39.1,225630,OK
2026-08-18 04:30:00,18.97,4.03,76.45,249.30,64201,5.33,13.82,5.35,73.93,152.9,77,2028600,40.8,222246,OK
2026-08-18 04:40:00,18.84,3.74,70.46,261.05,59785,5.50,13.71,4.94,67.78,140.9,67,2029200,40.4,222272,OK
2026-08-18 04:50:00,18.68,3.39,63.33,271.60,54300,5.67,13.59,4.46,60.61,126.7,55,2029800,39.3,218086,OK
2026-08-18 05:00:00,17.12,1.17,20.03,274.94,18813,5.83,12.81,1.44,18.43,40.1,13,2030400,33.1,218187,OK
2026-08-18 05:10:00,16.33,0.60,9.80,276.57,9775,6.00,12.61,0.71,8.92,19.6,0,2031000,32.6,213960,OK
2026-08-18 05:20:00,16.94,1.02,17.28,279.45,16477,6.17,12.76,1.24,15.85,34.6,0,2031600,33.8,219847,OK
2026-08-18 05:30:00,16.75,0.87,14.57,281.88,13931,6.33,12.70,1.05,13.32,29.1,0,2032200,33.1,222955,OK
2026-08-18 05:40:00,17.21,1.26,21.68,285.50,20196,6.50,12.84,1.56,19.97,43.4,15,2032800,33.7,219662,OK
2026-08-18 05:50:00,17.04,1.10,18.74,288.62,17723,6.67,12.79,1.34,17.20,37.5,11,2033400,33.8,223707,OK
2026-08-18 06:00:00,16.74,0.86,14.40,291.02,13881,6.83,12.70,1.04,13.16,28.8,0,2034000,32.7,211544,OK
2026-08-18 06:10:00,16.24,0.55,8.93,292.51,8981,7.00,12.59,0.64,8.12,17.9,0,2034600,32.5,216615,OK
2026-08-18 06:20:00,17.12,1.17,20.03,295.84,18925,7.17,12.81,1.44,18.43,40.1,13,2035200,34.0,212400,OK
2026-08-18 06:30:00,16.32,0.60,9.79,297.48,9543,7.33,12.61,0.71,8.91,19.6,0,2035800,32.8,215754,OK
2026-08-18 06:40:00,16.53,0.72,11.90,299.46,11595,7.50,12.65,0.86,10.85,23.8,0,2036400,32.1,223283,OK
2026-08-18 06:50:00,16.16,0.51,8.24,300.83,8278,7.67,12.58,0.59,7.48,16.5,0,2037000,32.2,225810,OK
2026-08-18 07:00:00,16.42,0.65,10.67,302.61,10393,7.83,12.63,0.77,9.72,21.3,0,2037600,32.9,217560,OK
2026-08-18 07:10:00,16.34,0.61,9.97,304.27,9781,8.00,12.61,0.72,9.07,19.9,0,2038200,32.7,225399,OK
2026-08-18 07:20:00,16.94,1.02,17.28,307.15,16211,8.17,12.76,1.24,15.85,34.6,0,2038800,32.8,211313,OK
2026-08-18 07:30:00,16.30,0.58,9.45,308.73,9423,8.33,12.61,0.68,8.60,18.9,0,2039400,32.3,218100,OK
2026-08-18 07:40:00,15.97,0.43,6.87,309.87,6805,8.50,12.55,0.50,6.23,13.7,0,2040000,31.6,218681,OK
2026-08-18 07:50:00,16.21,0.54,8.75,311.33,8807,8.67,12.59,0.63,7.95,17.5,0,2040600,32.6,223733,OK
2026-08-18 08:00:00,16.42,0.65,10.67,313.11,10420,8.83,12.63,0.77,9.72,21.3,0,2041200,32.0,223617,OK
2026-08-18 08:10:00,16.76,0.88,14.75,315.57,14152,9.00,12.71,1.06,13.50,29.5,0,2041800,32.5,212379,OK
2026-08-18 08:20:00,16.51,0.71,11.72,317.52,11359,9.17,12.65,0.85,10.69,23.4,0,2042400,32.5,225142,OK
2026-08-18 08:30:00,16.45,0.67,11.02,319.36,10810,9.33,12.64,0.79,10.04,22.0,0,2043000,32.8,217151,OK
2026-08-18 08:40:00,16.00,0.44,7.04,320.53,7132,9.50,12.55,0.51,6.39,14.1,0,2043600,31.7,222848,OK
2026-08-18 08:50:00,15.75,0.34,5.36,321.42,5653,9.67,12.52,0.39,4.86,10.7,0,2044200,31.4,217593,OK
2026-08-18 09:00:00,15.98,0.43,6.87,322.57,7081,9.83,12.55,0.50,6.23,13.7,0,2044800,32.4,224621,OK
2026-08-18 09:10:00,16.09,0.48,7.72,323.86,7648,10.00,12.57,0.56,7.01,15.4,0,2045400,31.6,215614,OK
2026-08-18 09:20:00,16.12,0.49,7.90,325.17,8057,10.17,12.57,0.57,7.17,15.8,0,2046000,32.2,217449,OK
2026-08-18 09:30:00,15.82,0.36,5.70,326.12,5898,10.33,12.53,0.41,5.16,11.4,0,2046600,32.1,212918,OK
2026-08-18 09:40:00,15.75,0.34,5.36,327.02,5506,10.50,12.52,0.39,4.86,10.7,0,2047200,32.0,211767,OK
2026-08-18 09:50:00,15.53,0.27,4.19,327.71,4397,10.50,12.49,0.30,3.79,8.4,0,2047800,31.7,215430,OK
2026-08-18 10:00:00,16.99,1.06,18.01,330.72,17073,10.67,12.77,1.29,16.53,36.0,10,2048400,33.9,218157,OK
2026-08-18 10:10:00,16.61,0.77,12.79,332.85,12299,10.83,12.67,0.92,11.68,25.6,0,2049000,32.5,225203,OK
2026-08-18 10:20:00,16.63,0.78,12.97,335.01,12654,11.00,12.67,0.93,11.84,25.9,0,2049600,32.8,220686,OK
2026-08-18 10:30:00,16.10,0.48,7.73,336.30,7928,11.17,12.57,0.56,7.02,15.5,0,2050200,32.3,222626,OK
2026-08-18 10:40:00,15.90,0.40,6.36,337.36,6555,11.33,12.54,0.46,5.77,12.7,0,2050800,32.2,216971,OK
2026-08-18 10:50:00,15.26,0.19,2.90,337.84,3178,11.33,12.47,0.21,2.62,5.8,0,2051400,31.2,224560,OK
2026-08-18 11:00:00,12.00,0.00,0.00,337.84,125,11.33,12.40,0.00,0.00,0.0,0,2052000,31.0,217338,OK
2026-08-18 11:10:00,12.00,0.00,0.00,337.84,42,11.33,12.40,0.00,0.00,0.0,0,2052600,31.0,212672,OK
2026-08-18 11:20:00,12.00,0.00,0.00,337.84,147,11.33,12.40,0.00,0.00,0.0,0,2053200,31.3,211956,OK
2026-08-18 11:30:00,12.00,0.00,0.00,337.84,11,11.33,12.40,0.00,0.00,0.0,0,2053800,30.8,220802,OK
2026-08-18 11:40:00,12.00,0.00,0.00,337.84,87,11.33,12.40,0.00,0.00,0.0,0,2054400,30.7,215971,OK
2026-08-18 11:50:00,12.00,0.00,0.00,337.84,228,11.33,12.40,0.00,0.00,0.0,0,2055000,31.8,216057,OK
2026-08-18 23:00:00,12.00,0.00,0.00,0.00,62,0.00,12.40,0.00,0.00,0.0,0,2095200,31.3,216325,OK
2026-08-18 23:10:00,15.39,0.22,3.39,0.56,3843,0.00,12.48,0.25,3.06,6.8,0,2095800,31.4,211248,OK
2026-08-18 23:20:00,15.95,0.42,6.70,1.68,6797,0.17,12.55,0.48,6.08,13.4,0,2096400,32.2,211491,OK
2026-08-18 23:30:00,16.46,0.68,11.19,3.55,10805,0.33,12.64,0.81,10.19,22.4,0,2097000,33.2,217923,OK
2026-08-18 23:40:00,16.76,0.88,14.75,6.00,14123,0.50,12.71,1.06,13.50,29.5,0,2097600,32.5,220770,OK
2026-08-18 23:50:00,16.97,1.04,17.65,8.95,16851,0.67,12.77,1.27,16.19,35.3,0,2098200,33.2,215794,OK
2026-08-19 00:00:00,17.21,1.25,21.51,12.53,20212,0.83,12.84,1.54,19.81,43.0,15,2098800,34.1,224818,OK
2026-08-19 00:10:00,17.48,1.54,26.92,17.02,24518,1.00,12.94,1.93,24.93,53.8,22,2099400,34.2,225473,OK
2026-08-19 00:20:00,17.72,1.83,32.43,22.42,29247,1.17,13.04,2.32,30.19,64.9,30,2100000,35.8,225012,OK
2026-08-19 00:30:00,17.77,1.90,33.76,28.05,30287,1.33,13.07,2.41,31.46,67.5,31,2100600,36.0,224500,OK
2026-08-19 00:40:00,17.95,2.13,38.23,34.42,34259,1.50,13.15,2.72,35.78,76.5,38,2101200,35.5,224442,OK
2026-08-19 00:50:00,18.03,2.25,40.57,41.18,35856,1.67,13.19,2.88,38.01,81.1,16,2101800,36.3,212609,OK
2026-08-19 01:00:00,18.23,2.57,46.85,48.99,41266,1.83,13.31,3.32,44.18,93.7,27,2102400,37.4,220879,OK
2026-08-19 01:10:00,18.42,2.90,53.42,57.90,46194,2.00,13.42,3.77,50.64,106.8,38,2103000,37.8,219132,OK
2026-08-19 01:20:00,18.33,2.74,50.22,66.27,43726,2.17,13.36,3.56,47.51,100.4,32,2103600,37.4,216674,OK
2026-08-19 01:30:00,18.53,3.10,57.44,75.84,49540,2.33,13.49,4.05,54.68,114.9,45,2104200,39.0,217022,OK
2026-08-19 01:40:00,18.58,3.20,59.46,85.75,51190,2.50,13.53,4.19,56.67,118.9,48,2104800,38.3,212841,OK
2026-08-19 01:50:00,18.63,3.30,61.48,96.00,52681,2.67,13.56,4.33,58.71,123.0,52,2105400,38.6,222148,OK
2026-08-19 02:00:00,18.78,3.62,67.98,107.33,57595,2.83,13.67,4.77,65.26,136.0,63,2106000,40.3,212053,OK
2026-08-19 02:10:00,18.76,3.56,66.79,118.46,56926,3.00,13.65,4.69,64.05,133.6,61,2106600,40.0,217613,OK
2026-08-19 02:20:00,18.97,4.02,76.26,131.17,64346,3.17,13.82,5.34,73.74,152.5,77,2107200,40.6,214738,OK
2026-08-19 02:30:00,18.98,4.04,76.68,143.95,64453,3.33,13.82,5.37,74.15,153.4,77,2107800,40.9,223165,OK
2026-08-19 02:40:00,18.93,3.94,74.58,156.38,63105,3.50,13.79,5.22,72.04,149.2,74,2108400,40.2,215102,OK
2026-08-19 02:50:00,18.97,4.04,76.64,169.15,64470,3.67,13.82,5.36,74.11,153.3,77,2109000,41.1,211457,OK
2026-08-19 03:00:00,19.21,4.61,88.56,183.91,73557,3.83,14.02,6.16,86.35,177.1,98,2109600,41.7,225266,OK
2026-08-19 03:10:00,19.21,4.61,88.56,198.67,73585,4.00,14.02,6.16,86.35,177.1,98,2110200,42.2,224501,OK
2026-08-19 03:20:00,19.31,4.86,93.85,214.31,77733,4.17,14.11,6.48,91.50,187.7,100,2110800,43.2,222587,OK
2026-08-19 03:30:00,19.26,4.75,91.49,229.56,75755,4.33,14.07,6.34,89.20,183.0,100,2111400,43.2,216543,OK
2026-08-19 03:40:00,19.31,4.87,94.04,245.23,77672,4.50,14.11,6.50,91.69,188.1,100,2112000,43.1,216479,OK
2026-08-19 03:50:00,19.41,5.15,99.96,261.89,82272,4.67,14.21,6.86,97.46,199.9,100,2112600,43.2,212698,OK
2026-08-19 04:00:00,19.37,5.04,97.62,278.16,80448,4.83,14.17,6.72,95.18,195.2,100,2113200,43.1,217699,OK
2026-08-19 04:10:00,19.33,4.92,95.10,294.01,78496,5.00,14.13,6.56,92.72,190.2,100,2113800,42.5,222312,OK
2026-08-19 04:20:00,19.42,5.18,100.60,310.78,82422,5.17,14.22,6.90,98.08,201.2,100,2114400,44.2,213790,OK
2026-08-19 04:30:00,19.29,4.82,92.98,326.28,76946,5.33,14.09,6.43,90.66,186.0,100,2115000,42.7,224874,OK
2026-08-19 04:40:00,19.40,5.12,99.33,342.83,81779,5.50,14.20,6.82,96.85,198.7,100,2115600,43.8,213527,OK
2026-08-19 04:50:00,19.44,5.24,101.87,359.81,83496,5.67,14.24,6.97,99.32,203.7,100,2116200,43.9,218264,OK
2026-08-19 05:00:00,19.26,4.75,91.49,375.06,75847,5.83,14.07,6.34,89.20,183.0,100,2116800,42.5,224411,OK
2026-08-19 05:10:00,19.48,5.33,103.83,392.36,85110,6.00,14.28,7.09,101.23,207.7,100,2117400,44.0,218000,OK
2026-08-19 05:20:00,19.31,4.89,94.43,408.10,77962,6.17,14.12,6.52,92.07,188.9,100,2118000,43.2,213694,OK
2026-08-19 05:30:00,19.38,5.05,97.87,424.41,80492,6.33,14.18,6.73,95.42,195.7,100,2118600,43.9,220021,OK
2026-08-19 05:40:00,19.33,4.92,95.10,440.26,78319,6.50,14.13,6.56,92.72,190.2,100,2119200,43.1,215871,OK
2026-08-19 05:50:00,19.27,4.76,91.73,455.55,75990,6.67,14.08,6.35,89.44,183.5,100,2119800,42.3,213820,OK
2026-08-19 06:00:00,19.37,5.04,97.62,471.82,80439,6.83,14.18,6.71,95.18,195.2,100,2120400,43.2,211542,OK
2026-08-19 06:10:00,19.36,5.01,96.99,487.99,79983,7.00,14.16,6.68,94.57,194.0,100,2121000,43.8,211603,OK
2026-08-19 06:20:00,19.29,4.81,92.78,503.45,76638,7.17,14.09,6.42,90.46,185.6,100,2121600,42.5,211591,OK
2026-08-19 06:30:00,19.35,4.97,96.17,519.48,79354,7.33,14.15,6.63,93.77,192.3,100,2122200,43.7,212269,OK
2026-08-19 06:40:00,19.24,4.69,90.24,534.52,74814,7.50,14.05,6.26,87.98,180.5,100,2122800,42.7,224659,OK
2026-08-19 06:50:00,19.15,4.47,85.60,548.78,71476,7.67,13.97,5.97,83.46,171.2,93,2123400,41.5,211894,OK
2026-08-19 07:00:00,19.22,4.64,89.18,563.65,74188,7.83,14.03,6.20,86.95,178.4,99,2124000,42.1,225968,OK
2026-08-19 07:10:00,19.14,4.45,85.17,577.84,71093,8.00,13.96,5.94,82.96,170.3,92,2124600,42.0,218671,OK
2026-08-19 07:20:00,19.11,4.36,83.32,591.73,69572,8.17,13.93,5.82,81.07,166.6,89,2125200,41.0,225782,OK
2026-08-19 07:30:00,19.05,4.21,80.20,605.10,67378,8.33,13.88,5.60,77.79,160.4,83,2125800,41.7,224436,OK
2026-08-19 07:40:00,18.88,3.83,72.31,617.15,61142,8.50,13.75,5.07,69.71,144.6,70,2126400,39.9,215864,OK
2026-08-19 07:50:00,18.73,3.51,65.74,628.11,56125,8.67,13.64,4.62,63.04,131.5,59,2127000,39.7,220554,OK
2026-08-19 08:00:00,18.83,3.72,70.05,639.78,59481,8.83,13.71,4.92,67.39,140.1,66,2127600,40.5,218217,OK
2026-08-19 08:10:00,18.70,3.44,64.33,650.50,54913,9.00,13.61,4.52,61.56,128.7,56,2128200,39.4,221006,OK
2026-08-19 08:20:00,18.70,3.44,64.33,661.22,54772,9.17,13.61,4.52,61.56,128.7,56,2128800,39.7,214508,OK
2026-08-19 08:30:00,18.49,3.02,55.84,670.53,48390,9.33,13.46,3.94,53.05,111.7,42,2129400,38.8,224833,OK
2026-08-19 08:40:00,18.35,2.78,51.01,679.03,44480,9.50,13.38,3.61,48.26,102.0,34,2130000,37.6,225989,OK
2026-08-19 08:50:00,18.30,2.69,49.23,687.24,43017,9.67,13.34,3.49,46.52,98.5,31,2130600,37.0,224623,OK
2026-08-19 09:00:00,18.21,2.54,46.25,694.95,40754,9.83,13.30,3.28,43.57,92.5,26,2131200,37.0,221332,OK
2026-08-19 09:10:00,18.14,2.43,44.08,702.29,38843,10.00,13.26,3.13,41.48,88.2,22,2131800,36.5,225382,OK
2026-08-19 09:20:00,17.98,2.18,39.20,708.83,34876,10.17,13.17,2.79,36.69,78.4,39,2132400,35.7,224716,OK
2026-08-19 09:30:00,17.88,2.05,36.65,714.93,32636,10.33,13.12,2.61,34.23,73.3,35,2133000,35.2,224816,OK
2026-08-19 09:40:00,17.60,1.68,29.57,719.86,26691,10.50,12.99,2.11,27.44,59.1,26,2133600,34.5,214392,OK
2026-08-19 09:50:00,17.48,1.54,26.92,724.35,24641,10.67,12.94,1.93,24.93,53.8,22,2134200,35.1,217599,OK
2026-08-19 10:00:00,17.23,1.27,21.88,728.00,20336,10.83,12.85,1.57,20.15,43.8,15,2134800,34.4,217155,OK
2026-08-19 10:10:00,17.08,1.13,19.30,731.21,18267,11.00,12.80,1.39,17.74,38.6,12,2135400,33.4,215190,OK
2026-08-19 10:20:00,16.80,0.90,15.12,733.73,14602,11.17,12.72,1.09,13.83,30.2,0,2136000,32.9,218703,OK
2026-08-19 10:30:00,16.45,0.67,11.02,735.57,10763,11.33,12.64,0.79,10.04,22.0,0,2136600,32.8,224602,OK
2026-08-19 10:40:00,16.06,0.46,7.39,736.80,7647,11.50,12.56,0.53,6.71,14.8,0,2137200,32.6,224020,OK
2026-08-19 10:50:00,15.40,0.23,3.54,737.39,3648,11.50,12.48,0.26,3.20,7.1,0,2137800,32.2,218114,OK
2026-08-19 11:00:00,12.00,0.00,0.00,737.39,198,11.50,12.40,0.00,0.00,0.0,0,2138400,31.5,220124,OK
2026-08-19 11:10:00,12.00,0.00,0.00,737.39,268,11.50,12.40,0.00,0.00,0.0,0,2139000,31.5,213819,OK
2026-08-19 11:20:00,12.00,0.00,0.00,737.39,255,11.50,12.40,0.00,0.00,0.0,0,2139600,30.8,224457,OK
2026-08-19 11:30:00,12.00,0.00,0.00,737.39,135,11.50,12.40,0.00,0.00,0.0,0,2140200,31.2,222337,OK
2026-08-19 11:40:00,12.00,0.00,0.00,737.39,258,11.50,12.40,0.00,0.00,0.0,0,2140800,31.0,222581,OK
2026-08-19 11:50:00,12.00,0.00,0.00,737.39,119,11.50,12.40,0.00,0.00,0.0,0,2141400,31.0,224512,OK
2026-08-19 23:00:00,12.00,0.00,0.00,0.00,259,0.00,12.40,0.00,0.00,0.0,0,2181600,31.6,215269,OK
2026-08-19 23:10:00,15.34,0.21,3.22,0.54,3537,0.00,12.47,0.23,2.91,6.4,0,2182200,32.2,212969,OK
2026-08-19 23:20:00,16.05,0.46,7.38,1.77,7581,0.17,12.56,0.53,6.70,14.8,0,2182800,32.4,224184,OK
2026-08-19 23:30:00,16.39,0.63,10.33,3.49,10235,0.33,12.62,0.75,9.41,20.7,0,2183400,32.2,220176,OK
2026-08-19 23:40:00,16.78,0.89,14.93,5.98,14261,0.50,12.71,1.07,13.66,29.9,0,2184000,32.8,218478,OK
2026-08-19 23:50:00,16.98,1.05,17.83,8.95,16824,0.67,12.77,1.28,16.37,35.7,0,2184600,33.4,216700,OK
2026-08-20 00:00:00,17.22,1.26,21.70,12.56,20279,0.83,12.84,1.56,19.99,43.4,15,2185200,33.6,224292,OK
2026-08-20 00:10:00,17.53,1.60,28.05,17.24,25508,1.00,12.96,2.01,26.00,56.1,24,2185800,35.1,223208,OK
2026-08-20 00:20:00,17.56,1.64,28.80,22.04,26119,1.17,12.98,2.06,26.70,57.6,25,2186400,35.0,215789,OK
2026-08-20 00:30:00,17.77,1.89,33.59,27.64,30325,1.33,13.07,2.40,31.31,67.2,31,2187000,36.0,213356,OK
2026-08-20 00:40:00,18.00,2.20,39.60,34.24,35347,1.50,13.18,2.82,37.11,79.2,39,2187600,36.7,212934,OK
2026-08-20 00:50:00,18.05,2.28,41.15,41.10,36360,1.67,13.20,2.92,38.60,82.3,17,2188200,36.3,214526,OK
2026-08-20 01:00:00,18.30,2.69,49.23,49.30,43011,1.83,13.35,3.48,46.52,98.5,31,2188800,37.1,222115,OK
2026-08-20 01:10:00,18.30,2.69,49.23,57.51,43101,2.00,13.35,3.48,46.52,98.5,31,2189400,37.0,216262,OK
2026-08-20 01:20:00,18.50,3.05,56.42,66.91,48751,2.17,13.47,3.98,53.66,112.8,43,2190000,38.1,214715,OK
2026-08-20 01:30:00,18.43,2.92,53.82,75.88,46521,2.33,13.43,3.80,51.08,107.6,38,2190600,38.3,212779,OK
2026-08-20 01:40:00,18.65,3.33,62.10,86.23,53292,2.50,13.57,4.38,59.37,124.2,53,2191200,39.0,221371,OK
2026-08-20 01:50:00,18.63,3.31,61.67,96.51,52907,2.67,13.56,4.34,58.89,123.3,52,2191800,39.1,217161,OK
2026-08-20 02:00:00,18.69,3.41,63.73,107.13,54444,2.83,13.60,4.48,60.99,127.5,55,2192400,38.7,214128,OK
2026-08-20 02:10:00,18.89,3.84,72.54,119.22,61150,3.00,13.75,5.09,69.93,145.1,70,2193000,40.2,223806,OK
2026-08-20 02:20:00,18.81,3.67,69.03,130.72,58766,3.17,13.69,4.85,66.34,138.1,64,2193600,39.3,211663,OK
2026-08-20 02:30:00,18.88,3.83,72.31,142.78,61263,3.33,13.75,5.07,69.71,144.6,70,2194200,40.0,218829,OK
2026-08-20 02:40:00,19.08,4.28,81.66,156.39,68232,3.50,13.91,5.70,79.29,163.3,86,2194800,41.5,216268,OK
2026-08-20 02:50:00,18.98,4.05,76.87,169.20,64642,3.67,13.83,5.38,74.41,153.7,78,2195400,40.4,214074,OK
2026-08-20 03:00:00,19.21,4.62,88.75,183.99,73775,3.83,14.02,6.17,86.53,177.5,98,2196000,42.7,212033,OK
2026-08-20 03:10:00,19.19,4.55,87.31,198.54,72571,4.00,14.00,6.08,85.13,174.6,95,2196600,42.0,225598,OK
2026-08-20 03:20:00,19.12,4.39,83.94,212.53,70021,4.17,13.94,5.86,81.67,167.9,90,2197200,41.3,211768,OK
2026-08-20 03:30:00,19.19,4.57,87.70,227.15,72976,4.33,14.01,6.10,85.51,175.4,96,2197800,42.2,215917,OK
2026-08-20 03:40:00,19.35,4.99,96.56,243.24,79729,4.50,14.16,6.65,94.15,193.1,100,2198400,43.6,215051,OK
2026-08-20 03:50:00,19.28,4.80,92.54,258.67,76671,4.67,14.09,6.40,90.23,185.1,100,2199000,42.6,216181,OK
2026-08-20 04:00:00,19.24,4.68,90.04,273.67,74654,4.83,14.05,6.25,87.79,180.1,100,2199600,42.5,211623,OK
2026-08-20 04:10:00,19.45,5.24,101.92,290.66,83678,5.00,14.25,6.97,99.37,203.8,100,2200200,43.4,215634,OK
2026-08-20 04:20:00,19.47,5.30,103.19,307.86,84442,5.17,14.26,7.06,100.61,206.4,100,2200800,43.6,217601,OK
2026-08-20 04:30:00,19.48,5.35,104.22,325.23,85510,5.33,14.28,7.12,101.61,208.4,100,2201400,43.7,219949,OK
2026-08-20 04:40:00,19.32,4.89,94.47,340.97,78152,5.50,14.12,6.52,92.11,188.9,100,2202000,42.7,219145,OK
2026-08-20 04:50:00,19.40,5.13,99.52,357.56,81828,5.67,14.20,6.83,97.03,199.0,100,2202600,43.2,214141,OK
2026-08-20 05:00:00,19.46,5.28,102.75,374.68,84234,5.83,14.26,7.03,100.18,205.5,100,2203200,43.6,214402,OK
2026-08-20 05:10:00,19.32,4.89,94.47,390.43,78122,6.00,14.12,6.52,92.11,188.9,100,2203800,43.5,219727,OK
2026-08-20 05:20:00,19.48,5.35,104.22,407.80,85553,6.17,14.28,7.12,101.61,208.4,100,2204400,44.8,211471,OK
2026-08-20 05:30:00,19.36,5.00,96.80,423.93,79690,6.33,14.16,6.67,94.38,193.6,100,2205000,43.6,224928,OK
2026-08-20 05:40:00,19.29,4.82,92.98,439.43,76992,6.50,14.10,6.43,90.66,186.0,100,2205600,42.6,216762,OK
2026-08-20 05:50:00,19.33,4.93,95.30,455.31,78802,6.67,14.14,6.57,92.92,190.6,100,2206200,43.3,215938,OK
2026-08-20 06:00:00,19.36,5.02,97.19,471.51,80041,6.83,14.16,6.69,94.76,194.4,100,2206800,43.7,225344,OK
2026-08-20 06:10:00,19.28,4.79,92.35,486.90,76362,7.00,14.09,6.39,90.04,184.7,100,2207400,43.1,214316,OK
2026-08-20 06:20:00,19.25,4.70,90.48,501.98,74984,7.17,14.06,6.27,88.22,181.0,100,2208000,42.8,224621,OK
2026-08-20 06:30:00,19.16,4.49,86.03,516.32,71747,7.33,13.98,6.00,83.88,172.1,93,2208600,41.5,211216,OK
2026-08-20 06:40:00,19.25,4.71,90.67,531.43,75185,7.50,14.06,6.29,88.40,181.3,100,2209200,42.4,212332,OK
2026-08-20 06:50:00,19.24,4.70,90.43,546.50,75006,7.67,14.05,6.28,88.17,180.9,100,2209800,42.0,219167,OK
2026-08-20 07:00:00,19.01,4.12,78.32,559.56,65727,7.83,13.85,5.48,75.89,156.6,80,2210400,41.2,216237,OK
2026-08-20 07:10:00,19.13,4.41,84.36,573.62,70275,8.00,13.95,5.89,82.17,168.7,90,2211000,42.3,219474,OK
2026-08-20 07:20:00,19.07,4.28,81.62,587.22,68154,8.17,13.90,5.70,79.25,163.2,86,2211600,41.0,225344,OK
2026-08-20 07:30:00,19.03,4.16,79.16,600.41,66578,8.33,13.87,5.53,76.71,158.3,82,2212200,40.9,222243,OK
2026-08-20 07:40:00,18.97,4.02,76.26,613.12,64245,8.50,13.81,5.34,73.74,152.5,77,2212800,41.2,224345,OK
2026-08-20 07:50:00,18.76,3.56,66.79,624.25,56692,8.67,13.65,4.69,64.05,133.6,61,2213400,40.0,219078,OK
2026-08-20 08:00:00,18.79,3.63,68.21,635.62,58075,8.83,13.68,4.79,65.48,136.4,63,2214000,39.4,217817,OK
2026-08-20 08:10:00,18.63,3.29,61.29,645.84,52423,9.00,13.56,4.32,58.53,122.6,51,2214600,38.4,216698,OK
2026-08-20 08:20:00,18.53,3.11,57.63,655.44,49589,9.17,13.50,4.06,54.86,115.3,45,2215200,39.0,224276,OK
2026-08-20 08:30:00,18.45,2.96,54.61,664.55,47232,9.33,13.44,3.86,51.82,109.2,40,2215800,38.3,212731,OK
2026-08-20 08:40:00,18.41,2.88,53.02,673.38,45881,9.50,13.41,3.75,50.26,106.0,37,2216400,38.2,215670,OK
2026-08-20 08:50:00,18.29,2.68,49.02,681.55,42637,9.67,13.34,3.47,46.32,98.0,30,2217000,37.4,212657,OK
2026-08-20 09:00:00,18.18,2.49,45.27,689.10,39692,9.83,13.28,3.21,42.64,90.5,24,2217600,36.7,217470,OK
2026-08-20 09:10:00,18.06,2.30,41.54,696.02,36733,10.00,13.21,2.95,38.96,83.1,18,2218200,36.7,211937,OK
2026-08-20 09:20:00,17.91,2.08,37.25,702.23,33256,10.17,13.13,2.65,34.83,74.5,36,2218800,36.3,222414,OK
2026-08-20 09:30:00,17.86,2.01,35.90,708.21,32307,10.33,13.11,2.56,33.53,71.8,34,2219400,35.8,224740,OK
2026-08-20 09:40:00,17.63,1.72,30.32,713.26,27540,10.50,13.00,2.17,28.17,60.6,27,2220000,35.3,212907,OK
2026-08-20 09:50:00,17.54,1.60,28.06,717.94,25648,10.67,12.96,2.01,26.01,56.1,24,2220600,35.0,211287,OK
2026-08-20 10:00:00,17.28,1.32,22.81,721.74,21290,10.83,12.87,1.63,21.03,45.6,17,2221200,33.9,214265,OK
2026-08-20 10:10:00,17.08,1.14,19.47,724.99,18408,11.00,12.80,1.40,17.89,38.9,12,2221800,34.0,223939,OK
2026-08-20 10:20:00,16.84,0.94,15.83,727.63,15121,11.17,12.73,1.14,14.50,31.7,0,2222400,33.3,217425,OK
2026-08-20 10:30:00,16.45,0.67,11.02,729.46,10941,11.33,12.64,0.79,10.04,22.0,0,2223000,32.5,218243,OK
2026-08-20 10:40:00,16.04,0.45,7.22,730.67,7332,11.50,12.56,0.52,6.56,14.4,0,2223600,32.7,222951,OK
2026-08-20 10:50:00,15.40,0.23,3.54,731.26,3652,11.50,12.48,0.26,3.20,7.1,0,2224200,31.1,212744,OK
2026-08-20 11:00:00,12.00,0.00,0.00,731.26,162,11.50,12.40,0.00,0.00,0.0,0,2224800,30.8,224572,OK
2026-08-20 11:10:00,12.00,0.00,0.00,731.26,221,11.50,12.40,0.00,0.00,0.0,0,2225400,31.1,215944,OK
2026-08-20 11:20:00,12.00,0.00,0.00,731.26,82,11.50,12.40,0.00,0.00,0.0,0,2226000,30.7,213565,OK
2026-08-20 11:30:00,12.00,0.00,0.00,731.26,162,11.50,12.40,0.00,0.00,0.0,0,2226600,30.9,213737,OK
2026-08-20 11:40:00,12.00,0.00,0.00,731.26,257,11.50,12.40,0.00,0.00,0.0,0,2227200,31.4,225515,OK
2026-08-20 11:50:00,12.00,0.00,0.00,731.26,178,11.50,12.40,0.00,0.00,0.0,0,2227800,31.4,221827,OK
2026-08-20 23:00:00,12.00,0.00,0.00,0.00,140,0.00,12.40,0.00,0.00,0.0,0,2268000,31.1,215460,OK
2026-08-20 23:10:00,15.33,0.21,3.22,0.54,3451,0.00,12.47,0.23,2.91,6.4,0,2268600,32.1,212036,OK
2026-08-20 23:20:00,15.97,0.42,6.71,1.65,6853,0.17,12.55,0.49,6.09,13.4,0,2269200,32.6,220284,OK
2026-08-20 23:30:00,16.39,0.64,10.49,3.40,10180,0.33,12.62,0.76,9.56,21.0,0,2269800,32.8,221771,OK
2026-08-20 23:40:00,16.81,0.91,15.30,5.95,14573,0.50,12.72,1.10,14.00,30.6,0,2270400,33.1,213225,OK
2026-08-20 23:50:00,16.98,1.05,17.83,8.92,16807,0.67,12.77,1.28,16.37,35.7,0,2271000,33.5,219140,OK
2026-08-21 00:00:00,17.22,1.26,21.70,12.54,20217,0.83,12.85,1.56,19.99,43.4,15,2271600,33.5,215673,OK
2026-08-21 00:10:00,17.45,1.51,26.35,16.93,24003,1.00,12.93,1.88,24.37,52.7,21,2272200,34.7,225835,OK
2026-08-21 00:20:00,17.63,1.71,30.15,21.96,27353,1.17,13.00,2.15,28.01,60.3,27,2272800,35.2,216793,OK
2026-08-21 00:30:00,17.76,1.87,33.21,27.49,30010,1.33,13.06,2.37,30.92,66.4,31,2273400,35.4,221900,OK
2026-08-21 00:40:00,17.98,2.18,39.20,34.03,34940,1.50,13.17,2.79,36.69,78.4,39,2274000,36.5,214732,OK
2026-08-21 00:50:00,18.09,2.35,42.51,41.11,37644,1.67,13.23,3.02,39.92,85.0,19,2274600,36.0,214456,OK
2026-08-21 01:00:00,18.26,2.62,47.84,49.09,41757,1.83,13.32,3.39,45.16,95.7,28,2275200,37.2,224264,OK
2026-08-21 01:10:00,18.38,2.84,52.20,57.78,45309,2.00,13.40,3.69,49.43,104.4,36,2275800,37.6,215670,OK
2026-08-21 01:20:00,18.42,2.89,53.23,66.66,46306,2.17,13.42,3.76,50.46,106.5,37,2276400,38.0,217432,OK
2026-08-21 01:30:00,18.58,3.20,59.46,76.57,51238,2.33,13.53,4.19,56.67,118.9,48,2277000,38.1,213591,OK
2026-08-21 01:40:00,18.57,3.17,58.87,86.38,50757,2.50,13.52,4.15,56.10,117.7,47,2277600,39.0,216886,OK
2026-08-21 01:50:00,18.77,3.59,67.38,97.61,57204,2.67,13.66,4.73,64.68,134.8,62,2278200,39.5,220575,OK
2026-08-21 02:00:00,18.75,3.53,66.19,108.64,56446,2.83,13.64,4.65,63.48,132.4,60,2278800,39.9,222586,OK
2026-08-21 02:10:00,18.83,3.71,69.86,120.28,59242,3.00,13.71,4.90,67.21,139.7,66,2279400,39.5,214590,OK
2026-08-21 02:20:00,18.90,3.88,73.33,132.50,61815,3.17,13.76,5.14,70.76,146.7,72,2280000,40.9,214772,OK
2026-08-21 02:30:00,18.97,4.03,76.45,145.25,64173,3.33,13.82,5.35,73.93,152.9,77,2280600,40.6,215060,OK
2026-08-21 02:40:00,18.97,4.02,76.26,157.96,64093,3.50,13.82,5.34,73.74,152.5,77,2281200,41.2,224007,OK
2026-08-21 02:50:00,19.03,4.17,79.36,171.18,66451,3.67,13.87,5.54,76.90,158.7,82,2281800,40.9,221967,OK
2026-08-21 03:00:00,19.13,4.40,84.17,185.21,70345,3.83,13.95,5.87,81.90,168.3,90,2282400,41.3,215904,OK
2026-08-21 03:10:00,19.14,4.42,84.60,199.31,70565,4.00,13.96,5.90,82.40,169.2,91,2283000,42.0,218751,OK
2026-08-21 03:20:00,19.23,4.65,89.42,214.22,74173,4.17,14.04,6.21,87.18,178.8,99,2283600,42.1,219943,OK
2026-08-21 03:30:00,19.17,4.51,86.46,228.63,72032,4.33,13.99,6.03,84.30,172.9,94,2284200,41.7,217999,OK
2026-08-21 03:40:00,19.25,4.73,91.05,243.80,75335,4.50,14.06,6.31,88.77,182.1,100,2284800,42.6,217753,OK
2026-08-21 03:50:00,19.40,5.11,99.13,260.32,81484,4.67,14.20,6.81,96.65,198.3,100,2285400,43.1,215148,OK
2026-08-21 04:00:00,19.40,5.12,99.33,276.88,81806,4.83,14.20,6.82,96.85,198.7,100,2286000,43.6,214858,OK
2026-08-21 04:10:00,19.26,4.73,91.10,292.06,75429,5.00,14.06,6.32,88.82,182.2,100,2286600,42.0,222135,OK
2026-08-21 04:20:00,19.28,4.79,92.35,307.45,76582,5.17,14.09,6.39,90.04,184.7,100,2287200,42.4,212298,OK
2026-08-21 04:30:00,19.41,5.14,99.77,324.08,81897,5.33,14.21,6.85,97.28,199.5,100,2287800,43.7,212135,OK
2026-08-21 04:40:00,19.36,5.01,96.99,340.25,80011,5.50,14.16,6.68,94.57,194.0,100,2288400,42.8,211589,OK
2026-08-21 04:50:00,19.32,4.91,94.86,356.06,78277,5.67,14.13,6.55,92.49,189.7,100,2289000,42.8,217895,OK
2026-08-21 05:00:00,19.44,5.23,101.67,373.00,83412,5.83,14.24,6.96,99.13,203.3,100,2289600,43.7,225377,OK
2026-08-21 05:10:00,19.43,5.21,101.23,389.87,83099,6.00,14.23,6.94,98.70,202.5,100,2290200,44.2,221723,OK
2026-08-21 05:20:00,19.46,5.28,102.75,407.00,84246,6.17,14.26,7.03,100.18,205.5,100,2290800,44.5,216929,OK
2026-08-21 05:30:00,19.25,4.72,90.86,422.14,75260,6.33,14.06,6.30,88.59,181.7,100,2291400,42.0,223181,OK
2026-08-21 05:40:00,19.24,4.69,90.24,437.18,74976,6.50,14.05,6.26,87.98,180.5,100,2292000,41.9,217470,OK
2026-08-21 05:50:00,19.37,5.03,97.43,453.42,80346,6.67,14.17,6.70,94.99,194.9,100,2292600,43.7,219261,OK
2026-08-21 06:00:00,19.24,4.70,90.43,468.49,74933,6.83,14.05,6.28,88.17,180.9,100,2293200,42.4,222094,OK
2026-08-21 06:10:00,19.41,5.14,99.77,485.12,81984,7.00,14.21,6.85,97.28,199.5,100,2293800,43.3,215799,OK
2026-08-21 06:20:00,19.20,4.58,87.94,499.77,73073,7.17,14.01,6.12,85.74,175.9,96,2294400,42.2,225169,OK
2026-08-21 06:30:00,19.31,4.87,94.04,515.45,77557,7.33,14.11,6.50,91.69,188.1,100,2295000,42.7,216018,OK
2026-08-21 06:40:00,19.29,4.81,92.78,530.91,76837,7.50,14.09,6.42,90.46,185.6,100,2295600,43.4,214001,OK
2026-08-21 06:50:00,19.20,4.58,87.94,545.57,73176,7.67,14.01,6.12,85.74,175.9,96,2296200,42.3,216065,OK
2026-08-21 07:00:00,19.12,4.39,83.94,559.56,69865,7.83,13.94,5.86,81.67,167.9,90,2296800,41.8,221243,OK
2026-08-21 07:10:00,19.18,4.53,86.89,574.04,72447,8.00,14.00,6.05,84.72,173.8,95,2297400,42.5,217023,OK
2026-08-21 07:20:00,18.95,3.99,75.61,586.64,63613,8.17,13.80,5.29,73.04,151.2,76,2298000,40.3,221666,OK
2026-08-21 07:30:00,18.93,3.93,74.39,599.04,62603,8.33,13.78,5.21,71.79,148.8,73,2298600,40.3,214091,OK
2026-08-21 07:40:00,18.80,3.65,68.62,610.48,58389,8.50,13.68,4.82,65.94,137.2,64,2299200,39.6,217042,OK
2026-08-21 07:50:00,18.78,3.60,67.61,621.75,57368,8.67,13.67,4.75,64.91,135.2,62,2299800,39.6,220643,OK
2026-08-21 08:00:00,18.86,3.77,71.10,633.60,60347,8.83,13.73,4.99,68.47,142.2,68,2300400,39.8,212474,OK
2026-08-21 08:10:00,18.74,3.52,65.96,644.59,56184,9.00,13.64,4.64,63.26,131.9,59,2301000,39.9,221842,OK
2026-08-21 08:20:00,18.63,3.30,61.48,654.84,52591,9.17,13.56,4.33,58.71,123.0,52,2301600,38.3,219219,OK
2026-08-21 08:30:00,18.52,3.09,57.23,664.37,49325,9.33,13.49,4.03,54.43,114.5,44,2302200,38.2,223393,OK
2026-08-21 08:40:00,18.41,2.87,52.84,673.18,45876,9.50,13.41,3.74,50.09,105.7,37,2302800,38.2,224860,OK
2026-08-21 08:50:00,18.25,2.61,47.63,681.12,41812,9.67,13.32,3.37,44.92,95.3,28,2303400,37.7,214994,OK
2026-08-21 09:00:00,18.23,2.57,46.85,688.93,40943,9.83,13.30,3.32,44.18,93.7,27,2304000,36.8,214572,OK
2026-08-21 09:10:00,18.08,2.33,42.13,695.95,37162,10.00,13.22,2.99,39.56,84.3,19,2304600,36.0,225855,OK
2026-08-21 09:20:00,17.98,2.19,39.38,702.51,34836,10.17,13.17,2.80,36.86,78.8,39,2305200,36.1,222995,OK
2026-08-21 09:30:00,17.85,2.01,35.88,708.49,31988,10.33,13.11,2.55,33.48,71.8,34,2305800,35.9,214023,OK
2026-08-21 09:40:00,17.71,1.81,32.06,713.84,28929,10.50,13.04,2.29,29.82,64.1,29,2306400,35.0,225761,OK
2026-08-21 09:50:00,17.42,1.48,25.78,718.13,23804,10.67,12.92,1.85,23.85,51.6,21,2307000,34.8,221302,OK
2026-08-21 10:00:00,17.19,1.24,21.32,721.68,19941,10.83,12.84,1.53,19.64,42.6,15,2307600,34.2,215597,OK
2026-08-21 10:10:00,17.02,1.09,18.55,724.78,17430,11.00,12.78,1.33,17.03,37.1,11,2308200,33.5,211452,OK
2026-08-21 10:20:00,16.79,0.90,15.11,727.29,14434,11.17,12.72,1.09,13.83,30.2,0,2308800,32.5,222159,OK
2026-08-21 10:30:00,16.45,0.67,11.02,729.13,10672,11.33,12.64,0.79,10.04,22.0,0,2309400,32.0,222463,OK
2026-08-21 10:40:00,16.01,0.44,7.04,730.30,7185,11.50,12.55,0.51,6.39,14.1,0,2310000,32.7,216125,OK
2026-08-21 10:50:00,15.38,0.22,3.38,730.87,3830,11.50,12.48,0.25,3.06,6.8,0,2310600,31.4,224124,OK
2026-08-21 11:00:00,12.00,0.00,0.00,730.87,251,11.50,12.40,0.00,0.00,0.0,0,2311200,31.2,219884,OK
2026-08-21 11:10:00,12.00,0.00,0.00,730.87,82,11.50,12.40,0.00,0.00,0.0,0,2311800,31.0,214101,OK
2026-08-21 11:20:00,12.00,0.00,0.00,730.87,25,11.50,12.40,0.00,0.00,0.0,0,2312400,30.8,225563,OK
2026-08-21 11:30:00,12.00,0.00,0.00,730.87,211,11.50,12.40,0.00,0.00,0.0,0,2313000,31.1,222255,OK
2026-08-21 11:40:00,12.00,0.00,0.00,730.87,247,11.50,12.40,0.00,0.00,0.0,0,2313600,31.2,215887,OK
2026-08-21 11:50:00,12.00,0.00,0.00,730.87,62,11.50,12.40,0.00,0.00,0.0,0,2314200,30.7,221301,OK
2026-08-21 23:00:00,12.00,0.00,0.00,0.00,129,0.00,12.40,0.00,0.00,0.0,0,2354400,30.9,215805,OK
2026-08-21 23:10:00,15.33,0.21,3.22,0.54,3615,0.00,12.47,0.23,2.91,6.4,0,2355000,31.6,216910,OK
2026-08-21 23:20:00,16.00,0.44,7.04,1.71,7176,0.17,12.55,0.51,6.39,14.1,0,2355600,31.8,212966,OK
2026-08-21 23:30:00,16.31,0.59,9.62,3.31,9584,0.33,12.61,0.69,8.75,19.2,0,2356200,32.2,221351,OK
2026-08-21 23:40:00,16.66,0.80,13.33,5.54,12851,0.50,12.68,0.96,12.17,26.7,0,2356800,33.1,214054,OK
2026-08-21 23:50:00,16.94,1.02,17.28,8.41,16267,0.67,12.76,1.24,15.85,34.6,0,2357400,33.6,220805,OK
2026-08-22 00:00:00,17.31,1.35,23.37,12.31,21699,0.83,12.88,1.67,21.57,46.7,17,2358000,33.9,216589,OK
2026-08-22 00:10:00,17.34,1.39,24.10,16.33,22110,1.00,12.89,1.73,22.24,48.2,18,2358600,34.6,225662,OK
2026-08-22 00:20:00,17.66,1.75,30.91,21.48,27907,1.17,13.02,2.21,28.72,61.8,28,2359200,34.8,214490,OK
2026-08-22 00:30:00,17.62,1.70,29.95,26.47,27259,1.33,13.00,2.14,27.79,59.9,26,2359800,35.4,211219,OK
2026-08-22 00:40:00,17.97,2.17,38.99,32.97,34777,1.50,13.16,2.77,36.49,78.0,39,2360400,36.2,219700,OK
2026-08-22 00:50:00,18.01,2.23,40.16,39.66,35582,1.67,13.19,2.85,37.63,80.3,15,2361000,35.9,211940,OK
2026-08-22 01:00:00,18.22,2.56,46.64,47.44,40799,1.83,13.30,3.31,43.98,93.3,26,2361600,37.1,219967,OK
2026-08-22 01:10:00,18.25,2.60,47.45,55.34,41661,2.00,13.31,3.36,44.75,94.9,28,2362200,37.6,218289,OK
2026-08-22 01:20:00,18.24,2.59,47.24,63.22,41280,2.17,13.31,3.35,44.55,94.5,27,2362800,37.6,213821,OK
2026-08-22 01:30:00,18.37,2.81,51.62,71.82,44879,2.33,13.39,3.65,48.88,103.2,35,2363400,37.6,212124,OK
2026-08-22 01:40:00,18.46,2.98,55.01,80.99,47623,2.50,13.45,3.89,52.26,110.0,41,2364000,38.1,219358,OK
2026-08-22 01:50:00,18.64,3.31,61.70,91.27,52752,2.67,13.57,4.34,58.92,123.4,52,2364600,38.9,222455,OK
2026-08-22 02:00:00,18.63,3.29,61.29,101.49,52439,2.83,13.56,4.32,58.53,122.6,51,2365200,38.4,219532,OK
2026-08-22 02:10:00,18.84,3.74,70.46,113.23,59660,3.00,13.71,4.94,67.78,140.9,67,2365800,39.8,218413,OK
2026-08-22 02:20:00,18.89,3.85,72.73,125.35,61635,3.17,13.76,5.10,70.11,145.5,71,2366400,40.8,211518,OK
2026-08-22 02:30:00,18.98,4.05,76.87,138.16,64546,3.33,13.83,5.38,74.41,153.7,78,2367000,40.2,221934,OK
2026-08-22 02:40:00,18.98,4.05,76.87,150.97,64713,3.50,13.83,5.38,74.41,153.7,78,2367600,41.0,216113,OK
2026-08-22 02:50:00,19.02,4.14,78.74,164.10,66053,3.67,13.86,5.51,76.30,157.5,81,2368200,40.7,220497,OK
2026-08-22 03:00:00,19.05,4.21,80.20,177.47,67334,3.83,13.88,5.60,77.79,160.4,83,2368800,40.9,219414,OK
2026-08-22 03:10:00,19.20,4.59,88.13,192.15,73234,4.00,14.02,6.13,85.93,176.3,97,2369400,41.8,221439,OK
2026-08-22 03:20:00,19.23,4.66,89.61,207.09,74377,4.17,14.04,6.22,87.37,179.2,99,2370000,42.3,218863,OK
2026-08-22 03:30:00,19.26,4.73,91.10,222.27,75472,4.33,14.07,6.31,88.82,182.2,100,2370600,42.9,218984,OK
2026-08-22 03:40:00,17.69,1.78,31.49,227.52,28571,4.50,13.03,2.25,29.29,63.0,28,2371200,34.9,216352,OK
2026-08-22 03:50:00,17.94,2.13,38.21,233.89,33935,4.67,13.15,2.72,35.73,76.4,38,2371800,35.8,225556,OK
2026-08-22 04:00:00,19.19,4.56,87.51,248.47,72743,4.83,14.00,6.09,85.32,175.0,96,2372400,41.9,212953,OK
2026-08-22 04:10:00,19.11,4.36,83.32,262.36,69597,5.00,13.93,5.82,81.07,166.6,89,2373000,42.0,216209,OK
2026-08-22 04:20:00,19.20,4.58,87.94,277.02,72974,5.17,14.01,6.12,85.74,175.9,96,2373600,42.5,225990,OK
2026-08-22 04:30:00,19.16,4.48,85.84,291.32,71495,5.33,13.98,5.99,83.69,171.7,93,2374200,42.0,214798,OK
2026-08-22 04:40:00,19.22,4.63,88.99,306.15,73915,5.50,14.03,6.18,86.77,178.0,98,2374800,42.8,213962,OK
2026-08-22 04:50:00,19.27,4.76,91.73,321.44,75783,5.67,14.07,6.36,89.44,183.5,100,2375400,43.1,213613,OK
2026-08-22 05:00:00,19.30,4.84,93.41,337.01,77179,5.83,14.10,6.46,91.07,186.8,100,2376000,42.7,215399,OK
2026-08-22 05:10:00,19.21,4.61,88.56,351.77,73514,6.00,14.02,6.16,86.35,177.1,98,2376600,41.9,215855,OK
2026-08-22 05:20:00,19.33,4.92,95.10,367.62,78465,6.17,14.13,6.56,92.72,190.2,100,2377200,43.4,216599,OK
2026-08-22 05:30:00,19.40,5.12,99.33,384.18,81809,6.33,14.20,6.82,96.85,198.7,100,2377800,44.0,216271,OK
2026-08-22 05:40:00,19.21,4.61,88.56,398.94,73429,6.50,14.02,6.16,86.35,177.1,98,2378400,41.8,220932,OK
2026-08-22 05:50:00,19.40,5.11,99.13,415.46,81552,6.67,14.20,6.81,96.65,198.3,100,2379000,43.7,221100,OK
2026-08-22 06:00:00,19.35,4.98,96.36,431.52,79503,6.83,14.15,6.64,93.95,192.7,100,2379600,42.7,222257,OK
2026-08-22 06:10:00,19.06,4.25,81.00,445.02,67861,7.00,13.90,5.66,78.65,162.0,85,2380200,41.7,223556,OK
2026-08-22 06:20:00,19.20,4.59,88.13,459.71,73359,7.17,14.01,6.13,85.93,176.3,97,2380800,41.7,212063,OK
2026-08-22 06:30:00,19.16,4.48,85.84,474.01,71583,7.33,13.98,5.99,83.69,171.7,93,2381400,41.5,218793,OK
2026-08-22 06:40:00,19.25,4.72,90.86,489.16,75349,7.50,14.06,6.30,88.59,181.7,100,2382000,42.2,217879,OK
2026-08-22 06:50:00,19.16,4.49,86.03,503.49,71761,7.67,13.98,6.00,83.88,172.1,93,2382600,42.4,220985,OK
2026-08-22 07:00:00,17.64,1.73,30.52,508.58,27727,7.83,13.01,2.18,28.35,61.0,27,2383200,35.4,221019,OK
2026-08-22 07:10:00,18.01,2.22,39.98,515.24,35688,8.00,13.18,2.84,37.46,80.0,40,2383800,36.4,224766,OK
2026-08-22 07:20:00,18.97,4.02,76.26,527.95,64080,8.17,13.81,5.34,73.74,152.5,77,2384400,41.2,219607,OK
2026-08-22 07:30:00,17.47,1.53,26.73,532.41,24487,8.33,12.94,1.91,24.73,53.5,22,2385000,34.4,219043,OK
2026-08-22 07:40:00,18.95,3.99,75.61,545.01,63757,8.50,13.80,5.29,73.04,151.2,76,2385600,40.1,216465,OK
2026-08-22 07:50:00,17.52,1.58,27.68,549.63,25315,8.67,12.96,1.98,25.63,55.4,23,2386200,34.6,225693,OK
2026-08-22 08:00:00,18.73,3.49,65.37,560.52,55685,8.83,13.63,4.59,62.62,130.7,58,2386800,39.1,216246,OK
2026-08-22 08:10:00,18.54,3.12,57.84,570.16,49923,9.00,13.50,4.08,55.06,115.7,45,2387400,37.9,221686,OK
2026-08-22 08:20:00,18.42,2.90,53.42,579.06,46284,9.17,13.42,3.77,50.64,106.8,38,2388000,37.8,224197,OK
2026-08-22 08:30:00,18.47,2.99,55.23,588.27,47917,9.33,13.45,3.90,52.47,110.5,41,2388600,37.6,222581,OK
2026-08-22 08:40:00,18.31,2.71,49.62,596.54,43188,9.50,13.35,3.51,46.89,99.2,31,2389200,37.5,224086,OK
2026-08-22 08:50:00,18.17,2.47,44.88,604.02,39501,9.67,13.27,3.18,42.23,89.8,23,2389800,36.6,212822,OK
2026-08-22 09:00:00,18.16,2.46,44.67,611.46,39436,9.83,13.26,3.17,42.03,89.3,23,2390400,37.4,223567,OK
2026-08-22 09:10:00,17.97,2.17,38.99,617.96,34665,10.00,13.16,2.77,36.49,78.0,39,2391000,35.7,221879,OK
2026-08-22 09:20:00,17.79,1.92,34.16,623.66,30806,10.17,13.08,2.43,31.84,68.3,32,2391600,35.4,215710,OK
2026-08-22 09:30:00,17.74,1.86,33.00,629.16,29610,10.33,13.05,2.35,30.72,66.0,30,2392200,35.2,220175,OK
2026-08-22 09:40:00,17.46,1.52,26.54,633.58,24256,10.50,12.93,1.90,24.55,53.1,22,2392800,34.9,218789,OK
2026-08-22 09:50:00,17.43,1.48,25.80,637.88,23721,10.67,12.92,1.85,23.87,51.6,21,2393400,34.4,216182,OK
2026-08-22 10:00:00,17.26,1.31,22.61,641.65,20920,10.83,12.86,1.62,20.85,45.2,16,2394000,34.4,219489,OK
2026-08-22 10:10:00,17.02,1.08,18.38,644.71,17479,11.00,12.78,1.32,16.87,36.8,11,2394600,34.0,213378,OK
2026-08-22 10:20:00,16.67,0.81,13.50,646.96,13125,11.17,12.69,0.97,12.34,27.0,0,2395200,32.5,222166,OK
2026-08-22 10:30:00,16.37,0.62,10.15,648.65,9972,11.33,12.62,0.73,9.24,20.3,0,2395800,32.0,224555,OK
2026-08-22 10:40:00,15.95,0.42,6.70,649.77,6633,11.50,12.55,0.48,6.08,13.4,0,2396400,32.5,221084,OK
2026-08-22 10:50:00,15.28,0.20,3.06,650.28,3271,11.50,12.47,0.22,2.76,6.1,0,2397000,31.4,216662,OK
2026-08-22 11:00:00,12.00,0.00,0.00,650.28,23,11.50,12.40,0.00,0.00,0.0,0,2397600,31.2,213350,OK
2026-08-22 11:10:00,12.00,0.00,0.00,650.28,2,11.50,12.40,0.00,0.00,0.0,0,2398200,31.0,220982,OK
2026-08-22 11:20:00,12.00,0.00,0.00,650.28,233,11.50,12.40,0.00,0.00,0.0,0,2398800,30.9,213791,OK
2026-08-22 11:30:00,12.00,0.00,0.00,650.28,192,11.50,12.40,0.00,0.00,0.0,0,2399400,31.0,218239,OK
2026-08-22 11:40:00,12.00,0.00,0.00,650.28,154,11.50,12.40,0.00,0.00,0.0,0,2400000,31.4,215122,OK
2026-08-22 11:50:00,12.00,0.00,0.00,650.28,35,11.50,12.40,0.00,0.00,0.0,0,2400600,31.6,220178,OK
2026-08-22 23:00:00,12.00,0.00,0.00,0.00,109,0.00,12.40,0.00,0.00,0.0,0,2440800,31.8,217609,OK
2026-08-22 23:10:00,15.41,0.23,3.54,0.59,3956,0.00,12.48,0.26,3.20,7.1,0,2441400,31.5,221525,OK
2026-08-22 23:20:00,16.02,0.44,7.05,1.76,7202,0.17,12.56,0.51,6.39,14.1,0,2442000,32.3,212729,OK
2026-08-22 23:30:00,16.49,0.69,11.38,3.66,11124,0.33,12.64,0.82,10.38,22.8,0,2442600,32.3,223358,OK
2026-08-22 23:40:00,16.78,0.89,14.93,6.15,14515,0.50,12.71,1.07,13.66,29.9,0,2443200,32.7,222575,OK
2026-08-22 23:50:00,16.98,1.05,17.83,9.12,16796,0.67,12.77,1.28,16.35,35.7,0,2443800,33.4,224692,OK
2026-08-23 00:00:00,17.18,1.23,21.13,12.64,19661,0.83,12.83,1.52,19.46,42.3,14,2444400,33.3,219924,OK
2026-08-23 00:10:00,17.50,1.56,27.30,17.19,25016,1.00,12.95,1.95,25.28,54.6,23,2445000,34.1,222412,OK
2026-08-23 00:20:00,17.57,1.64,28.81,21.99,26354,1.17,12.98,2.06,26.71,57.6,25,2445600,34.3,216901,OK
2026-08-23 00:30:00,17.84,1.99,35.50,27.91,31902,1.33,13.10,2.53,33.12,71.0,34,2446200,36.0,219400,OK
2026-08-23 00:40:00,17.95,2.13,38.23,34.28,34106,1.50,13.15,2.72,35.78,76.5,38,2446800,36.5,223789,OK
2026-08-23 00:50:00,18.05,2.29,41.33,41.17,36483,1.67,13.21,2.93,38.77,82.7,17,2447400,36.3,217024,OK
2026-08-23 01:00:00,18.30,2.69,49.23,49.38,42969,1.83,13.35,3.48,46.52,98.5,31,2448000,37.3,218459,OK
2026-08-23 01:10:00,18.39,2.85,52.41,58.11,45463,2.00,13.40,3.70,49.63,104.8,36,2448600,37.5,215746,OK
2026-08-23 01:20:00,18.47,2.98,55.04,67.28,47646,2.17,13.45,3.89,52.29,110.1,41,2449200,38.4,213850,OK
2026-08-23 01:30:00,18.50,3.06,56.61,76.72,48755,2.33,13.48,3.99,53.84,113.2,43,2449800,37.9,212849,OK
2026-08-23 01:40:00,18.65,3.35,62.48,87.13,53467,2.50,13.58,4.40,59.73,125.0,53,2450400,39.5,211616,OK
2026-08-23 01:50:00,18.74,3.52,65.96,98.13,56134,2.67,13.64,4.64,63.26,131.9,59,2451000,39.6,222747,OK
2026-08-23 02:00:00,18.77,3.59,67.38,109.36,57331,2.83,13.66,4.73,64.68,134.8,62,2451600,39.3,221305,OK
2026-08-23 02:10:00,18.90,3.87,73.14,121.55,61558,3.00,13.76,5.12,70.51,146.3,71,2452200,40.7,220725,OK
2026-08-23 02:20:00,18.95,3.98,75.42,134.12,63629,3.17,13.80,5.28,72.86,150.8,75,2452800,40.2,220141,OK
2026-08-23 02:30:00,18.91,3.89,73.56,146.38,62048,3.33,13.77,5.16,70.99,147.1,72,2453400,40.6,222545,OK
2026-08-23 02:40:00,18.92,3.92,74.17,158.74,62600,3.50,13.78,5.19,71.57,148.3,73,2454000,40.8,220227,OK
2026-08-23 02:50:00,19.01,4.12,78.32,171.79,65696,3.67,13.85,5.48,75.89,156.6,80,2454600,40.4,223589,OK
2026-08-23 03:00:00,19.17,4.52,86.65,186.23,72198,3.83,13.99,6.04,84.48,173.3,94,2455200,41.7,217898,OK
2026-08-23 03:10:00,19.06,4.24,80.81,199.70,67775,4.00,13.89,5.65,78.47,161.6,84,2455800,41.3,218748,OK
2026-08-23 03:20:00,19.15,4.46,85.41,213.94,71284,4.17,13.97,5.95,83.19,170.8,92,2456400,41.8,213766,OK
2026-08-23 03:30:00,19.19,4.56,87.51,228.52,72924,4.33,14.01,6.09,85.32,175.0,96,2457000,41.8,221476,OK
2026-08-23 03:40:00,19.31,4.88,94.23,244.23,78082,4.50,14.12,6.51,91.87,188.5,100,2457600,42.9,219066,OK
2026-08-23 03:50:00,19.35,4.99,96.56,260.32,79515,4.67,14.16,6.65,94.15,193.1,100,2458200,42.9,223651,OK
2026-08-23 04:00:00,19.27,4.76,91.73,275.61,76023,4.83,14.08,6.35,89.44,183.5,100,2458800,43.1,223532,OK
2026-08-23 04:10:00,19.29,4.81,92.78,291.07,76649,5.00,14.09,6.42,90.46,185.6,100,2459400,43.3,219441,OK
2026-08-23 04:20:00,19.25,4.71,90.67,306.18,75291,5.17,14.06,6.29,88.40,181.3,100,2460000,42.6,212400,OK
2026-08-23 04:30:00,19.47,5.32,103.58,323.45,84706,5.33,14.27,7.08,100.99,207.2,100,2460600,43.8,212367,OK
2026-08-23 04:40:00,19.41,5.15,99.96,340.11,82134,5.50,14.21,6.86,97.46,199.9,100,2461200,44.0,218762,OK
2026-08-23 04:50:00,19.36,5.00,96.80,356.24,79852,5.67,14.16,6.67,94.38,193.6,100,2461800,42.8,224095,OK
2026-08-23 05:00:00,19.27,4.76,91.73,371.53,75859,5.83,14.07,6.36,89.44,183.5,100,2462400,42.7,217682,OK
2026-08-23 05:10:00,19.32,4.91,94.86,387.34,78411,6.00,14.13,6.55,92.49,189.7,100,2463000,42.7,215597,OK
2026-08-23 05:20:00,19.34,4.95,95.73,403.29,79133,6.17,14.14,6.60,93.34,191.5,100,2463600,42.7,224918,OK
2026-08-23 05:30:00,19.28,4.78,92.16,418.65,76184,6.33,14.08,6.38,89.86,184.3,100,2464200,42.8,224775,OK
2026-08-23 05:40:00,19.27,4.78,92.11,434.01,76248,6.50,14.08,6.38,89.81,184.2,100,2464800,43.2,218372,OK
2026-08-23 05:50:00,19.36,5.01,96.99,450.17,79949,6.67,14.16,6.68,94.57,194.0,100,2465400,43.3,216383,OK
2026-08-23 06:00:00,19.34,4.94,95.54,466.09,78853,6.83,14.14,6.59,93.15,191.1,100,2466000,42.6,212732,OK
2026-08-23 06:10:00,19.31,4.87,94.04,481.77,77695,7.00,14.11,6.50,91.69,188.1,100,2466600,43.5,216080,OK
2026-08-23 06:20:00,19.28,4.81,92.74,497.22,76588,7.17,14.09,6.42,90.42,185.5,100,2467200,43.1,218064,OK
2026-08-23 06:30:00,19.32,4.90,94.67,513.00,77989,7.33,14.12,6.54,92.30,189.3,100,2467800,42.9,222708,OK
2026-08-23 06:40:00,19.30,4.85,93.60,528.60,77369,7.50,14.11,6.47,91.26,187.2,100,2468400,43.4,223464,OK
2026-08-23 06:50:00,19.10,4.34,82.89,542.42,69147,7.67,13.93,5.78,80.57,165.8,88,2469000,41.4,221967,OK
2026-08-23 07:00:00,19.05,4.21,80.20,555.78,67099,7.83,13.88,5.60,77.79,160.4,83,2469600,41.0,225343,OK
2026-08-23 07:10:00,18.99,4.07,77.29,568.67,64986,8.00,13.83,5.41,74.82,154.6,78,2470200,40.9,213699,OK
2026-08-23 07:20:00,19.07,4.27,81.43,582.24,68323,8.17,13.90,5.69,79.07,162.9,85,2470800,40.8,215671,OK
2026-08-23 07:30:00,18.96,4.02,76.22,594.94,64042,8.33,13.81,5.34,73.70,152.4,77,2471400,41.1,215414,OK
2026-08-23 07:40:00,18.97,4.02,76.26,607.65,64067,8.50,13.82,5.34,73.74,152.5,77,2472000,41.2,219212,OK
2026-08-23 07:50:00,18.76,3.56,66.79,618.78,56714,8.67,13.65,4.69,64.05,133.6,61,2472600,39.0,222935,OK
2026-08-23 08:00:00,18.85,3.76,70.88,630.60,60075,8.83,13.72,4.98,68.26,141.8,67,2473200,39.7,218765,OK
2026-08-23 08:10:00,18.74,3.52,65.96,641.59,56146,9.00,13.64,4.64,63.26,131.9,59,2473800,39.1,218436,OK
2026-08-23 08:20:00,18.58,3.19,59.27,651.47,50947,9.17,13.52,4.18,56.48,118.5,48,2474400,39.1,223578,OK
2026-08-23 08:30:00,18.49,3.03,56.02,660.80,48275,9.33,13.46,3.95,53.22,112.0,42,2475000,38.7,218754,OK
2026-08-23 08:40:00,18.36,2.78,51.04,669.31,44558,9.50,13.38,3.61,48.28,102.1,34,2475600,37.5,215705,OK
2026-08-23 08:50:00,18.31,2.70,49.44,677.55,43180,9.67,13.35,3.50,46.72,98.9,31,2476200,37.5,214733,OK
2026-08-23 09:00:00,18.27,2.63,48.05,685.56,42125,9.83,13.33,3.40,45.36,96.1,29,2476800,37.0,222214,OK
2026-08-23 09:10:00,18.13,2.41,43.69,692.84,38511,10.00,13.25,3.10,41.07,87.4,21,2477400,36.4,214181,OK
2026-08-23 09:20:00,17.97,2.17,38.99,699.34,34674,10.17,13.16,2.77,36.49,78.0,39,2478000,36.2,223834,OK
2026-08-23 09:30:00,17.87,2.02,36.10,705.36,32375,10.33,13.11,2.57,33.72,72.2,35,2478600,35.3,212397,OK
2026-08-23 09:40:00,17.63,1.72,30.32,710.41,27581,10.50,13.00,2.17,28.17,60.6,27,2479200,35.0,214815,OK
2026-08-23 09:50:00,17.51,1.57,27.49,714.99,25197,10.67,12.95,1.97,25.46,55.0,23,2479800,35.0,211359,OK
2026-08-23 10:00:00,17.34,1.38,23.93,718.98,22203,10.83,12.89,1.71,22.09,47.9,18,2480400,34.2,225325,OK
2026-08-23 10:10:00,16.95,1.03,17.46,721.89,16614,11.00,12.76,1.25,16.01,34.9,0,2481000,33.1,223477,OK
2026-08-23 10:20:00,16.75,0.87,14.57,724.32,14064,11.17,12.71,1.05,13.32,29.1,0,2481600,33.4,218259,OK
2026-08-23 10:30:00,16.49,0.70,11.54,726.24,11091,11.33,12.64,0.83,10.52,23.1,0,2482200,33.0,211583,OK
2026-08-23 10:40:00,15.97,0.42,6.71,727.36,7023,11.50,12.55,0.49,6.09,13.4,0,2482800,31.7,218197,OK
2026-08-23 10:50:00,15.36,0.22,3.38,727.92,3573,11.50,12.48,0.25,3.06,6.8,0,2483400,31.7,220634,OK
2026-08-23 11:00:00,12.00,0.00,0.00,727.92,7,11.50,12.40,0.00,0.00,0.0,0,2484000,30.9,225267,OK
2026-08-23 11:10:00,12.00,0.00,0.00,727.92,12,11.50,12.40,0.00,0.00,0.0,0,2484600,31.1,215118,OK
2026-08-23 11:20:00,12.00,0.00,0.00,727.92,260,11.50,12.40,0.00,0.00,0.0,0,2485200,31.0,212222,OK
2026-08-23 11:30:00,12.00,0.00,0.00,727.92,146,11.50,12.40,0.00,0.00,0.0,0,2485800,31.7,219699,OK
2026-08-23 11:40:00,12.00,0.00,0.00,727.92,163,11.50,12.40,0.00,0.00,0.0,0,2486400,30.7,225884,OK
2026-08-23 11:50:00,12.00,0.00,0.00,727.92,38,11.50,12.40,0.00,0.00,0.0,0,2487000,30.7,212296,OK
2026-08-23 23:00:00,12.00,0.00,0.00,0.00,254,0.00,12.40,0.00,0.00,0.0,0,2527200,31.5,216109,OK
2026-08-23 23:10:00,15.43,0.24,3.70,0.62,3938,0.00,12.48,0.27,3.34,7.4,0,2527800,32.1,218926,OK
2026-08-23 23:20:00,15.96,0.42,6.70,1.73,6815,0.17,12.55,0.48,6.08,13.4,0,2528400,32.3,220006,OK
2026-08-23 23:30:00,16.38,0.63,10.32,3.45,10323,0.33,12.62,0.74,9.40,20.6,0,2529000,32.7,214118,OK
2026-08-23 23:40:00,16.73,0.85,14.22,5.82,13581,0.50,12.70,1.02,13.00,28.4,0,2529600,33.1,216633,OK
2026-08-23 23:50:00,17.09,1.14,19.48,9.07,18264,0.67,12.80,1.40,17.90,39.0,12,2530200,33.7,223950,OK
2026-08-24 00:00:00,17.26,1.31,22.61,12.84,20788,0.83,12.86,1.62,20.85,45.2,16,2530800,34.4,214635,OK
2026-08-24 00:10:00,17.51,1.58,27.67,17.45,25398,1.00,12.95,1.98,25.62,55.3,23,2531400,34.5,217549,OK
2026-08-24 00:20:00,17.68,1.77,31.29,22.66,28352,1.17,13.02,2.24,29.10,62.6,28,2532000,35.4,214832,OK
2026-08-24 00:30:00,17.86,2.01,35.90,28.65,32271,1.33,13.11,2.56,33.53,71.8,34,2532600,35.7,216293,OK
2026-08-24 00:40:00,17.94,2.12,38.03,34.99,33968,1.50,13.15,2.70,35.56,76.1,37,2533200,35.5,216610,OK
2026-08-24 00:50:00,18.03,2.26,40.75,41.78,36191,1.67,13.20,2.90,38.22,81.5,16,2533800,36.2,224409,OK
2026-08-24 01:00:00,18.19,2.50,45.48,49.36,40030,1.83,13.28,3.23,42.84,91.0,24,2534400,36.9,220392,OK
2026-08-24 01:10:00,18.37,2.81,51.62,57.96,44849,2.00,13.39,3.65,48.88,103.2,35,2535000,37.8,216072,OK
2026-08-24 01:20:00,18.51,3.07,56.83,67.43,49068,2.17,13.48,4.01,54.05,113.7,44,2535600,37.8,220893,OK
2026-08-24 01:30:00,18.52,3.09,57.23,76.97,49156,2.33,13.49,4.03,54.43,114.5,44,2536200,38.1,217831,OK
2026-08-24 01:40:00,18.52,3.09,57.23,86.51,49462,2.50,13.49,4.04,54.48,114.5,44,2536800,38.0,222033,OK
2026-08-24 01:50:00,18.63,3.29,61.29,96.72,52657,2.67,13.56,4.32,58.53,122.6,51,2537400,38.8,214918,OK
2026-08-24 02:00:00,18.75,3.54,66.38,107.79,56436,2.83,13.65,4.66,63.66,132.8,60,2538000,39.4,225334,OK
2026-08-24 02:10:00,18.78,3.61,67.80,119.09,57631,3.00,13.67,4.76,65.09,135.6,62,2538600,39.1,212992,OK
2026-08-24 02:20:00,18.93,3.93,74.39,131.49,62780,3.17,13.78,5.21,71.79,148.8,73,2539200,40.5,218699,OK
2026-08-24 02:30:00,18.96,4.00,75.84,144.13,63767,3.33,13.81,5.31,73.34,151.7,76,2539800,40.8,222491,OK
2026-08-24 02:40:00,18.99,4.08,77.48,157.04,64923,3.50,13.83,5.42,75.00,155.0,79,2540400,41.1,216000,OK
2026-08-24 02:50:00,19.10,4.34,82.89,170.85,69218,3.67,13.93,5.78,80.57,165.8,88,2541000,41.7,225285,OK
2026-08-24 03:00:00,19.23,4.66,89.61,185.79,74526,3.83,14.04,6.22,87.37,179.2,99,2541600,42.3,212996,OK
2026-08-24 03:10:00,19.21,4.61,88.56,200.55,73747,4.00,14.02,6.16,86.35,177.1,98,2542200,41.7,215529,OK
2026-08-24 03:20:00,19.29,4.83,93.17,216.08,77070,4.17,14.10,6.44,90.84,186.3,100,2542800,43.3,222381,OK
2026-08-24 03:30:00,19.34,4.94,95.54,232.00,78723,4.33,14.14,6.59,93.15,191.1,100,2543400,43.3,213108,OK
2026-08-24 03:40:00,19.19,4.57,87.70,246.62,72957,4.50,14.01,6.10,85.51,175.4,96,2544000,42.6,224115,OK
2026-08-24 03:50:00,19.25,4.72,90.86,261.76,75483,4.67,14.06,6.30,88.59,181.7,100,2544600,42.7,217416,OK
2026-08-24 04:00:00,19.26,4.75,91.49,277.01,75923,4.83,14.07,6.34,89.20,183.0,100,2545200,42.1,217052,OK
2026-08-24 04:10:00,19.38,5.06,98.06,293.35,80828,5.00,14.18,6.74,95.61,196.1,100,2545800,44.0,213881,OK
2026-08-24 04:20:00,19.38,5.06,98.06,309.70,80774,5.17,14.18,6.74,95.61,196.1,100,2546400,43.1,223834,OK
2026-08-24 04:30:00,19.47,5.32,103.58,326.96,84909,5.33,14.27,7.08,100.99,207.2,100,2547000,43.8,219239,OK
2026-08-24 04:40:00,19.38,5.05,97.87,343.27,80572,5.50,14.18,6.73,95.42,195.7,100,2547600,43.0,212789,OK
2026-08-24 04:50:00,19.38,5.06,98.06,359.62,80573,5.67,14.18,6.74,95.61,196.1,100,2548200,43.9,215034,OK
2026-08-24 05:00:00,19.46,5.30,103.14,376.81,84554,5.83,14.26,7.05,100.56,206.3,100,2548800,43.8,216220,OK
2026-08-24 05:10:00,19.41,5.14,99.77,393.43,82024,6.00,14.21,6.85,97.28,199.5,100,2549400,43.6,216387,OK
2026-08-24 05:20:00,19.35,4.99,96.56,409.53,79806,6.17,14.16,6.65,94.15,193.1,100,2550000,42.7,213534,OK
2026-08-24 05:30:00,19.37,5.03,97.43,425.76,80175,6.33,14.17,6.70,94.99,194.9,100,2550600,43.9,218642,OK
2026-08-24 05:40:00,19.33,4.93,95.30,441.65,78878,6.50,14.14,6.57,92.92,190.6,100,2551200,42.6,222355,OK
2026-08-24 05:50:00,19.26,4.74,91.29,456.86,75571,6.67,14.07,6.33,89.01,182.6,100,2551800,42.6,217923,OK
2026-08-24 06:00:00,19.24,4.69,90.24,471.90,74966,6.83,14.05,6.26,87.98,180.5,100,2552400,42.6,211110,OK
2026-08-24 06:10:00,19.21,4.61,88.56,486.66,73512,7.00,14.02,6.16,86.35,177.1,98,2553000,42.7,212601,OK
2026-08-24 06:20:00,19.28,4.78,92.16,502.02,76190,7.17,14.08,6.38,89.86,184.3,100,2553600,42.6,224563,OK
2026-08-24 06:30:00,19.14,4.44,84.98,516.19,70736,7.33,13.96,5.93,82.77,170.0,91,2554200,42.3,220223,OK
2026-08-24 06:40:00,19.30,4.85,93.60,531.79,77459,7.50,14.11,6.47,91.26,187.2,100,2554800,43.3,219740,OK
2026-08-24 06:50:00,19.22,4.65,89.37,546.68,74203,7.67,14.04,6.21,87.14,178.7,99,2555400,42.4,213447,OK
2026-08-24 07:00:00,19.11,4.35,83.13,560.54,69581,7.83,13.93,5.81,80.89,166.3,88,2556000,42.0,224996,OK
2026-08-24 07:10:00,19.11,4.36,83.32,574.42,69479,8.00,13.93,5.82,81.07,166.6,89,2556600,41.1,212044,OK
2026-08-24 07:20:00,19.08,4.28,81.66,588.03,68401,8.17,13.91,5.70,79.29,163.3,86,2557200,40.9,219988,OK
2026-08-24 07:30:00,18.90,3.87,73.14,600.22,61737,8.33,13.76,5.12,70.51,146.3,71,2557800,40.3,220102,OK
2026-08-24 07:40:00,18.86,3.78,71.29,612.11,60232,8.50,13.73,5.00,68.65,142.6,68,2558400,39.9,223581,OK
2026-08-24 07:50:00,18.91,3.89,73.56,624.37,62100,8.67,13.77,5.16,70.99,147.1,72,2559000,39.9,225300,OK
2026-08-24 08:00:00,18.77,3.59,67.38,635.60,57416,8.83,13.66,4.73,64.68,134.8,62,2559600,40.1,216487,OK
2026-08-24 08:10:00,18.64,3.31,61.70,645.88,53055,9.00,13.57,4.34,58.92,123.4,52,2560200,39.2,212404,OK
2026-08-24 08:20:00,18.58,3.20,59.46,655.79,51195,9.17,13.53,4.19,56.67,118.9,48,2560800,38.3,215939,OK
2026-08-24 08:30:00,18.56,3.16,58.65,665.56,50404,9.33,13.51,4.14,55.89,117.3,47,2561400,38.5,224888,OK
2026-08-24 08:40:00,18.37,2.81,51.62,674.17,45120,9.50,13.39,3.65,48.88,103.2,35,2562000,37.1,224997,OK
2026-08-24 08:50:00,18.36,2.80,51.41,682.74,44687,9.67,13.38,3.64,48.69,102.8,34,2562600,37.3,222086,OK
2026-08-24 09:00:00,18.28,2.66,48.62,690.84,42609,9.83,13.33,3.44,45.90,97.2,30,2563200,37.6,223381,OK
2026-08-24 09:10:00,18.18,2.49,45.27,698.38,39891,10.00,13.28,3.21,42.64,90.5,24,2563800,37.1,224761,OK
2026-08-24 09:20:00,17.95,2.14,38.41,704.78,34217,10.17,13.15,2.73,35.95,76.8,38,2564400,36.5,214739,OK
2026-08-24 09:30:00,17.78,1.91,33.96,710.44,30493,10.33,13.07,2.42,31.65,67.9,32,2565000,35.1,225219,OK
2026-08-24 09:40:00,17.67,1.77,31.28,715.66,28395,10.50,13.02,2.23,29.06,62.6,28,2565600,34.7,220907,OK
2026-08-24 09:50:00,17.42,1.48,25.78,719.95,23587,10.67,12.92,1.85,23.85,51.6,21,2566200,34.7,215904,OK
2026-08-24 10:00:00,17.24,1.29,22.24,723.66,20581,10.83,12.85,1.59,20.48,44.5,16,2566800,33.9,222460,OK
2026-08-24 10:10:00,16.96,1.03,17.47,726.57,16564,11.00,12.76,1.26,16.02,34.9,0,2567400,33.9,213531,OK
2026-08-24 10:20:00,16.80,0.90,15.12,729.09,14655,11.17,12.72,1.09,13.83,30.2,0,2568000,32.6,220807,OK
2026-08-24 10:30:00,16.43,0.66,10.84,730.90,10693,11.33,12.63,0.78,9.88,21.7,0,2568600,33.1,212797,OK
2026-08-24 10:40:00,15.98,0.43,6.87,732.04,6884,11.50,12.55,0.50,6.23,13.7,0,2569200,31.5,214862,OK
2026-08-24 10:50:00,15.39,0.22,3.39,732.61,3681,11.50,12.48,0.25,3.06,6.8,0,2569800,31.3,222207,OK
2026-08-24 11:00:00,12.00,0.00,0.00,732.61,73,11.50,12.40,0.00,0.00,0.0,0,2570400,31.3,224619,OK
2026-08-24 11:10:00,12.00,0.00,0.00,732.61,210,11.50,12.40,0.00,0.00,0.0,0,2571000,31.5,223189,OK
2026-08-24 11:20:00,12.00,0.00,0.00,732.61,146,11.50,12.40,0.00,0.00,0.0,0,2571600,31.7,222036,OK
2026-08-24 11:30:00,12.00,0.00,0.00,732.61,6,11.50,12.40,0.00,0.00,0.0,0,2572200,31.3,222913,OK
2026-08-24 11:40:00,12.00,0.00,0.00,732.61,193,11.50,12.40,0.00,0.00,0.0,0,2572800,30.7,221982,OK
2026-08-24 11:50:00,12.00,0.00,0.00,732.61,38,11.50,12.40,0.00,0.00,0.0,0,2573400,31.2,213262,OK
2026-08-24 23:00:00,12.00,0.00,0.00,0.00,296,0.00,12.40,0.00,0.00,0.0,0,2613600,30.7,213608,OK
2026-08-24 23:10:00,15.41,0.23,3.54,0.59,3953,0.00,12.48,0.26,3.20,7.1,0,2614200,32.0,223252,OK
2026-08-24 23:20:00,15.97,0.42,6.71,1.71,6939,0.17,12.55,0.49,6.09,13.4,0,2614800,31.6,222969,OK
2026-08-24 23:30:00,16.42,0.65,10.67,3.49,10705,0.33,12.63,0.77,9.72,21.3,0,2615400,33.0,212232,OK
2026-08-24 23:40:00,16.71,0.84,14.04,5.83,13624,0.50,12.70,1.01,12.83,28.1,0,2616000,33.4,214456,OK
2026-08-24 23:50:00,17.05,1.11,18.93,8.98,17942,0.67,12.79,1.36,17.38,37.9,11,2616600,33.0,211826,OK
2026-08-25 00:00:00,17.33,1.37,23.74,12.94,21902,0.83,12.88,1.70,21.91,47.5,18,2617200,33.6,215090,OK
2026-08-25 00:10:00,17.39,1.44,25.04,17.11,23154,1.00,12.91,1.79,23.14,50.1,20,2617800,34.2,225868,OK
2026-08-25 00:20:00,17.64,1.72,30.34,22.17,27679,1.17,13.01,2.17,28.19,60.7,27,2618400,34.5,214199,OK
2026-08-25 00:30:00,17.84,1.99,35.50,28.08,31835,1.33,13.10,2.53,33.12,71.0,34,2619000,36.1,219795,OK
2026-08-25 00:40:00,17.90,2.06,36.87,34.23,33028,1.50,13.13,2.62,34.44,73.7,36,2619600,36.2,219424,OK
2026-08-25 00:50:00,18.05,2.29,41.33,41.12,36549,1.67,13.21,2.93,38.77,82.7,17,2620200,36.1,213520,OK
2026-08-25 01:00:00,18.17,2.48,45.06,48.63,39461,1.83,13.27,3.20,42.40,90.1,24,2620800,36.7,220075,OK
2026-08-25 01:10:00,18.36,2.79,51.22,57.16,44744,2.00,13.38,3.63,48.51,102.4,34,2621400,37.3,225395,OK
2026-08-25 01:20:00,18.35,2.78,51.01,65.67,44554,2.17,13.38,3.61,48.26,102.0,34,2622000,37.7,221149,OK
2026-08-25 01:30:00,18.45,2.95,54.43,74.74,47211,2.33,13.44,3.84,51.65,108.9,40,2622600,37.8,221866,OK
2026-08-25 01:40:00,18.56,3.16,58.65,84.51,50426,2.50,13.51,4.14,55.89,117.3,47,2623200,38.9,211104,OK
2026-08-25 01:50:00,18.64,3.33,62.07,94.86,53136,2.67,13.57,4.37,59.28,124.1,53,2623800,39.0,212258,OK
2026-08-25 02:00:00,18.81,3.67,69.03,106.36,58542,2.83,13.69,4.85,66.34,138.1,64,2624400,39.5,220670,OK
2026-08-25 02:10:00,18.85,3.76,70.88,118.18,60126,3.00,13.72,4.98,68.26,141.8,67,2625000,40.1,214163,OK
2026-08-25 02:20:00,18.89,3.84,72.54,130.27,61371,3.17,13.75,5.09,69.93,145.1,70,2625600,40.3,222221,OK
2026-08-25 02:30:00,18.88,3.81,71.93,142.25,60790,3.33,13.74,5.05,69.34,143.9,69,2626200,40.4,212940,OK
2026-08-25 02:40:00,19.08,4.30,82.04,155.93,68730,3.50,13.91,5.73,79.74,164.1,86,2626800,41.5,219622,OK
2026-08-25 02:50:00,19.14,4.43,84.79,170.06,70707,3.67,13.96,5.92,82.59,169.6,91,2627400,41.2,213913,OK
2026-08-25 03:00:00,19.21,4.62,88.75,184.85,73882,3.83,14.03,6.17,86.53,177.5,98,2628000,42.9,215462,OK
2026-08-25 03:10:00,19.12,4.38,83.75,198.81,70033,4.00,13.94,5.85,81.49,167.5,89,2628600,41.5,225711,OK
2026-08-25 03:20:00,19.17,4.52,86.65,213.25,71995,4.17,13.99,6.04,84.48,173.3,94,2629200,42.6,215410,OK
2026-08-25 03:30:00,19.25,4.73,91.05,228.43,75370,4.33,14.06,6.31,88.77,182.1,100,2629800,42.1,211544,OK
2026-08-25 03:40:00,19.20,4.58,87.94,243.08,73200,4.50,14.01,6.12,85.74,175.9,96,2630400,41.9,211004,OK
2026-08-25 03:50:00,19.35,4.98,96.36,259.14,79454,4.67,14.15,6.64,93.95,192.7,100,2631000,43.5,218939,OK
2026-08-25 04:00:00,19.24,4.68,90.04,274.15,74690,4.83,14.05,6.25,87.79,180.1,100,2631600,42.3,222912,OK
2026-08-25 04:10:00,19.36,5.01,96.99,290.31,80031,5.00,14.16,6.68,94.57,194.0,100,2632200,43.4,225483,OK
2026-08-25 04:20:00,19.42,5.17,100.40,307.05,82587,5.17,14.22,6.88,97.89,200.8,100,2632800,43.4,221287,OK
2026-08-25 04:30:00,19.44,5.22,101.48,323.96,83311,5.33,14.24,6.95,98.94,203.0,100,2633400,44.4,216121,OK
2026-08-25 04:40:00,19.46,5.29,102.94,341.12,84463,5.50,14.26,7.04,100.37,205.9,100,2634000,43.5,221354,OK
2026-08-25 04:50:00,19.30,4.84,93.41,356.69,77276,5.67,14.10,6.46,91.07,186.8,100,2634600,43.2,224669,OK
2026-08-25 05:00:00,19.49,5.38,104.86,374.16,86009,5.83,14.29,7.15,102.24,209.7,100,2635200,44.8,223706,OK
2026-08-25 05:10:00,19.38,5.06,98.06,390.51,80609,6.00,14.18,6.74,95.61,196.1,100,2635800,43.1,225407,OK
2026-08-25 05:20:00,19.30,4.86,93.80,406.14,77423,6.17,14.11,6.48,91.45,187.6,100,2636400,43.2,221081,OK
2026-08-25 05:30:00,19.39,5.08,98.50,422.56,81134,6.33,14.19,6.77,96.04,197.0,100,2637000,43.5,223876,OK
2026-08-25 05:40:00,19.41,5.15,99.96,439.22,82312,6.50,14.21,6.86,97.46,199.9,100,2637600,44.1,221203,OK
2026-08-25 05:50:00,19.42,5.17,100.40,455.95,82550,6.67,14.22,6.88,97.89,200.8,100,2638200,44.2,220967,OK
2026-08-25 06:00:00,19.43,5.21,101.23,472.82,83109,6.83,14.23,6.94,98.70,202.5,100,2638800,43.9,213483,OK
2026-08-25 06:10:00,19.27,4.76,91.73,488.11,75789,7.00,14.07,6.36,89.44,183.5,100,2639400,43.1,213826,OK
2026-08-25 06:20:00,19.24,4.68,90.04,503.12,74728,7.17,14.05,6.25,87.79,180.1,100,2640000,42.9,218760,OK
2026-08-25 06:30:00,19.34,4.96,95.93,519.11,79163,7.33,14.15,6.61,93.53,191.9,100,2640600,42.7,213753,OK
2026-08-25 06:40:00,19.19,4.55,87.31,533.66,72557,7.50,14.00,6.08,85.13,174.6,95,2641200,42.2,216505,OK
2026-08-25 06:50:00,19.06,4.25,81.00,547.16,67678,7.67,13.89,5.66,78.65,162.0,85,2641800,41.4,213848,OK
2026-08-25 07:00:00,19.17,4.51,86.46,561.57,71922,7.83,13.99,6.03,84.30,172.9,94,2642400,42.0,219033,OK
2026-08-25 07:10:00,19.18,4.55,87.27,576.11,72462,8.00,14.00,6.08,85.09,174.5,95,2643000,41.8,220680,OK
2026-08-25 07:20:00,19.07,4.27,81.43,589.68,68119,8.17,13.90,5.69,79.07,162.9,85,2643600,41.4,215048,OK
2026-08-25 07:30:00,18.91,3.89,73.56,601.94,62029,8.33,13.77,5.16,70.99,147.1,72,2644200,40.7,224459,OK
2026-08-25 07:40:00,19.00,4.09,77.71,614.89,65182,8.50,13.84,5.43,75.22,155.4,79,2644800,41.1,220472,OK
2026-08-25 07:50:00,18.77,3.58,67.20,626.10,57171,8.67,13.66,4.72,64.51,134.4,61,2645400,39.8,212107,OK
2026-08-25 08:00:00,18.69,3.42,63.92,636.75,54676,8.83,13.60,4.50,61.17,127.8,56,2646000,38.6,217230,OK
2026-08-25 08:10:00,18.76,3.55,66.60,647.85,56815,9.00,13.65,4.68,63.87,133.2,60,2646600,39.8,222204,OK
2026-08-25 08:20:00,18.58,3.21,59.64,657.79,51226,9.17,13.53,4.20,56.84,119.3,48,2647200,38.3,220329,OK
2026-08-25 08:30:00,18.52,3.08,57.04,667.30,49181,9.33,13.48,4.02,54.25,114.1,44,2647800,38.8,223267,OK
2026-08-25 08:40:00,18.52,3.09,57.23,676.83,49294,9.50,13.49,4.03,54.43,114.5,44,2648400,38.4,221133,OK
2026-08-25 08:50:00,18.33,2.74,50.22,685.20,43892,9.67,13.37,3.55,47.51,100.4,32,2649000,37.8,218535,OK
2026-08-25 09:00:00,18.13,2.41,43.69,692.49,38634,9.83,13.25,3.10,41.07,87.4,21,2649600,36.4,217530,OK
2026-08-25 09:10:00,18.14,2.42,43.90,699.80,38813,10.00,13.25,3.11,41.27,87.8,22,2650200,37.1,216599,OK
2026-08-25 09:20:00,17.97,2.17,38.99,706.30,34695,10.17,13.16,2.77,36.49,78.0,39,2650800,36.5,222016,OK
2026-08-25 09:30:00,17.83,1.97,35.13,712.16,31606,10.33,13.09,2.50,32.78,70.3,33,2651400,36.1,219188,OK
2026-08-25 09:40:00,17.64,1.73,30.52,717.24,27632,10.50,13.01,2.18,28.35,61.0,27,2652000,34.8,212297,OK
2026-08-25 09:50:00,17.38,1.43,24.85,721.38,22876,10.67,12.90,1.78,22.96,49.7,19,2652600,34.0,216541,OK
2026-08-25 10:00:00,17.34,1.38,23.93,725.37,22096,10.83,12.89,1.71,22.09,47.9,18,2653200,33.9,221543,OK
2026-08-25 10:10:00,17.07,1.12,19.12,728.56,18097,11.00,12.80,1.37,17.57,38.2,12,2653800,33.2,212408,OK
2026-08-25 10:20:00,16.75,0.87,14.57,730.99,13940,11.17,12.70,1.05,13.32,29.1,0,2654400,33.5,214759,OK
2026-08-25 10:30:00,16.48,0.69,11.37,732.88,10992,11.33,12.64,0.82,10.36,22.7,0,2655000,33.0,211460,OK
2026-08-25 10:40:00,16.06,0.46,7.39,734.11,7509,11.50,12.56,0.53,6.71,14.8,0,2655600,31.6,214967,OK
2026-08-25 10:50:00,15.42,0.23,3.55,734.71,4007,11.50,12.48,0.26,3.21,7.1,0,2656200,32.0,213101,OK
2026-08-25 11:00:00,12.00,0.00,0.00,734.71,64,11.50,12.40,0.00,0.00,0.0,0,2656800,31.7,225857,OK
2026-08-25 11:10:00,12.00,0.00,0.00,734.71,20,11.50,12.40,0.00,0.00,0.0,0,2657400,31.6,222466,OK
2026-08-25 11:20:00,12.00,0.00,0.00,734.71,140,11.50,12.40,0.00,0.00,0.0,0,2658000,31.0,216701,OK
2026-08-25 11:30:00,12.00,0.00,0.00,734.71,229,11.50,12.40,0.00,0.00,0.0,0,2658600,31.3,216861,OK
2026-08-25 11:40:00,12.00,0.00,0.00,734.71,233,11.50,12.40,0.00,0.00,0.0,0,2659200,31.4,219941,OK
2026-08-25 11:50:00,12.00,0.00,0.00,734.71,217,11.50,12.40,0.00,0.00,0.0,0,2659800,31.1,218501,OK
2026-08-25 23:00:00,12.00,0.00,0.00,0.00,64,0.00,12.40,0.00,0.00,0.0,0,2700000,31.6,224422,OK
2026-08-25 23:10:00,15.35,0.21,3.22,0.54,3511,0.00,12.48,0.23,2.91,6.4,0,2700600,32.1,221244,OK
2026-08-25 23:20:00,15.98,0.43,6.87,1.68,7045,0.17,12.55,0.50,6.23,13.7,0,2701200,32.6,223327,OK
2026-08-25 23:30:00,16.49,0.69,11.38,3.58,11173,0.33,12.64,0.82,10.38,22.8,0,2701800,32.6,214338,OK
2026-08-25 23:40:00,16.71,0.84,14.04,5.92,13591,0.50,12.69,1.01,12.83,28.1,0,2702400,32.4,222458,OK
2026-08-25 23:50:00,16.99,1.06,18.01,8.92,16897,0.67,12.77,1.29,16.53,36.0,10,2703000,32.9,219466,OK
2026-08-26 00:00:00,17.31,1.36,23.54,12.84,21865,0.83,12.88,1.69,21.73,47.1,18,2703600,34.5,211199,OK
2026-08-26 00:10:00,17.54,1.60,28.06,17.52,25669,1.00,12.96,2.01,26.01,56.1,24,2704200,34.2,220064,OK
2026-08-26 00:20:00,17.65,1.74,30.71,22.64,27864,1.17,13.01,2.19,28.53,61.4,27,2704800,34.8,224530,OK
2026-08-26 00:30:00,17.89,2.05,36.67,28.75,32771,1.33,13.12,2.61,34.25,73.3,35,2705400,35.6,222021,OK
2026-08-26 00:40:00,18.02,2.24,40.36,35.48,35795,1.50,13.19,2.87,37.82,80.7,16,2706000,36.7,222066,OK
2026-08-26 00:50:00,18.02,2.25,40.55,42.23,35809,1.67,13.19,2.88,38.00,81.1,16,2706600,36.8,216142,OK
2026-08-26 01:00:00,18.24,2.59,47.24,50.11,41589,1.83,13.31,3.35,44.55,94.5,27,2707200,36.6,224217,OK
2026-08-26 01:10:00,18.42,2.89,53.23,58.98,46309,2.00,13.42,3.76,50.46,106.5,37,2707800,37.4,225442,OK
2026-08-26 01:20:00,18.33,2.74,50.22,67.35,43933,2.17,13.36,3.56,47.51,100.4,32,2708400,37.0,214187,OK
2026-08-26 01:30:00,18.62,3.28,61.07,77.53,52266,2.33,13.55,4.30,58.32,122.1,51,2709000,39.1,212956,OK
2026-08-26 01:40:00,18.71,3.46,64.74,88.32,55078,2.50,13.62,4.55,62.02,129.5,57,2709600,39.7,220455,OK
2026-08-26 01:50:00,18.72,3.47,64.96,99.14,55302,2.67,13.62,4.57,62.23,129.9,57,2710200,38.9,216623,OK
2026-08-26 02:00:00,18.73,3.50,65.56,110.07,55755,2.83,13.63,4.61,62.81,131.1,58,2710800,39.2,215188,OK
2026-08-26 02:10:00,18.88,3.81,71.93,122.06,60935,3.00,13.74,5.05,69.34,143.9,69,2711400,40.2,216489,OK
2026-08-26 02:20:00,18.97,4.02,76.26,134.77,64277,3.17,13.82,5.34,73.74,152.5,77,2712000,40.3,218209,OK
2026-08-26 02:30:00,18.94,3.95,74.81,147.24,63136,3.33,13.79,5.24,72.27,149.6,74,2712600,40.3,218263,OK
2026-08-26 02:40:00,18.93,3.93,74.39,159.64,62823,3.50,13.78,5.21,71.79,148.8,73,2713200,40.1,224466,OK
2026-08-26 02:50:00,19.04,4.19,79.78,172.93,66982,3.67,13.88,5.58,77.39,159.6,83,2713800,40.9,216923,OK
2026-08-26 03:00:00,19.17,4.51,86.46,187.34,72043,3.83,13.99,6.03,84.30,172.9,94,2714400,42.5,219243,OK
2026-08-26 03:10:00,19.19,4.57,87.70,201.96,72712,4.00,14.01,6.10,85.51,175.4,96,2715000,41.6,223383,OK
2026-08-26 03:20:00,19.25,4.71,90.67,217.07,75127,4.17,14.06,6.29,88.40,181.3,100,2715600,42.2,221097,OK
2026-08-26 03:30:00,19.13,4.40,84.17,231.10,70330,4.33,13.95,5.87,81.90,168.3,90,2716200,42.2,221225,OK
2026-08-26 03:40:00,19.16,4.48,85.84,245.41,71471,4.50,13.98,5.99,83.69,171.7,93,2716800,42.4,224079,OK
2026-08-26 03:50:00,19.31,4.86,93.85,261.05,77527,4.67,14.11,6.48,91.50,187.7,100,2717400,43.2,223132,OK
2026-08-26 04:00:00,19.34,4.96,95.93,277.04,79252,4.83,14.15,6.61,93.53,191.9,100,2718000,43.6,219838,OK
2026-08-26 04:10:00,19.22,4.64,89.18,291.90,74193,5.00,14.03,6.20,86.95,178.4,99,2718600,42.5,212643,OK
2026-08-26 04:20:00,19.35,4.97,96.17,307.93,79197,5.17,14.15,6.63,93.77,192.3,100,2719200,43.6,217016,OK
2026-08-26 04:30:00,19.34,4.95,95.73,323.88,78956,5.33,14.14,6.60,93.34,191.5,100,2719800,43.6,221134,OK
2026-08-26 04:40:00,19.47,5.32,103.58,341.15,84843,5.50,14.27,7.08,100.99,207.2,100,2720400,44.0,218452,OK
2026-08-26 04:50:00,19.49,5.37,104.66,358.59,85587,5.67,14.29,7.14,102.04,209.3,100,2721000,44.5,221528,OK
2026-08-26 05:00:00,19.39,5.10,98.89,375.07,81274,5.83,14.19,6.79,96.42,197.8,100,2721600,43.6,222917,OK
2026-08-26 05:10:00,19.40,5.11,99.13,391.59,81601,6.00,14.20,6.81,96.65,198.3,100,2722200,44.0,223437,OK
2026-08-26 05:20:00,19.31,4.88,94.23,407.30,77755,6.17,14.12,6.51,91.87,188.5,100,2722800,42.9,211761,OK
2026-08-26 05:30:00,19.25,4.72,90.86,422.44,75451,6.33,14.06,6.30,88.59,181.7,100,2723400,42.4,214110,OK
2026-08-26 05:40:00,19.33,4.92,95.10,438.29,78566,6.50,14.13,6.56,92.72,190.2,100,2724000,43.6,224727,OK
2026-08-26 05:50:00,19.33,4.93,95.30,454.17,78646,6.67,14.14,6.57,92.92,190.6,100,2724600,42.5,214163,OK
2026-08-26 06:00:00,19.38,5.05,97.87,470.49,80729,6.83,14.18,6.73,95.42,195.7,100,2725200,43.0,224109,OK
2026-08-26 06:10:00,19.41,5.14,99.77,487.11,82068,7.00,14.21,6.85,97.28,199.5,100,2725800,43.2,222680,OK
2026-08-26 06:20:00,19.19,4.57,87.70,501.73,72874,7.17,14.01,6.10,85.51,175.4,96,2726400,41.8,213806,OK
2026-08-26 06:30:00,19.28,4.80,92.54,517.15,76623,7.33,14.09,6.40,90.23,185.1,100,2727000,42.4,224193,OK
2026-08-26 06:40:00,19.14,4.44,84.98,531.32,70866,7.50,13.96,5.93,82.77,170.0,91,2727600,42.2,223686,OK
2026-08-26 06:50:00,19.08,4.29,81.85,544.96,68395,7.67,13.91,5.71,79.48,163.7,86,2728200,42.0,215827,OK
2026-08-26 07:00:00,19.07,4.26,81.24,558.50,67885,7.83,13.90,5.67,78.88,162.5,85,2728800,41.4,215675,OK
2026-08-26 07:10:00,19.03,4.16,79.16,571.69,66484,8.00,13.87,5.53,76.71,158.3,82,2729400,40.9,212737,OK
2026-08-26 07:20:00,19.12,4.38,83.75,585.65,69902,8.17,13.94,5.85,81.49,167.5,89,2730000,41.1,215751,OK
2026-08-26 07:30:00,19.00,4.09,77.71,598.60,65299,8.33,13.84,5.43,75.22,155.4,79,2730600,40.4,221538,OK
2026-08-26 07:40:00,18.92,3.90,73.79,610.90,62392,8.50,13.77,5.17,71.21,147.6,72,2731200,40.0,218623,OK
2026-08-26 07:50:00,18.76,3.57,66.97,622.06,56932,8.67,13.66,4.71,64.29,133.9,61,2731800,39.1,222535,OK
2026-08-26 08:00:00,18.73,3.49,65.37,632.96,55836,8.83,13.63,4.59,62.62,130.7,58,2732400,39.8,221305,OK
2026-08-26 08:10:00,18.60,3.23,60.08,642.97,51697,9.00,13.54,4.23,57.32,120.2,49,2733000,39.1,216449,OK
2026-08-26 08:20:00,18.60,3.25,60.45,653.05,51958,9.17,13.54,4.26,57.67,120.9,50,2733600,38.2,216434,OK
2026-08-26 08:30:00,18.48,3.00,55.44,662.29,48105,9.33,13.46,3.91,52.67,110.9,41,2734200,37.9,218697,OK
2026-08-26 08:40:00,18.39,2.84,52.23,670.99,45385,9.50,13.40,3.69,49.46,104.5,36,2734800,37.3,219666,OK
2026-08-26 08:50:00,18.40,2.87,52.81,679.79,45967,9.67,13.41,3.73,50.06,105.6,37,2735400,37.5,214155,OK
2026-08-26 09:00:00,18.31,2.70,49.44,688.03,43080,9.83,13.35,3.50,46.72,98.9,31,2736000,37.6,214760,OK
2026-08-26 09:10:00,18.02,2.25,40.55,694.79,35906,10.00,13.19,2.88,38.00,81.1,16,2736600,36.2,224708,OK
2026-08-26 09:20:00,17.88,2.04,36.48,700.87,32428,10.17,13.12,2.60,34.07,73.0,35,2737200,36.1,214290,OK
2026-08-26 09:30:00,17.82,1.96,34.93,706.69,31317,10.33,13.09,2.49,32.59,69.9,33,2737800,35.9,218494,OK
2026-08-26 09:40:00,17.62,1.70,29.95,711.69,27071,10.50,13.00,2.14,27.79,59.9,26,2738400,34.4,222557,OK
2026-08-26 09:50:00,17.50,1.56,27.30,716.24,25057,10.67,12.95,1.95,25.28,54.6,23,2739000,34.3,222985,OK
2026-08-26 10:00:00,17.31,1.36,23.54,720.16,21708,10.83,12.88,1.69,21.73,47.1,18,2739600,33.6,217822,OK
2026-08-26 10:10:00,16.96,1.03,17.47,723.07,16683,11.00,12.76,1.26,16.02,34.9,0,2740200,33.3,225399,OK
2026-08-26 10:20:00,16.73,0.85,14.22,725.44,13744,11.17,12.70,1.02,13.00,28.4,0,2740800,33.5,211452,OK
2026-08-26 10:30:00,16.41,0.65,10.67,727.22,10478,11.33,12.63,0.77,9.72,21.3,0,2741400,32.6,221218,OK
2026-08-26 10:40:00,15.98,0.43,6.87,728.36,6924,11.50,12.55,0.50,6.23,13.7,0,2742000,32.0,223203,OK
2026-08-26 10:50:00,15.36,0.22,3.38,728.93,3607,11.50,12.48,0.25,3.06,6.8,0,2742600,31.2,220827,OK
2026-08-26 11:00:00,12.00,0.00,0.00,728.93,23,11.50,12.40,0.00,0.00,0.0,0,2743200,31.2,218132,OK
2026-08-26 11:10:00,12.00,0.00,0.00,728.93,77,11.50,12.40,0.00,0.00,0.0,0,2743800,31.2,211764,OK
2026-08-26 11:20:00,12.00,0.00,0.00,728.93,219,11.50,12.40,0.00,0.00,0.0,0,2744400,31.0,212428,OK
2026-08-26 11:30:00,12.00,0.00,0.00,728.93,6,11.50,12.40,0.00,0.00,0.0,0,2745000,31.6,215100,OK
2026-08-26 11:40:00,12.00,0.00,0.00,728.93,292,11.50,12.40,0.00,0.00,0.0,0,2745600,31.5,215514,OK
2026-08-26 11:50:00,12.00,0.00,0.00,728.93,239,11.50,12.40,0.00,0.00,0.0,0,2746200,31.7,224550,OK
2026-08-26 23:00:00,12.00,0.00,0.00,0.00,133,0.00,12.40,0.00,0.00,0.0,0,2786400,31.8,211212,OK
2026-08-26 23:10:00,15.39,0.22,3.39,0.56,3864,0.00,12.48,0.25,3.06,6.8,0,2787000,31.2,212624,OK
2026-08-26 23:20:00,15.95,0.42,6.70,1.68,6680,0.17,12.55,0.48,6.08,13.4,0,2787600,32.3,221946,OK
2026-08-26 23:30:00,16.46,0.68,11.19,3.55,10869,0.33,12.64,0.81,10.19,22.4,0,2788200,32.8,224632,OK
2026-08-26 23:40:00,16.79,0.90,15.11,6.06,14406,0.50,12.72,1.09,13.83,30.2,0,2788800,33.5,213095,OK
2026-08-26 23:50:00,17.07,1.13,19.29,9.28,18171,0.67,12.80,1.39,17.73,38.6,12,2789400,34.0,216850,OK
2026-08-27 00:00:00,17.30,1.34,23.18,13.14,21680,0.83,12.87,1.66,21.37,46.4,17,2790000,34.2,222258,OK
2026-08-27 00:10:00,17.43,1.49,25.97,17.47,23747,1.00,12.92,1.86,24.02,51.9,21,2790600,34.4,220978,OK
2026-08-27 00:20:00,17.62,1.70,29.95,22.46,27268,1.17,13.00,2.14,27.79,59.9,26,2791200,35.2,216202,OK
2026-08-27 00:30:00,17.74,1.85,32.82,27.93,29631,1.33,13.05,2.34,30.56,65.6,30,2791800,35.7,222444,OK
2026-08-27 00:40:00,17.86,2.01,35.90,33.92,32153,1.50,13.11,2.56,33.53,71.8,34,2792400,35.6,212479,OK
2026-08-27 00:50:00,18.17,2.48,45.06,41.43,39500,1.67,13.27,3.20,42.40,90.1,24,2793000,37.0,213977,OK
2026-08-27 01:00:00,18.13,2.42,43.87,48.74,38565,1.83,13.25,3.11,41.24,87.7,22,2793600,36.8,217734,OK
2026-08-27 01:10:00,18.29,2.66,48.65,56.85,42448,2.00,13.34,3.44,45.93,97.3,30,2794200,36.7,217737,OK
2026-08-27 01:20:00,18.34,2.75,50.44,65.25,44094,2.17,13.37,3.57,47.72,100.9,33,2794800,37.9,213182,OK
2026-08-27 01:30:00,18.54,3.12,57.84,74.89,49830,2.33,13.50,4.08,55.06,115.7,45,2795400,38.5,225102,OK
2026-08-27 01:40:00,18.57,3.17,58.87,84.70,50664,2.50,13.52,4.15,56.10,117.7,47,2796000,39.1,221661,OK
2026-08-27 01:50:00,18.74,3.51,65.78,95.67,56023,2.67,13.64,4.62,63.08,131.6,59,2796600,40.0,217147,OK
2026-08-27 02:00:00,18.76,3.56,66.79,106.80,56990,2.83,13.65,4.69,64.05,133.6,61,2797200,39.8,216877,OK
2026-08-27 02:10:00,18.94,3.96,75.00,119.30,63055,3.00,13.79,5.25,72.45,150.0,75,2797800,40.3,221253,OK
2026-08-27 02:20:00,18.95,3.98,75.42,131.87,63480,3.17,13.80,5.28,72.86,150.8,75,2798400,41.0,217648,OK
2026-08-27 02:30:00,19.04,4.19,79.78,145.17,66826,3.33,13.87,5.58,77.39,159.6,83,2799000,41.5,212457,OK
2026-08-27 02:40:00,19.09,4.31,82.28,158.88,68826,3.50,13.92,5.75,79.98,164.6,87,2799600,41.6,217713,OK
2026-08-27 02:50:00,19.06,4.24,80.81,172.35,67625,3.67,13.89,5.65,78.47,161.6,84,2800200,41.5,222025,OK
2026-08-27 03:00:00,19.07,4.25,81.05,185.86,67772,3.83,13.90,5.66,78.70,162.1,85,2800800,41.7,212537,OK
2026-08-27 03:10:00,19.23,4.67,89.80,200.82,74471,4.00,14.04,6.24,87.55,179.6,100,2801400,43.0,212270,OK
2026-08-27 03:20:00,19.15,4.47,85.60,215.09,71457,4.17,13.97,5.97,83.37,171.2,93,2802000,41.5,212128,OK
2026-08-27 03:30:00,19.14,4.44,84.98,229.25,70806,4.33,13.96,5.93,82.77,170.0,91,2802600,42.1,225423,OK
2026-08-27 03:40:00,19.24,4.70,90.43,244.33,74910,4.50,14.05,6.28,88.17,180.9,100,2803200,42.3,221628,OK
2026-08-27 03:50:00,19.41,5.15,99.96,260.99,82143,4.67,14.21,6.86,97.46,199.9,100,2803800,44.0,217709,OK
2026-08-27 04:00:00,19.37,5.04,97.62,277.25,80468,4.83,14.17,6.72,95.18,195.2,100,2804400,43.0,222262,OK
2026-08-27 04:10:00,19.22,4.64,89.18,292.12,74016,5.00,14.03,6.20,86.95,178.4,99,2805000,42.5,218401,OK
2026-08-27 04:20:00,19.33,4.92,95.10,307.97,78480,5.17,14.13,6.56,92.72,190.2,100,2805600,42.5,220721,OK
2026-08-27 04:30:00,19.29,4.83,93.17,323.50,77173,5.33,14.10,6.44,90.84,186.3,100,2806200,43.4,218451,OK
2026-08-27 04:40:00,19.39,5.10,98.89,339.98,81423,5.50,14.20,6.79,96.42,197.8,100,2806800,43.0,213849,OK
2026-08-27 04:50:00,19.38,5.06,98.06,356.32,80676,5.67,14.18,6.74,95.61,196.1,100,2807400,43.6,223940,OK
2026-08-27 05:00:00,19.40,5.13,99.52,372.91,81830,5.83,14.20,6.83,97.03,199.0,100,2808000,43.4,213790,OK
2026-08-27 05:10:00,19.48,5.35,104.22,390.28,85208,6.00,14.28,7.12,101.61,208.4,100,2808600,43.6,212043,OK
2026-08-27 05:20:00,19.41,5.14,99.77,406.91,82097,6.17,14.21,6.85,97.28,199.5,100,2809200,44.0,218688,OK
2026-08-27 05:30:00,19.46,5.27,102.55,424.00,84222,6.33,14.26,7.01,99.99,205.1,100,2809800,43.9,217766,OK
2026-08-27 05:40:00,19.45,5.26,102.31,441.05,83881,6.50,14.25,7.00,99.75,204.6,100,2810400,44.4,216794,OK
2026-08-27 05:50:00,19.28,4.79,92.35,456.44,76299,6.67,14.08,6.39,90.04,184.7,100,2811000,42.4,218495,OK
2026-08-27 06:00:00,19.36,5.00,96.80,472.57,79775,6.83,14.16,6.67,94.38,193.6,100,2811600,43.9,222876,OK
2026-08-27 06:10:00,19.21,4.62,88.75,487.37,73701,7.00,14.03,6.17,86.53,177.5,98,2812200,42.4,222381,OK
2026-08-27 06:20:00,19.38,5.06,98.06,503.71,80925,7.17,14.18,6.74,95.61,196.1,100,2812800,43.3,224596,OK
2026-08-27 06:30:00,19.25,4.73,91.05,518.88,75368,7.33,14.06,6.31,88.77,182.1,100,2813400,42.3,223484,OK
2026-08-27 06:40:00,19.18,4.52,86.69,533.33,72206,7.50,13.99,6.04,84.52,173.4,94,2814000,42.0,218957,OK
2026-08-27 06:50:00,19.17,4.51,86.46,547.74,71949,7.67,13.99,6.03,84.30,172.9,94,2814600,41.5,218632,OK
2026-08-27 07:00:00,19.20,4.58,87.94,562.40,73158,7.83,14.01,6.12,85.74,175.9,96,2815200,41.9,222863,OK
2026-08-27 07:10:00,19.04,4.20,79.97,575.73,67044,8.00,13.88,5.59,77.57,159.9,83,2815800,40.6,225513,OK
2026-08-27 07:20:00,18.93,3.94,74.58,588.16,62991,8.17,13.79,5.22,72.04,149.2,74,2816400,40.7,217086,OK
2026-08-27 07:30:00,18.90,3.87,73.14,600.35,61985,8.33,13.76,5.13,70.58,146.3,71,2817000,40.0,212371,OK
2026-08-27 07:40:00,18.92,3.91,73.98,612.68,62447,8.50,13.78,5.18,71.39,148.0,73,2817600,40.4,211359,OK
2026-08-27 07:50:00,18.90,3.87,73.14,624.87,61798,8.67,13.76,5.13,70.58,146.3,71,2818200,40.2,215465,OK
2026-08-27 08:00:00,18.79,3.63,68.21,636.24,58178,8.83,13.68,4.79,65.55,136.4,63,2818800,39.5,214178,OK
2026-08-27 08:10:00,18.80,3.64,68.43,647.64,58228,9.00,13.68,4.81,65.76,136.9,63,2819400,40.1,225728,OK
2026-08-27 08:20:00,18.68,3.40,63.51,658.23,54264,9.17,13.60,4.47,60.78,127.0,55,2820000,39.6,211497,OK
2026-08-27 08:30:00,18.62,3.28,61.07,668.41,52273,9.33,13.55,4.30,58.32,122.1,51,2820600,39.3,211494,OK
2026-08-27 08:40:00,18.47,2.98,55.04,677.58,47762,9.50,13.45,3.89,52.29,110.1,41,2821200,38.1,213455,OK
2026-08-27 08:50:00,18.26,2.63,48.02,685.58,41883,9.67,13.32,3.40,45.33,96.0,29,2821800,37.4,218879,OK
2026-08-27 09:00:00,18.28,2.66,48.62,693.69,42489,9.83,13.34,3.44,45.90,97.2,30,2822400,37.6,217014,OK
2026-08-27 09:10:00,18.10,2.37,42.90,700.84,37849,10.00,13.23,3.05,40.33,85.8,20,2823000,36.1,219875,OK
2026-08-27 09:20:00,17.95,2.13,38.23,707.21,34014,10.17,13.15,2.72,35.78,76.5,38,2823600,36.1,225634,OK
2026-08-27 09:30:00,17.80,1.93,34.35,712.93,30972,10.33,13.08,2.45,32.01,68.7,32,2824200,35.2,213240,OK
2026-08-27 09:40:00,17.66,1.75,30.91,718.08,27945,10.50,13.01,2.21,28.72,61.8,28,2824800,35.3,224781,OK
2026-08-27 09:50:00,17.43,1.49,25.97,722.41,23657,10.67,12.92,1.86,24.02,51.9,21,2825400,34.1,218333,OK
2026-08-27 10:00:00,17.26,1.31,22.61,726.18,21021,10.83,12.86,1.62,20.85,45.2,16,2826000,33.8,218713,OK
2026-08-27 10:10:00,16.98,1.05,17.83,729.15,16968,11.00,12.77,1.28,16.37,35.7,0,2826600,33.7,211759,OK
2026-08-27 10:20:00,16.79,0.90,15.11,731.67,14325,11.17,12.72,1.09,13.83,30.2,0,2827200,32.7,218039,OK
2026-08-27 10:30:00,16.37,0.62,10.15,733.36,10085,11.33,12.62,0.73,9.24,20.3,0,2827800,32.7,219279,OK
2026-08-27 10:40:00,16.02,0.44,7.05,734.54,7241,11.50,12.56,0.51,6.39,14.1,0,2828400,32.4,214820,OK
2026-08-27 10:50:00,15.37,0.22,3.38,735.10,3545,11.50,12.48,0.25,3.06,6.8,0,2829000,31.1,220157,OK
2026-08-27 11:00:00,12.00,0.00,0.00,735.10,8,11.50,12.40,0.00,0.00,0.0,0,2829600,31.7,214638,OK
2026-08-27 11:10:00,12.00,0.00,0.00,735.10,185,11.50,12.40,0.00,0.00,0.0,0,2830200,31.3,215474,OK
2026-08-27 11:20:00,12.00,0.00,0.00,735.10,253,11.50,12.40,0.00,0.00,0.0,0,2830800,30.8,222771,OK
2026-08-27 11:30:00,12.00,0.00,0.00,735.10,270,11.50,12.40,0.00,0.00,0.0,0,2831400,30.7,225980,OK
2026-08-27 11:40:00,12.00,0.00,0.00,735.10,30,11.50,12.40,0.00,0.00,0.0,0,2832000,31.1,213665,OK
2026-08-27 11:50:00,12.00,0.00,0.00,735.10,206,11.50,12.40,0.00,0.00,0.0,0,2832600,30.8,222739,OK
2026-08-27 23:00:00,12.00,0.00,0.00,0.00,47,0.00,12.40,0.00,0.00,0.0,0,2872800,30.8,218035,OK
2026-08-27 23:10:00,15.33,0.21,3.22,0.54,3466,0.00,12.47,0.23,2.91,6.4,0,2873400,31.5,224325,OK
2026-08-27 23:20:00,15.98,0.43,6.87,1.68,7018,0.17,12.55,0.50,6.23,13.7,0,2874000,32.6,222526,OK
2026-08-27 23:30:00,16.44,0.66,10.85,3.49,10714,0.33,12.63,0.78,9.88,21.7,0,2874600,32.8,212477,OK
2026-08-27 23:40:00,16.80,0.91,15.29,6.04,14675,0.50,12.72,1.10,13.99,30.6,0,2875200,33.2,216970,OK
2026-08-27 23:50:00,17.10,1.15,19.66,9.31,18478,0.67,12.81,1.41,18.07,39.3,12,2875800,33.9,221422,OK
2026-08-28 00:00:00,17.35,1.40,24.29,13.36,22348,0.83,12.89,1.74,22.42,48.6,19,2876400,34.7,224477,OK
2026-08-28 00:10:00,17.50,1.56,27.30,17.91,25026,1.00,12.95,1.95,25.28,54.6,23,2877000,34.2,215864,OK
2026-08-28 00:20:00,17.72,1.83,32.43,23.32,29353,1.17,13.04,2.31,30.16,64.9,30,2877600,34.8,211693,OK
2026-08-28 00:30:00,17.85,2.00,35.70,29.27,31975,1.33,13.10,2.54,33.31,71.4,34,2878200,35.2,211132,OK
2026-08-28 00:40:00,17.86,2.01,35.90,35.25,32139,1.50,13.11,2.56,33.53,71.8,34,2878800,35.1,225287,OK
2026-08-28 00:50:00,18.04,2.27,40.95,42.08,36205,1.67,13.20,2.91,38.41,81.9,17,2879400,36.6,225406,OK
2026-08-28 01:00:00,18.16,2.45,44.49,49.49,39133,1.83,13.26,3.16,41.87,89.0,23,2880000,36.8,223974,OK
2026-08-28 01:10:00,18.22,2.56,46.64,57.26,40977,2.00,13.30,3.31,43.98,93.3,26,2880600,37.5,213536,OK
2026-08-28 01:20:00,18.35,2.77,50.83,65.74,44467,2.17,13.38,3.59,48.09,101.7,33,2881200,37.7,217646,OK
2026-08-28 01:30:00,18.46,2.98,55.01,74.91,47407,2.33,13.45,3.89,52.26,110.0,41,2881800,38.3,217697,OK
2026-08-28 01:40:00,18.70,3.44,64.33,85.63,54821,2.50,13.61,4.52,61.56,128.7,56,2882400,38.9,212175,OK
2026-08-28 01:50:00,18.75,3.54,66.38,96.69,56543,2.67,13.65,4.66,63.66,132.8,60,2883000,39.5,218804,OK
2026-08-28 02:00:00,18.77,3.59,67.38,107.92,57447,2.83,13.66,4.73,64.68,134.8,62,2883600,39.1,216531,OK
2026-08-28 02:10:00,18.78,3.62,67.98,119.25,57774,3.00,13.67,4.77,65.26,136.0,63,2884200,39.7,217268,OK
2026-08-28 02:20:00,18.99,4.07,77.29,132.13,64869,3.17,13.83,5.41,74.82,154.6,78,2884800,40.7,225047,OK
2026-08-28 02:30:00,18.89,3.84,72.54,144.22,61237,3.33,13.75,5.09,69.93,145.1,70,2885400,40.5,222531,OK
2026-08-28 02:40:00,18.96,4.00,75.84,156.86,64004,3.50,13.81,5.31,73.34,151.7,76,2886000,40.1,215063,OK
2026-08-28 02:50:00,19.01,4.13,78.51,169.95,66009,3.67,13.85,5.49,76.08,157.0,80,2886600,41.2,212605,OK
2026-08-28 03:00:00,19.15,4.46,85.41,184.18,71202,3.83,13.97,5.95,83.19,170.8,92,2887200,42.4,216097,OK
2026-08-28 03:10:00,19.20,4.59,88.13,198.87,73157,4.00,14.01,6.13,85.93,176.3,97,2887800,41.9,213306,OK
2026-08-28 03:20:00,19.25,4.72,90.86,214.01,75392,4.17,14.06,6.30,88.59,181.7,100,2888400,43.1,217534,OK
2026-08-28 03:30:00,19.21,4.61,88.56,228.77,73589,4.33,14.02,6.16,86.35,177.1,98,2889000,42.1,225694,OK
2026-08-28 03:40:00,19.22,4.64,89.18,243.64,74121,4.50,14.03,6.20,86.95,178.4,99,2889600,42.3,221491,OK
2026-08-28 03:50:00,19.34,4.95,95.73,259.59,79068,4.67,14.14,6.60,93.34,191.5,100,2890200,43.4,212962,OK
2026-08-28 04:00:00,19.31,4.88,94.23,275.30,77677,4.83,14.12,6.51,91.87,188.5,100,2890800,43.4,213863,OK
2026-08-28 04:10:00,19.29,4.83,93.17,290.82,77087,5.00,14.10,6.44,90.84,186.3,100,2891400,43.1,225962,OK
2026-08-28 04:20:00,19.39,5.08,98.50,307.24,81212,5.17,14.19,6.77,96.04,197.0,100,2892000,43.0,218137,OK
2026-08-28 04:30:00,19.26,4.73,91.10,322.43,75626,5.33,14.06,6.32,88.82,182.2,100,2892600,42.3,212810,OK
2026-08-28 04:40:00,19.46,5.27,102.55,339.52,84187,5.50,14.26,7.01,99.99,205.1,100,2893200,44.3,220076,OK
2026-08-28 04:50:00,19.39,5.10,98.89,356.00,81389,5.67,14.19,6.79,96.42,197.8,100,2893800,43.0,213289,OK
2026-08-28 05:00:00,19.46,5.28,102.75,373.12,84260,5.83,14.26,7.03,100.18,205.5,100,2894400,44.2,220884,OK
2026-08-28 05:10:00,19.48,5.34,104.02,390.46,85259,6.00,14.28,7.10,101.42,208.0,100,2895000,44.8,216494,OK
2026-08-28 05:20:00,19.46,5.28,102.75,407.58,84082,6.17,14.26,7.03,100.18,205.5,100,2895600,43.6,223707,OK
2026-08-28 05:30:00,19.32,4.91,94.86,423.39,78309,6.33,14.13,6.55,92.49,189.7,100,2896200,43.4,216015,OK
2026-08-28 05:40:00,19.29,4.82,92.98,438.89,76897,6.50,14.10,6.43,90.66,186.0,100,2896800,42.9,214760,OK
2026-08-28 05:50:00,19.40,5.12,99.33,455.45,81803,6.67,14.20,6.82,96.85,198.7,100,2897400,43.0,215732,OK
2026-08-28 06:00:00,19.31,4.87,94.04,471.12,77702,6.83,14.11,6.50,91.69,188.1,100,2898000,43.2,215829,OK
2026-08-28 06:10:00,19.31,4.89,94.43,486.86,77817,7.00,14.12,6.52,92.07,188.9,100,2898600,42.6,215345,OK
2026-08-28 06:20:00,19.30,4.84,93.41,502.43,77455,7.17,14.10,6.46,91.07,186.8,100,2899200,43.4,215392,OK
2026-08-28 06:30:00,19.25,4.70,90.48,517.51,75200,7.33,14.06,6.27,88.22,181.0,100,2899800,42.7,212034,OK
2026-08-28 06:40:00,19.09,4.32,82.47,531.25,69154,7.50,13.92,5.76,80.16,164.9,87,2900400,41.5,222467,OK
2026-08-28 06:50:00,19.26,4.74,91.29,546.47,75779,7.67,14.07,6.33,89.01,182.6,100,2901000,42.5,212704,OK
2026-08-28 07:00:00,19.14,4.44,84.98,560.63,70982,7.83,13.96,5.93,82.77,170.0,91,2901600,42.1,224453,OK
2026-08-28 07:10:00,19.00,4.11,78.09,573.64,65668,8.00,13.85,5.46,75.59,156.2,80,2902200,41.3,222823,OK
2026-08-28 07:20:00,19.09,4.31,82.28,587.36,68755,8.17,13.92,5.75,79.98,164.6,87,2902800,41.0,225779,OK
2026-08-28 07:30:00,18.96,4.00,75.84,600.00,63762,8.33,13.81,5.31,73.34,151.7,76,2903400,40.7,221376,OK
2026-08-28 07:40:00,19.01,4.12,78.32,613.05,65591,8.50,13.85,5.48,75.89,156.6,80,2904000,41.1,220309,OK
2026-08-28 07:50:00,18.88,3.82,72.12,625.07,60968,8.67,13.74,5.06,69.52,144.2,70,2904600,40.1,214686,OK
2026-08-28 08:00:00,18.84,3.74,70.46,636.81,59776,8.83,13.72,4.94,67.78,140.9,67,2905200,40.6,215791,OK
2026-08-28 08:10:00,18.76,3.55,66.60,647.91,56719,9.00,13.65,4.68,63.87,133.2,60,2905800,38.9,216386,OK
2026-08-28 08:20:00,18.53,3.11,57.63,657.52,49581,9.17,13.49,4.07,54.86,115.3,45,2906400,38.4,221286,OK
2026-08-28 08:30:00,18.47,3.00,55.41,666.75,48020,9.33,13.45,3.91,52.64,110.8,41,2907000,38.1,220681,OK
2026-08-28 08:40:00,18.46,2.98,55.01,675.92,47568,9.50,13.45,3.89,52.26,110.0,41,2907600,38.0,211558,OK
2026-08-28 08:50:00,18.26,2.61,47.66,683.87,41825,9.67,13.32,3.38,44.99,95.3,28,2908200,36.7,218799,OK
2026-08-28 09:00:00,18.23,2.58,47.03,691.71,41221,9.83,13.31,3.33,44.35,94.1,27,2908800,37.5,218483,OK
2026-08-28 09:10:00,18.04,2.26,40.77,698.50,36190,10.00,13.20,2.90,38.24,81.5,16,2909400,36.5,219663,OK
2026-08-28 09:20:00,17.94,2.13,38.21,704.87,34125,10.17,13.15,2.72,35.73,76.4,38,2910000,36.0,222579,OK
2026-08-28 09:30:00,17.88,2.04,36.48,710.95,32681,10.33,13.12,2.60,34.07,73.0,35,2910600,35.7,213801,OK
2026-08-28 09:40:00,17.60,1.68,29.57,715.88,26904,10.50,12.99,2.11,27.44,59.1,26,2911200,35.2,223557,OK
2026-08-28 09:50:00,17.44,1.50,26.16,720.24,23815,10.67,12.93,1.87,24.20,52.3,21,2911800,34.5,217146,OK
2026-08-28 10:00:00,17.31,1.36,23.54,724.16,21739,10.83,12.88,1.69,21.73,47.1,18,2912400,34.7,215945,OK
2026-08-28 10:10:00,16.99,1.06,18.01,727.16,16992,11.00,12.77,1.29,16.53,36.0,10,2913000,33.5,220157,OK
2026-08-28 10:20:00,16.81,0.92,15.47,729.74,14725,11.17,12.72,1.11,14.16,30.9,0,2913600,32.6,217178,OK
2026-08-28 10:30:00,16.46,0.67,11.03,731.58,10819,11.33,12.64,0.80,10.05,22.1,0,2914200,32.3,224634,OK
2026-08-28 10:40:00,16.00,0.44,7.04,732.75,7237,11.50,12.55,0.51,6.39,14.1,0,2914800,31.6,225684,OK
2026-08-28 10:50:00,15.37,0.22,3.38,733.32,3542,11.50,12.48,0.25,3.06,6.8,0,2915400,32.0,216020,OK
2026-08-28 11:00:00,12.00,0.00,0.00,733.32,27,11.50,12.40,0.00,0.00,0.0,0,2916000,31.0,217163,OK
2026-08-28 11:10:00,12.00,0.00,0.00,733.32,254,11.50,12.40,0.00,0.00,0.0,0,2916600,31.5,216341,OK
2026-08-28 11:20:00,12.00,0.00,0.00,733.32,56,11.50,12.40,0.00,0.00,0.0,0,2917200,31.1,213962,OK
2026-08-28 11:30:00,12.00,0.00,0.00,733.32,176,11.50,12.40,0.00,0.00,0.0,0,2917800,31.5,223765,OK
2026-08-28 11:40:00,12.00,0.00,0.00,733.32,233,11.50,12.40,0.00,0.00,0.0,0,2918400,31.7,211267,OK
2026-08-28 11:50:00,12.00,0.00,0.00,733.32,92,11.50,12.40,0.00,0.00,0.0,0,2919000,31.3,217592,OK
2026-08-28 23:00:00,12.00,0.00,0.00,0.00,282,0.00,12.40,0.00,0.00,0.0,0,2959200,30.9,213472,OK
2026-08-28 23:10:00,15.37,0.22,3.38,0.56,3623,0.00,12.48,0.25,3.06,6.8,0,2959800,31.6,211258,OK
2026-08-28 23:20:00,16.07,0.47,7.55,1.82,7650,0.17,12.57,0.55,6.86,15.1,0,2960400,32.3,219395,OK
2026-08-28 23:30:00,16.50,0.70,11.55,3.75,11130,0.33,12.65,0.83,10.53,23.1,0,2961000,32.7,213096,OK
2026-08-28 23:40:00,16.82,0.92,15.47,6.32,14705,0.50,12.72,1.11,14.16,30.9,0,2961600,33.6,221256,OK
2026-08-28 23:50:00,16.97,1.04,17.65,9.27,16888,0.67,12.77,1.27,16.19,35.3,0,2962200,33.9,217008,OK
2026-08-29 00:00:00,17.25,1.30,22.43,13.00,20899,0.83,12.86,1.61,20.68,44.9,16,2962800,33.8,223879,OK
2026-08-29 00:10:00,17.42,1.48,25.78,17.30,23562,1.00,12.92,1.85,23.85,51.6,21,2963400,33.9,214041,OK
2026-08-29 00:20:00,17.70,1.80,31.86,22.61,28836,1.17,13.03,2.27,29.63,63.7,29,2964000,34.9,223665,OK
2026-08-29 00:30:00,17.80,1.94,34.53,28.37,31102,1.33,13.08,2.46,32.18,69.1,33,2964600,35.1,221304,OK
2026-08-29 00:40:00,17.89,2.05,36.67,34.48,32868,1.50,13.12,2.61,34.25,73.3,35,2965200,35.2,213637,OK
2026-08-29 00:50:00,18.12,2.39,43.31,41.70,38170,1.67,13.24,3.07,40.71,86.6,21,2965800,36.5,218655,OK
2026-08-29 01:00:00,18.17,2.48,45.06,49.21,39688,1.83,13.27,3.20,42.40,90.1,24,2966400,36.5,221945,OK
2026-08-29 01:10:00,18.32,2.72,49.83,57.51,43323,2.00,13.36,3.52,47.09,99.7,32,2967000,37.8,222641,OK
2026-08-29 01:20:00,18.48,3.00,55.44,66.75,48134,2.17,13.46,3.91,52.67,110.9,41,2967600,38.0,221835,OK
2026-08-29 01:30:00,18.51,3.06,56.64,76.19,48850,2.33,13.48,4.00,53.86,113.3,43,2968200,38.4,224272,OK
2026-08-29 01:40:00,18.59,3.21,59.67,86.14,51347,2.50,13.53,4.21,56.93,119.3,48,2968800,38.3,220045,OK
2026-08-29 01:50:00,18.60,3.23,60.08,96.15,51600,2.67,13.54,4.23,57.32,120.2,49,2969400,38.5,220939,OK
2026-08-29 02:00:00,18.82,3.69,69.45,107.72,58958,2.83,13.70,4.88,66.81,138.9,65,2970000,40.3,223845,OK
2026-08-29 02:10:00,18.83,3.71,69.86,119.37,59328,3.00,13.70,4.91,67.21,139.7,66,2970600,40.0,211071,OK
2026-08-29 02:20:00,18.90,3.87,73.14,131.56,61873,3.17,13.76,5.13,70.58,146.3,71,2971200,40.8,215638,OK
2026-08-29 02:30:00,19.03,4.18,79.55,144.82,66868,3.33,13.87,5.56,77.16,159.1,82,2971800,41.5,211392,OK
2026-08-29 02:40:00,18.93,3.93,74.39,157.22,62751,3.50,13.78,5.21,71.79,148.8,73,2972400,40.7,218738,OK
2026-08-29 02:50:00,19.12,4.38,83.75,171.17,70028,3.67,13.94,5.85,81.49,167.5,89,2973000,41.7,213564,OK
2026-08-29 03:00:00,19.01,4.12,78.32,184.23,65709,3.83,13.85,5.48,75.89,156.6,80,2973600,41.1,212994,OK
2026-08-29 03:10:00,19.24,4.69,90.24,199.27,74728,4.00,14.05,6.26,87.98,180.5,100,2974200,42.5,222893,OK
2026-08-29 03:20:00,19.13,4.42,84.55,213.36,70427,4.17,13.96,5.90,82.35,169.1,91,2974800,41.7,224507,OK
2026-08-29 03:30:00,19.32,4.90,94.67,229.14,78231,4.33,14.12,6.54,92.30,189.3,100,2975400,43.4,219232,OK
2026-08-29 03:40:00,19.37,5.03,97.43,245.38,80241,4.50,14.17,6.70,94.99,194.9,100,2976000,43.9,223712,OK
2026-08-29 03:50:00,19.19,4.55,87.31,259.93,72510,4.67,14.00,6.08,85.13,174.6,95,2976600,42.6,217891,OK
2026-08-29 04:00:00,19.39,5.09,98.70,276.38,81284,4.83,14.19,6.78,96.23,197.4,100,2977200,43.3,223179,OK
2026-08-29 04:10:00,19.35,4.98,96.36,292.44,79515,5.00,14.15,6.64,93.95,192.7,100,2977800,43.6,222880,OK
2026-08-29 04:20:00,19.39,5.10,98.89,308.92,81219,5.17,14.19,6.79,96.42,197.8,100,2978400,44.0,222535,OK
2026-08-29 04:30:00,19.28,4.79,92.35,324.31,76338,5.33,14.09,6.39,90.04,184.7,100,2979000,43.2,219138,OK
2026-08-29 04:40:00,19.46,5.27,102.55,341.40,84007,5.50,14.26,7.01,99.99,205.1,100,2979600,44.4,217999,OK
2026-08-29 04:50:00,19.41,5.13,99.57,358.00,81874,5.67,14.21,6.83,97.08,199.1,100,2980200,43.3,224603,OK
2026-08-29 05:00:00,19.42,5.18,100.60,374.76,82572,5.83,14.22,6.90,98.08,201.2,100,2980800,44.1,221757,OK
2026-08-29 05:10:00,19.33,4.94,95.49,390.68,78779,6.00,14.14,6.58,93.10,191.0,100,2981400,43.0,212467,OK
2026-08-29 05:20:00,19.26,4.74,91.29,405.89,75494,6.17,14.07,6.33,89.01,182.6,100,2982000,42.9,219505,OK
2026-08-29 05:30:00,19.30,4.86,93.80,421.53,77489,6.33,14.11,6.48,91.45,187.6,100,2982600,42.9,217945,OK
2026-08-29 05:40:00,19.35,4.99,96.56,437.62,79731,6.50,14.16,6.65,94.15,193.1,100,2983200,43.0,218189,OK
2026-08-29 05:50:00,19.37,5.04,97.62,453.89,80376,6.67,14.17,6.72,95.18,195.2,100,2983800,42.8,222349,OK
2026-08-29 06:00:00,19.42,5.18,100.60,470.66,82581,6.83,14.22,6.90,98.08,201.2,100,2984400,43.4,215629,OK
2026-08-29 06:10:00,19.21,4.62,88.75,485.45,73592,7.00,14.02,6.17,86.53,177.5,98,2985000,42.1,223276,OK
2026-08-29 06:20:00,19.28,4.79,92.35,500.84,76470,7.17,14.09,6.39,90.04,184.7,100,2985600,43.2,215538,OK
2026-08-29 06:30:00,19.22,4.63,88.99,515.67,73824,7.33,14.03,6.18,86.77,178.0,98,2986200,42.5,222213,OK
2026-08-29 06:40:00,19.30,4.86,93.80,531.30,77389,7.50,14.11,6.48,91.45,187.6,100,2986800,42.9,212990,OK
2026-08-29 06:50:00,19.14,4.43,84.79,545.44,70771,7.67,13.96,5.92,82.59,169.6,91,2987400,42.3,212298,OK
2026-08-29 07:00:00,19.08,4.28,81.66,559.05,68353,7.83,13.91,5.70,79.29,163.3,86,2988000,40.9,217483,OK
2026-08-29 07:10:00,19.16,4.48,85.84,573.35,71519,8.00,13.98,5.99,83.69,171.7,93,2988600,42.2,213866,OK
2026-08-29 07:20:00,19.10,4.34,82.89,587.17,69330,8.17,13.93,5.78,80.57,165.8,88,2989200,41.4,213952,OK
2026-08-29 07:30:00,19.04,4.20,79.97,600.50,66907,8.33,13.88,5.59,77.57,159.9,83,2989800,41.1,213925,OK
2026-08-29 07:40:00,18.99,4.06,77.10,613.35,65009,8.50,13.83,5.40,74.63,154.2,78,2990400,40.7,213373,OK
2026-08-29 07:50:00,18.73,3.51,65.74,624.30,55951,8.67,13.63,4.62,62.98,131.5,59,2991000,39.1,214511,OK
2026-08-29 08:00:00,18.74,3.53,66.15,635.33,56277,8.83,13.64,4.65,63.44,132.3,59,2991600,39.8,211445,OK
2026-08-29 08:10:00,18.74,3.53,66.15,646.35,56295,9.00,13.64,4.65,63.44,132.3,59,2992200,39.0,217485,OK
2026-08-29 08:20:00,18.70,3.43,64.14,657.04,54616,9.17,13.61,4.51,61.38,128.3,56,2992800,39.1,217982,OK
2026-08-29 08:30:00,18.62,3.29,61.26,667.25,52463,9.33,13.56,4.31,58.50,122.5,51,2993400,39.3,220426,OK
2026-08-29 08:40:00,18.43,2.92,53.82,676.22,46803,9.50,13.43,3.80,51.08,107.6,38,2994000,38.3,222319,OK
2026-08-29 08:50:00,18.27,2.63,48.05,684.23,41943,9.67,13.33,3.40,45.36,96.1,29,2994600,37.2,214547,OK
2026-08-29 09:00:00,18.15,2.44,44.29,691.61,39003,9.83,13.26,3.14,41.68,88.6,22,2995200,36.8,215965,OK
2026-08-29 09:10:00,18.04,2.27,40.95,698.44,36291,10.00,13.20,2.91,38.41,81.9,17,2995800,36.6,222836,OK
2026-08-29 09:20:00,17.93,2.11,37.83,704.74,33651,10.17,13.14,2.69,35.37,75.7,37,2996400,35.9,221219,OK
2026-08-29 09:30:00,17.77,1.90,33.76,710.37,30300,10.33,13.07,2.41,31.46,67.5,31,2997000,36.0,225006,OK
2026-08-29 09:40:00,17.60,1.68,29.57,715.30,26868,10.50,12.99,2.11,27.44,59.1,26,2997600,34.6,211031,OK
2026-08-29 09:50:00,17.40,1.46,25.40,719.53,23405,10.67,12.91,1.82,23.47,50.8,20,2998200,35.0,215206,OK
2026-08-29 10:00:00,17.33,1.38,23.92,723.52,21990,10.83,12.89,1.71,22.08,47.8,18,2998800,34.5,214765,OK
2026-08-29 10:10:00,17.01,1.07,18.20,726.55,17187,11.00,12.78,1.31,16.71,36.4,10,2999400,33.8,214331,OK
2026-08-29 10:20:00,16.70,0.83,13.86,728.86,13335,11.17,12.69,1.00,12.67,27.7,0,3000000,33.0,218502,OK
2026-08-29 10:30:00,16.40,0.64,10.50,730.61,10178,11.33,12.62,0.76,9.57,21.0,0,3000600,32.3,223959,OK
2026-08-29 10:40:00,16.02,0.44,7.05,731.79,7126,11.50,12.56,0.51,6.39,14.1,0,3001200,32.1,225649,OK
2026-08-29 10:50:00,15.40,0.23,3.54,732.38,3860,11.50,12.48,0.26,3.20,7.1,0,3001800,32.0,221110,OK
2026-08-29 11:00:00,12.00,0.00,0.00,732.38,115,11.50,12.40,0.00,0.00,0.0,0,3002400,31.7,214016,OK
2026-08-29 11:10:00,12.00,0.00,0.00,732.38,75,11.50,12.40,0.00,0.00,0.0,0,3003000,31.1,218934,OK
2026-08-29 11:20:00,12.00,0.00,0.00,732.38,106,11.50,12.40,0.00,0.00,0.0,0,3003600,31.6,216090,OK
2026-08-29 11:30:00,12.00,0.00,0.00,732.38,10,11.50,12.40,0.00,0.00,0.0,0,3004200,30.8,224820,OK
2026-08-29 11:40:00,12.00,0.00,0.00,732.38,89,11.50,12.40,0.00,0.00,0.0,0,3004800,31.1,211151,OK
2026-08-29 11:50:00,12.00,0.00,0.00,732.38,228,11.50,12.40,0.00,0.00,0.0,0,3005400,31.6,214351,OK
2026-08-29 23:00:00,12.00,0.00,0.00,0.00,139,0.00,12.40,0.00,0.00,0.0,0,3045600,30.9,220966,OK
2026-08-29 23:10:00,15.36,0.22,3.38,0.56,3724,0.00,12.48,0.25,3.06,6.8,0,3046200,31.6,222890,OK
2026-08-29 23:20:00,16.07,0.47,7.55,1.82,7659,0.17,12.57,0.55,6.86,15.1,0,3046800,31.9,218885,OK
2026-08-29 23:30:00,16.50,0.70,11.55,3.75,11267,0.33,12.65,0.83,10.53,23.1,0,3047400,32.5,217963,OK
2026-08-29 23:40:00,16.76,0.88,14.75,6.21,13982,0.50,12.71,1.06,13.50,29.5,0,3048000,33.5,211817,OK
2026-08-29 23:50:00,17.10,1.15,19.66,9.48,18641,0.67,12.81,1.41,18.07,39.3,12,3048600,33.4,225756,OK
2026-08-30 00:00:00,17.22,1.27,21.87,13.13,20224,0.83,12.85,1.57,20.14,43.7,15,3049200,34.0,218028,OK
2026-08-30 00:10:00,17.55,1.61,28.26,17.84,25758,1.00,12.97,2.02,26.20,56.5,24,3049800,34.7,218811,OK
2026-08-30 00:20:00,17.70,1.80,31.86,23.15,28921,1.17,13.03,2.27,29.63,63.7,29,3050400,35.0,220189,OK
2026-08-30 00:30:00,17.77,1.89,33.59,28.74,30190,1.33,13.06,2.39,31.27,67.2,31,3051000,35.9,211794,OK
2026-08-30 00:40:00,17.87,2.03,36.28,34.79,32488,1.50,13.11,2.59,33.89,72.6,35,3051600,35.8,213768,OK
2026-08-30 00:50:00,18.16,2.46,44.67,42.24,39478,1.67,13.27,3.17,42.03,89.3,23,3052200,37.1,218878,OK
2026-08-30 01:00:00,18.19,2.50,45.48,49.82,40037,1.83,13.28,3.23,42.84,91.0,24,3052800,36.4,217222,OK
2026-08-30 01:10:00,18.32,2.73,50.01,58.15,43651,2.00,13.36,3.54,47.31,100.0,32,3053400,37.2,224301,OK
2026-08-30 01:20:00,18.34,2.77,50.80,66.62,44057,2.17,13.37,3.59,48.06,101.6,33,3054000,37.7,225009,OK
2026-08-30 01:30:00,18.49,3.02,55.84,75.92,48157,2.33,13.46,3.94,53.05,111.7,42,3054600,38.1,221469,OK
2026-08-30 01:40:00,18.71,3.46,64.74,86.72,55289,2.50,13.62,4.55,62.02,129.5,57,3055200,39.8,225385,OK
2026-08-30 01:50:00,18.61,3.25,60.48,96.80,51985,2.67,13.55,4.26,57.70,121.0,50,3055800,38.3,211635,OK
2026-08-30 02:00:00,18.74,3.53,66.15,107.82,56361,2.83,13.64,4.65,63.44,132.3,59,3056400,39.3,223558,OK
2026-08-30 02:10:00,18.94,3.97,75.19,120.35,63434,3.00,13.80,5.26,72.63,150.4,75,3057000,40.5,212476,OK
2026-08-30 02:20:00,18.81,3.68,69.22,131.89,58839,3.17,13.70,4.86,66.52,138.4,65,3057600,40.3,218538,OK
2026-08-30 02:30:00,19.06,4.23,80.62,145.33,67451,3.33,13.89,5.64,78.28,161.2,84,3058200,41.6,216484,OK
2026-08-30 02:40:00,18.94,3.97,75.19,157.86,63461,3.50,13.80,5.26,72.63,150.4,75,3058800,40.3,211063,OK
2026-08-30 02:50:00,18.97,4.03,76.45,170.60,64215,3.67,13.82,5.35,73.93,152.9,77,3059400,40.5,224350,OK
2026-08-30 03:00:00,19.06,4.24,80.81,184.07,67637,3.83,13.89,5.65,78.47,161.6,84,3060000,41.7,220017,OK
2026-08-30 03:10:00,19.08,4.29,81.85,197.71,68383,4.00,13.91,5.71,79.48,163.7,86,3060600,41.8,217094,OK
2026-08-30 03:20:00,19.15,4.47,85.60,211.98,71247,4.17,13.97,5.97,83.46,171.2,93,3061200,41.3,220236,OK
2026-08-30 03:30:00,19.15,4.45,85.22,226.18,71092,4.33,13.97,5.94,83.00,170.4,92,3061800,42.1,224484,OK
2026-08-30 03:40:00,19.25,4.71,90.67,241.29,75180,4.50,14.06,6.29,88.40,181.3,100,3062400,42.2,217519,OK
2026-08-30 03:50:00,19.23,4.67,89.80,256.26,74415,4.67,14.04,6.24,87.55,179.6,100,3063000,41.9,218306,OK
2026-08-30 04:00:00,19.21,4.61,88.56,271.02,73421,4.83,14.02,6.16,86.35,177.1,98,3063600,42.8,213504,OK
2026-08-30 04:10:00,19.25,4.72,90.86,286.16,75183,5.00,14.06,6.30,88.59,181.7,100,3064200,42.6,218685,OK
2026-08-30 04:20:00,19.32,4.89,94.47,301.90,77989,5.17,14.12,6.52,92.11,188.9,100,3064800,42.7,212742,OK
2026-08-30 04:30:00,19.35,4.99,96.56,318.00,79620,5.33,14.16,6.65,94.15,193.1,100,3065400,42.9,212286,OK
2026-08-30 04:40:00,19.35,4.99,96.56,334.09,79618,5.50,14.15,6.65,94.15,193.1,100,3066000,42.7,219567,OK
2026-08-30 04:50:00,19.32,4.91,94.86,349.90,78401,5.67,14.13,6.55,92.49,189.7,100,3066600,42.8,223460,OK
2026-08-30 05:00:00,19.36,5.00,96.80,366.04,79879,5.83,14.16,6.67,94.38,193.6,100,3067200,43.3,221258,OK
2026-08-30 05:10:00,19.44,5.22,101.48,382.95,83296,6.00,14.24,6.95,98.94,203.0,100,3067800,43.9,216364,OK
2026-08-30 05:20:00,19.27,4.77,91.92,398.27,76046,6.17,14.08,6.37,89.62,183.8,100,3068400,43.0,215885,OK
2026-08-30 05:30:00,19.45,5.27,102.50,415.35,84020,6.33,14.25,7.01,99.94,205.0,100,3069000,44.3,223356,OK
2026-08-30 05:40:00,19.38,5.07,98.26,431.73,80968,6.50,14.19,6.75,95.80,196.5,100,3069600,43.9,218950,OK
2026-08-30 05:50:00,19.29,4.81,92.78,447.19,76672,6.67,14.09,6.42,90.46,185.6,100,3070200,42.7,212132,OK
2026-08-30 06:00:00,19.36,5.01,96.99,463.36,79848,6.83,14.16,6.68,94.57,194.0,100,3070800,42.8,219528,OK
2026-08-30 06:10:00,19.27,4.76,91.73,478.65,75903,7.00,14.07,6.36,89.44,183.5,100,3071400,43.2,220658,OK
2026-08-30 06:20:00,19.23,4.66,89.61,493.58,74388,7.17,14.04,6.22,87.37,179.2,99,3072000,42.7,221983,OK
2026-08-30 06:30:00,19.15,4.45,85.22,507.78,71240,7.33,13.97,5.94,83.00,170.4,92,3072600,41.7,217149,OK
2026-08-30 06:40:00,19.23,4.67,89.80,522.75,74396,7.50,14.04,6.24,87.55,179.6,100,3073200,42.2,219806,OK
2026-08-30 06:50:00,19.20,4.60,88.32,537.47,73442,7.67,14.02,6.14,86.11,176.6,97,3073800,42.3,225410,OK
2026-08-30 07:00:00,19.20,4.59,88.13,552.16,73192,7.83,14.02,6.13,85.93,176.3,97,3074400,42.3,218237,OK
2026-08-30 07:10:00,19.18,4.54,87.08,566.67,72603,8.00,14.00,6.06,84.90,174.2,95,3075000,42.6,211411,OK
2026-08-30 07:20:00,18.96,4.01,76.03,579.34,63855,8.17,13.81,5.32,73.52,152.1,76,3075600,40.1,225286,OK
2026-08-30 07:30:00,18.94,3.96,75.00,591.84,63080,8.33,13.79,5.25,72.45,150.0,75,3076200,40.0,218274,OK
2026-08-30 07:40:00,18.97,4.02,76.26,604.55,64305,8.50,13.81,5.34,73.74,152.5,77,3076800,40.5,211609,OK
2026-08-30 07:50:00,18.88,3.83,72.31,616.60,60973,8.67,13.75,5.07,69.71,144.6,70,3077400,40.1,216659,OK
2026-08-30 08:00:00,18.71,3.47,64.92,627.42,55234,8.83,13.62,4.57,62.19,129.8,57,3078000,39.3,225928,OK
2026-08-30 08:10:00,18.75,3.54,66.38,638.49,56685,9.00,13.65,4.66,63.66,132.8,60,3078600,39.5,217520,OK
2026-08-30 08:20:00,18.67,3.37,62.92,648.97,53831,9.17,13.59,4.43,60.15,125.8,54,3079200,38.7,212245,OK
2026-08-30 08:30:00,18.45,2.95,54.43,658.05,47210,9.33,13.44,3.84,51.65,108.9,40,3079800,38.1,216553,OK
2026-08-30 08:40:00,18.37,2.80,51.44,666.62,44683,9.50,13.39,3.64,48.71,102.9,34,3080400,37.7,220111,OK
2026-08-30 08:50:00,18.38,2.82,51.83,675.26,45080,9.67,13.39,3.67,49.08,103.7,35,3081000,37.2,215115,OK
2026-08-30 09:00:00,18.29,2.67,48.83,683.40,42765,9.83,13.34,3.46,46.14,97.7,30,3081600,37.9,219988,OK
2026-08-30 09:10:00,18.00,2.21,39.78,690.03,35226,10.00,13.18,2.83,37.27,79.6,40,3082200,36.7,223966,OK
2026-08-30 09:20:00,17.95,2.13,38.23,696.40,34015,10.17,13.15,2.72,35.78,76.5,38,3082800,35.4,219125,OK
2026-08-30 09:30:00,17.73,1.85,32.80,701.87,29436,10.33,13.05,2.34,30.54,65.6,30,3083400,35.4,221214,OK
2026-08-30 09:40:00,17.64,1.73,30.52,706.95,27766,10.50,13.01,2.18,28.35,61.0,27,3084000,34.8,219179,OK
2026-08-30 09:50:00,17.52,1.58,27.68,711.57,25306,10.67,12.96,1.98,25.63,55.4,23,3084600,34.4,223566,OK
2026-08-30 10:00:00,17.26,1.30,22.44,715.31,20782,10.83,12.86,1.61,20.69,44.9,16,3085200,34.0,224139,OK
2026-08-30 10:10:00,16.99,1.06,18.01,718.31,17151,11.00,12.77,1.29,16.53,36.0,10,3085800,33.8,214264,OK
2026-08-30 10:20:00,16.75,0.87,14.57,720.74,14074,11.17,12.71,1.05,13.33,29.1,0,3086400,33.0,211768,OK
2026-08-30 10:30:00,16.44,0.66,10.85,722.54,10687,11.33,12.63,0.78,9.88,21.7,0,3087000,32.0,214989,OK
2026-08-30 10:40:00,16.07,0.47,7.55,723.80,7534,11.50,12.56,0.55,6.86,15.1,0,3087600,32.5,220019,OK
2026-08-30 10:50:00,15.33,0.21,3.22,724.34,3588,11.50,12.47,0.23,2.91,6.4,0,3088200,31.9,215527,OK
2026-08-30 11:00:00,12.00,0.00,0.00,724.34,21,11.50,12.40,0.00,0.00,0.0,0,3088800,31.0,225868,OK
2026-08-30 11:10:00,12.00,0.00,0.00,724.34,182,11.50,12.40,0.00,0.00,0.0,0,3089400,31.6,215800,OK
2026-08-30 11:20:00,12.00,0.00,0.00,724.34,26,11.50,12.40,0.00,0.00,0.0,0,3090000,31.2,215493,OK
2026-08-30 11:30:00,12.00,0.00,0.00,724.34,72,11.50,12.40,0.00,0.00,0.0,0,3090600,31.5,222001,OK
2026-08-30 11:40:00,12.00,0.00,0.00,724.34,196,11.50,12.40,0.00,0.00,0.0,0,3091200,31.2,217119,OK
2026-08-30 11:50:00,12.00,0.00,0.00,724.34,268,11.50,12.40,0.00,0.00,0.0,0,3091800,30.6,217291,OK
2026-08-30 23:00:00,12.00,0.00,0.00,0.00,59,0.00,12.40,0.00,0.00,0.0,0,3132000,31.5,213750,OK
2026-08-30 23:10:00,15.35,0.21,3.22,0.54,3558,0.00,12.48,0.23,2.91,6.4,0,3132600,31.3,214452,OK
2026-08-30 23:20:00,15.97,0.43,6.87,1.68,6798,0.17,12.55,0.50,6.23,13.7,0,3133200,31.5,221396,OK
2026-08-30 23:30:00,16.48,0.69,11.37,3.58,11259,0.33,12.64,0.82,10.36,22.7,0,3133800,32.1,222015,OK
2026-08-30 23:40:00,16.81,0.92,15.47,6.15,14618,0.50,12.72,1.11,14.16,30.9,0,3134400,33.6,224728,OK
2026-08-30 23:50:00,17.04,1.10,18.74,9.28,17657,0.67,12.79,1.34,17.20,37.5,11,3135000,33.6,221447,OK
2026-08-31 00:00:00,17.24,1.28,22.07,12.96,20667,0.83,12.85,1.58,20.33,44.1,16,3135600,34.5,216140,OK
2026-08-31 00:10:00,17.48,1.54,26.92,17.44,24557,1.00,12.94,1.93,24.93,53.8,22,3136200,34.5,223608,OK
2026-08-31 00:20:00,17.61,1.70,29.94,22.43,27284,1.17,13.00,2.14,27.78,59.9,26,3136800,35.5,212224,OK
2026-08-31 00:30:00,17.81,1.94,34.55,28.19,31137,1.33,13.08,2.46,32.20,69.1,33,3137400,35.7,224711,OK
2026-08-31 00:40:00,17.92,2.09,37.45,34.43,33471,1.50,13.14,2.67,35.02,74.9,37,3138000,35.7,221725,OK
2026-08-31 00:50:00,17.99,2.20,39.58,41.03,35136,1.67,13.17,2.82,37.09,79.2,39,3138600,36.4,216401,OK
2026-08-31 01:00:00,18.16,2.46,44.67,48.47,39297,1.83,13.26,3.17,42.03,89.3,23,3139200,37.3,225659,OK
2026-08-31 01:10:00,18.33,2.74,50.22,56.84,43867,2.00,13.36,3.56,47.51,100.4,32,3139800,37.3,216791,OK
2026-08-31 01:20:00,18.45,2.96,54.61,65.95,47167,2.17,13.44,3.86,51.82,109.2,40,3140400,38.4,211292,OK
2026-08-31 01:30:00,18.45,2.96,54.61,75.05,47476,2.33,13.44,3.86,51.82,109.2,40,3141000,38.5,222255,OK
2026-08-31 01:40:00,18.57,3.19,59.24,84.92,50999,2.50,13.52,4.18,56.46,118.5,48,3141600,38.1,219749,OK
2026-08-31 01:50:00,18.74,3.52,65.96,95.91,56150,2.67,13.64,4.64,63.26,131.9,59,3142200,39.5,212258,OK
2026-08-31 02:00:00,18.72,3.48,65.15,106.77,55428,2.83,13.62,4.58,62.41,130.3,58,3142800,38.8,213784,OK
2026-08-31 02:10:00,18.87,3.80,71.71,118.72,60671,3.00,13.74,5.03,69.06,143.4,69,3143400,40.1,218990,OK
2026-08-31 02:20:00,18.90,3.86,72.95,130.88,61566,3.17,13.76,5.11,70.32,145.9,71,3144000,40.8,216677,OK
2026-08-31 02:30:00,18.96,4.01,76.03,143.56,64100,3.33,13.81,5.32,73.52,152.1,76,3144600,40.5,211573,OK
2026-08-31 02:40:00,18.94,3.96,75.00,156.06,63205,3.50,13.80,5.25,72.45,150.0,75,3145200,41.1,218832,OK
2026-08-31 02:50:00,19.06,4.25,81.00,169.56,67916,3.67,13.89,5.66,78.65,162.0,85,3145800,41.5,222630,OK
2026-08-31 03:00:00,19.02,4.13,78.55,182.65,65848,3.83,13.85,5.50,76.11,157.1,81,3146400,40.5,212919,OK
2026-08-31 03:10:00,19.14,4.44,84.98,196.81,70819,4.00,13.96,5.93,82.77,170.0,91,3147000,42.4,212488,OK
2026-08-31 03:20:00,19.27,4.76,91.73,212.10,75962,4.17,14.07,6.36,89.44,183.5,100,3147600,42.3,215817,OK
2026-08-31 03:30:00,19.34,4.96,95.93,228.09,79136,4.33,14.14,6.61,93.53,191.9,100,3148200,43.7,221537,OK
2026-08-31 03:40:00,19.36,5.00,96.80,244.22,79886,4.50,14.16,6.67,94.38,193.6,100,3148800,43.2,213337,OK
2026-08-31 03:50:00,19.41,5.15,99.96,260.88,82278,4.67,14.21,6.86,97.46,199.9,100,3149400,44.0,214986,OK
2026-08-31 04:00:00,19.34,4.95,95.73,276.83,79097,4.83,14.14,6.60,93.34,191.5,100,3150000,43.5,214175,OK
2026-08-31 04:10:00,19.36,5.00,96.80,292.97,79837,5.00,14.16,6.67,94.38,193.6,100,3150600,42.7,219276,OK
2026-08-31 04:20:00,19.36,5.01,96.99,309.13,79893,5.17,14.16,6.68,94.57,194.0,100,3151200,43.4,225314,OK
2026-08-31 04:30:00,19.33,4.91,94.91,324.95,78329,5.33,14.13,6.55,92.54,189.8,100,3151800,43.0,212207,OK
2026-08-31 04:40:00,19.31,4.86,93.85,340.59,77644,5.50,14.11,6.48,91.50,187.7,100,3152400,42.7,215132,OK
2026-08-31 04:50:00,19.40,5.13,99.52,357.18,81861,5.67,14.20,6.83,97.03,199.0,100,3153000,43.7,219901,OK
2026-08-31 05:00:00,19.32,4.91,94.86,372.99,78331,5.83,14.13,6.55,92.49,189.7,100,3153600,43.4,225840,OK
2026-08-31 05:10:00,19.36,5.01,96.99,389.15,79752,6.00,14.16,6.68,94.57,194.0,100,3154200,43.4,213129,OK
2026-08-31 05:20:00,19.46,5.28,102.75,406.28,84145,6.17,14.26,7.03,100.18,205.5,100,3154800,44.4,215718,OK
2026-08-31 05:30:00,19.30,4.85,93.60,421.88,77353,6.33,14.11,6.47,91.26,187.2,100,3155400,42.5,213564,OK
2026-08-31 05:40:00,19.33,4.93,95.30,437.76,78493,6.50,14.13,6.58,92.92,190.6,100,3156000,42.8,216774,OK
2026-08-31 05:50:00,19.28,4.79,92.35,453.15,76254,6.67,14.08,6.39,90.04,184.7,100,3156600,42.4,217605,OK
2026-08-31 06:00:00,19.42,5.19,100.79,469.95,82780,6.83,14.22,6.91,98.27,201.6,100,3157200,43.6,224954,OK
2026-08-31 06:10:00,19.18,4.53,86.89,484.44,72388,7.00,14.00,6.05,84.72,173.8,95,3157800,42.0,216459,OK
2026-08-31 06:20:00,19.32,4.89,94.47,500.18,77971,7.17,14.12,6.52,92.11,188.9,100,3158400,43.6,223473,OK
2026-08-31 06:30:00,19.25,4.70,90.48,515.26,75006,7.33,14.05,6.28,88.22,181.0,100,3159000,42.4,222484,OK
2026-08-31 06:40:00,19.16,4.49,86.03,529.60,71639,7.50,13.98,6.00,83.88,172.1,93,3159600,42.4,212446,OK
2026-08-31 06:50:00,19.14,4.43,84.79,543.73,70688,7.67,13.96,5.92,82.59,169.6,91,3160200,41.9,224258,OK
2026-08-31 07:00:00,19.19,4.57,87.70,558.35,72908,7.83,14.01,6.10,85.51,175.4,96,3160800,41.6,224776,OK
2026-08-31 07:10:00,19.08,4.28,81.66,571.96,68244,8.00,13.90,5.70,79.29,163.3,86,3161400,41.1,221555,OK
2026-08-31 07:20:00,19.09,4.32,82.47,585.70,68855,8.17,13.92,5.76,80.16,164.9,87,3162000,42.0,212954,OK
2026-08-31 07:30:00,19.00,4.09,77.71,598.65,65294,8.33,13.84,5.43,75.22,155.4,79,3162600,40.9,225820,OK
2026-08-31 07:40:00,18.96,4.00,75.84,611.29,63848,8.50,13.81,5.31,73.34,151.7,76,3163200,41.3,213861,OK
2026-08-31 07:50:00,18.80,3.66,68.81,622.76,58257,8.67,13.69,4.83,66.13,137.6,64,3163800,39.4,223873,OK
2026-08-31 08:00:00,18.83,3.71,69.86,634.41,59313,8.83,13.71,4.90,67.21,139.7,66,3164400,40.5,225445,OK
2026-08-31 08:10:00,18.63,3.31,61.67,644.68,52919,9.00,13.56,4.34,58.89,123.3,52,3165000,38.9,224937,OK
2026-08-31 08:20:00,18.64,3.32,61.88,655.00,52865,9.17,13.57,4.36,59.10,123.8,52,3165600,38.7,214346,OK
2026-08-31 08:30:00,18.53,3.11,57.63,664.60,49529,9.33,13.49,4.07,54.86,115.3,45,3166200,38.5,224719,OK
2026-08-31 08:40:00,18.35,2.77,50.83,673.07,44152,9.50,13.38,3.59,48.09,101.7,33,3166800,37.2,214916,OK
2026-08-31 08:50:00,18.24,2.59,47.24,680.95,41374,9.67,13.31,3.35,44.55,94.5,27,3167400,36.8,212555,OK
2026-08-31 09:00:00,18.28,2.66,48.62,689.05,42569,9.83,13.34,3.44,45.90,97.2,30,3168000,36.8,219704,OK
2026-08-31 09:10:00,18.04,2.27,40.95,695.88,36117,10.00,13.20,2.91,38.41,81.9,17,3168600,36.3,221591,OK
2026-08-31 09:20:00,17.86,2.02,36.08,701.89,32225,10.17,13.11,2.57,33.70,72.2,35,3169200,35.1,220146,OK
2026-08-31 09:30:00,17.73,1.84,32.62,707.33,29370,10.33,13.05,2.33,30.37,65.2,30,3169800,35.0,211823,OK
2026-08-31 09:40:00,17.64,1.72,30.34,712.38,27498,10.50,13.01,2.17,28.19,60.7,27,3170400,35.5,213569,OK
2026-08-31 09:50:00,17.55,1.62,28.43,717.12,25957,10.67,12.97,2.03,26.35,56.9,24,3171000,35.3,211826,OK
2026-08-31 10:00:00,17.29,1.33,23.00,720.95,21338,10.83,12.87,1.65,21.21,46.0,17,3171600,33.9,217350,OK
2026-08-31 10:10:00,17.01,1.07,18.20,723.99,17265,11.00,12.78,1.31,16.71,36.4,10,3172200,33.8,213268,OK
2026-08-31 10:20:00,16.83,0.93,15.65,726.60,14914,11.17,12.73,1.12,14.32,31.3,0,3172800,33.5,214818,OK
2026-08-31 10:30:00,16.37,0.62,10.15,728.29,9992,11.33,12.62,0.73,9.24,20.3,0,3173400,32.4,223310,OK
2026-08-31 10:40:00,15.99,0.43,6.88,729.43,6996,11.50,12.55,0.50,6.24,13.8,0,3174000,32.2,216335,OK
2026-08-31 10:50:00,15.42,0.23,3.55,730.03,3833,11.50,12.48,0.26,3.21,7.1,0,3174600,32.1,219495,OK
2026-08-31 11:00:00,12.00,0.00,0.00,730.03,251,11.50,12.40,0.00,0.00,0.0,0,3175200,31.2,218591,OK
2026-08-31 11:10:00,12.00,0.00,0.00,730.03,177,11.50,12.40,0.00,0.00,0.0,0,3175800,31.3,218758,OK
2026-08-31 11:20:00,12.00,0.00,0.00,730.03,282,11.50,12.40,0.00,0.00,0.0,0,3176400,31.1,218914,OK
2026-08-31 11:30:00,12.00,0.00,0.00,730.03,169,11.50,12.40,0.00,0.00,0.0,0,3177000,30.7,211340,OK
2026-08-31 11:40:00,12.00,0.00,0.00,730.03,235,11.50,12.40,0.00,0.00,0.0,0,3177600,31.4,213786,OK
2026-08-31 11:50:00,12.00,0.00,0.00,730.03,8,11.50,12.40,0.00,0.00,0.0,0,3178200,31.1,222839,OK